-- ============================================================
-- Local-dev seed. Runs automatically after migrations on
-- `supabase db reset`. NEVER applied to prod (Supabase ignores
-- supabase/seed.sql for remote pushes).
--
-- Login: admin@local.test / password
--
-- Stores / vendors / inventory_items below are PULLED FROM PROD
-- via read-only SELECT queries against the linked Supabase project,
-- formatted via Postgres `format('%L', ...)`. Vendor PII fields
-- (contact_name, phone, email) are masked with non-real
-- placeholders before being written to this file. Audit-log entries
-- at the bottom are still synthetic — they reference text item names
-- (no FK to inventory_items), so they keep working.
-- ============================================================

-- ─── admin user ──────────────────────────────────────────
-- gotrue's Go scanner cannot read NULL for the *_token columns even
-- though the columns are nullable. Setting them to '' (empty string)
-- avoids "Database error querying schema" on /token requests.
do $$
declare
  admin_id constant uuid := '11111111-1111-1111-1111-111111111111';
begin
  insert into auth.users (
    id, instance_id, aud, role,
    email, encrypted_password,
    email_confirmed_at, created_at, updated_at,
    raw_app_meta_data, raw_user_meta_data,
    is_super_admin, is_anonymous,
    confirmation_token, recovery_token,
    email_change_token_new, email_change,
    email_change_token_current, phone_change,
    phone_change_token, reauthentication_token
  ) values (
    admin_id,
    '00000000-0000-0000-0000-000000000000',
    'authenticated', 'authenticated',
    'admin@local.test',
    crypt('password', gen_salt('bf')),
    now(), now(), now(),
    jsonb_build_object(
      'provider', 'email',
      'providers', array['email'],
      'role', 'admin'
    ),
    '{}'::jsonb,
    false, false,
    '', '', '', '', '', '', '', ''
  )
  on conflict (id) do nothing;

  insert into auth.identities (
    id, user_id, provider_id, identity_data, provider,
    last_sign_in_at, created_at, updated_at
  ) values (
    gen_random_uuid(), admin_id, admin_id::text,
    jsonb_build_object('sub', admin_id::text, 'email', 'admin@local.test', 'email_verified', true),
    'email', now(), now(), now()
  )
  on conflict (provider_id, provider) do nothing;

  -- brand_id required since spec 012a: admin-role profiles must be
  -- scoped to a brand (CHECK profiles_role_brand_consistent). Local
  -- admin lives in the seed 2AM PROJECT brand.
  insert into public.profiles (id, name, role, initials, color, status, brand_id)
  values (admin_id, 'Local Admin', 'admin', 'LA', '#378ADD', 'active',
          '2a000000-0000-0000-0000-000000000001')
  on conflict (id) do nothing;
end $$;

-- ─── manager user (regular role, Towson + Frederick only) ─
-- Login: manager@local.test / password
-- Use this account to verify what a non-admin actually sees:
-- store dropdown limited to assigned stores, no admin nav,
-- profiles RLS hides other users' rows.
do $$
declare
  manager_id constant uuid := '22222222-2222-2222-2222-222222222222';
begin
  insert into auth.users (
    id, instance_id, aud, role,
    email, encrypted_password,
    email_confirmed_at, created_at, updated_at,
    raw_app_meta_data, raw_user_meta_data,
    is_super_admin, is_anonymous,
    confirmation_token, recovery_token,
    email_change_token_new, email_change,
    email_change_token_current, phone_change,
    phone_change_token, reauthentication_token
  ) values (
    manager_id,
    '00000000-0000-0000-0000-000000000000',
    'authenticated', 'authenticated',
    'manager@local.test',
    crypt('password', gen_salt('bf')),
    now(), now(), now(),
    jsonb_build_object('provider', 'email', 'providers', array['email'], 'role', 'user'),
    '{}'::jsonb,
    false, false,
    '', '', '', '', '', '', '', ''
  )
  on conflict (id) do nothing;

  insert into auth.identities (
    id, user_id, provider_id, identity_data, provider,
    last_sign_in_at, created_at, updated_at
  ) values (
    gen_random_uuid(), manager_id, manager_id::text,
    jsonb_build_object('sub', manager_id::text, 'email', 'manager@local.test', 'email_verified', true),
    'email', now(), now(), now()
  )
  on conflict (provider_id, provider) do nothing;

  -- brand_id is unconstrained for 'user' role per spec 012a, but we set
  -- it to the seed brand anyway so cross-brand store assignment via
  -- user_stores doesn't trip the user_stores_brand_match trigger.
  insert into public.profiles (id, name, role, initials, color, status, brand_id)
  values (manager_id, 'Tara Manager', 'user', 'TM', '#E0853B', 'active',
          '2a000000-0000-0000-0000-000000000001')
  on conflict (id) do nothing;
end $$;

-- ─── master user (master role, all stores) ────────────────
-- Login: master@local.test / password
-- master and admin share the same RLS bypass via
-- `auth.jwt() -> 'app_metadata' ->> 'role' IN ('admin','master')`.
-- Useful for testing any UI that special-cases role='master'.
do $$
declare
  master_id constant uuid := '33333333-3333-3333-3333-333333333333';
begin
  insert into auth.users (
    id, instance_id, aud, role,
    email, encrypted_password,
    email_confirmed_at, created_at, updated_at,
    raw_app_meta_data, raw_user_meta_data,
    is_super_admin, is_anonymous,
    confirmation_token, recovery_token,
    email_change_token_new, email_change,
    email_change_token_current, phone_change,
    phone_change_token, reauthentication_token
  ) values (
    master_id,
    '00000000-0000-0000-0000-000000000000',
    'authenticated', 'authenticated',
    'master@local.test',
    crypt('password', gen_salt('bf')),
    now(), now(), now(),
    jsonb_build_object('provider', 'email', 'providers', array['email'], 'role', 'master'),
    '{}'::jsonb,
    false, false,
    '', '', '', '', '', '', '', ''
  )
  on conflict (id) do nothing;

  insert into auth.identities (
    id, user_id, provider_id, identity_data, provider,
    last_sign_in_at, created_at, updated_at
  ) values (
    gen_random_uuid(), master_id, master_id::text,
    jsonb_build_object('sub', master_id::text, 'email', 'master@local.test', 'email_verified', true),
    'email', now(), now(), now()
  )
  on conflict (provider_id, provider) do nothing;

  -- 'master' is admin-equivalent and must have a brand_id per
  -- profiles_role_brand_consistent (see migration 20260509000000).
  insert into public.profiles (id, name, role, initials, color, status, brand_id)
  values (master_id, 'Mae Master', 'master', 'MM', '#7A4FCF', 'active',
          '2a000000-0000-0000-0000-000000000001')
  on conflict (id) do nothing;
end $$;

-- ─── stores (4, brand-scoped) ───────────────────────────
-- Brand row is inserted by migration 20260504060452_brand_catalog_p1_additive,
-- so it already exists when this seed runs.
insert into public.stores (id, brand_id, name, address, status, eod_deadline_time) values
  ('1ea549bb-8b50-4078-9301-479311d9fdec', '2a000000-0000-0000-0000-000000000001', 'Charles', '2018 N Charles St, Baltimore, MD 21218', 'active', '22:00'),
  ('0f240390-edda-4b25-8c72-45eeb2ce1988', '2a000000-0000-0000-0000-000000000001', 'Frederick', '2339 Frederick Ave, Baltimore, MD 21223', 'active', '22:00'),
  ('298e092c-3f6e-4626-a569-54fb8e72f649', '2a000000-0000-0000-0000-000000000001', 'Reisters', '7000 Reisterstown, Baltimore, MD 21215', 'active', '22:00'),
  ('00000000-0000-0000-0000-000000000001', '2a000000-0000-0000-0000-000000000001', 'Towson', '1234 York Rd, Towson MD 21204', 'active', '22:00')
on conflict (id) do update set brand_id = excluded.brand_id, name = excluded.name, address = excluded.address;

-- Drop the synthetic Baltimore store that init_schema seeds.
delete from public.stores where id = '00000000-0000-0000-0000-000000000002';

-- ─── store-access grants ─────────────────────────────────
-- Admin + master: all 4 stores. Manager: Towson + Frederick only.
insert into public.user_stores (user_id, store_id)
select u.user_id, s.id
from (values
  ('11111111-1111-1111-1111-111111111111'::uuid),
  ('33333333-3333-3333-3333-333333333333'::uuid)
) as u(user_id), public.stores s
on conflict do nothing;

insert into public.user_stores (user_id, store_id) values
  ('22222222-2222-2222-2222-222222222222', '00000000-0000-0000-0000-000000000001'),
  ('22222222-2222-2222-2222-222222222222', '0f240390-edda-4b25-8c72-45eeb2ce1988')
on conflict do nothing;

-- ─── vendors (11, brand-scoped, PII masked) ────────────
insert into public.vendors (id, brand_id, name, contact_name, phone, email, account_number, lead_time_days, categories, delivery_days, order_cutoff_time) values
  ('b1ee724a-8626-45ab-85d4-14a99e7cbc45', '2a000000-0000-0000-0000-000000000001', 'BJs', 'Vendor Contact', '555-0000', 'vendor@example.com', '', '1', '{}', '{}', '14:00'),
  ('ffcdf7bd-e6c9-4a32-bf77-ed95f84dee6d', '2a000000-0000-0000-0000-000000000001', 'COSTCO', 'Vendor Contact', '555-0000', 'vendor@example.com', '', '1', '{}', '{}', '14:00'),
  ('d26926e6-e8e4-4b2a-8dd8-737571eae415', '2a000000-0000-0000-0000-000000000001', 'GOLDEN CITY (CHINESE DISTRIBUTOR)', 'Vendor Contact', '555-0000', 'vendor@example.com', '', '1', '{}', '{}', '19:00'),
  ('6c499200-6bda-4b74-8dd3-8c7d6d619ecb', '2a000000-0000-0000-0000-000000000001', 'H&S BAKERY', 'Vendor Contact', '555-0000', 'vendor@example.com', '', '1', '{}', '{}', NULL),
  ('137f2d47-45dd-4ed7-bb29-9bfb9a6a00e9', '2a000000-0000-0000-0000-000000000001', 'LEOPARD (SEAFOOD)', 'Vendor Contact', '555-0000', 'vendor@example.com', '', '2', '{}', '{}', '19:00'),
  ('67b0d204-5e27-439a-bc06-3675444b3388', '2a000000-0000-0000-0000-000000000001', 'RESTAURANT DEPOT', 'Vendor Contact', '555-0000', 'vendor@example.com', '', '1', '{}', '{}', '13:00'),
  ('81b34949-1fde-4237-9411-052cb8daaec9', '2a000000-0000-0000-0000-000000000001', 'SAMS CLUB', 'Vendor Contact', '555-0000', 'vendor@example.com', '', '1', '{}', '{}', '14:00'),
  ('2ad3b369-d39d-443e-b291-48088cd63d08', '2a000000-0000-0000-0000-000000000001', 'SYSCO', 'Vendor Contact', '555-0000', 'vendor@example.com', '', '2', '{}', '{}', '15:00'),
  ('02dff3a5-e7b9-42ec-ba6d-0b3bc4bb6f99', '2a000000-0000-0000-0000-000000000001', 'TAI TRADING COMPANY (TOGO-CONTAINER)', 'Vendor Contact', '555-0000', 'vendor@example.com', '', '1', '{}', '{}', '19:00'),
  ('023cba00-1b67-4218-a906-cb18a8e62964', '2a000000-0000-0000-0000-000000000001', 'US FOOD', 'Vendor Contact', '555-0000', 'vendor@example.com', '', '2', '{}', '{}', '15:00'),
  ('d5e3adcc-61d0-4401-a391-542170496ad3', '2a000000-0000-0000-0000-000000000001', 'WEBSTAURANT', 'Vendor Contact', '555-0000', 'vendor@example.com', '', '3', '{}', '{}', '19:00')
on conflict (id) do nothing;

-- ─── recipe_categories ──────────────────────────────────
-- 9 recipe_categories
insert into public.recipe_categories (id, name) values
  ('83fb2f89-6520-4d5a-afab-2166c053b5c4', 'Appetizer'),
  ('79d39a79-0499-442e-b298-3998553461f9', 'Desserts'),
  ('7e0eb0a9-0217-48e6-9186-17e29a766171', 'Drinks'),
  ('909e4645-64b7-4d2a-920d-fb1375091963', 'Fries Basket'),
  ('38ab7c54-96ae-496d-86b7-c6b8d279d7af', 'Gyro'),
  ('4ee4c1c4-0d5e-4280-aafc-d311f3b837e8', 'Mains'),
  ('d9adb94a-227e-4fec-b254-f98c5792125c', 'Over Rice Platters'),
  ('06815da4-5e02-492f-a9af-41454c7798c5', 'Salads'),
  ('a9eaa517-5249-4e8c-b7a8-f19fb13a5bc3', 'Sandwiches & Burgers')
on conflict (id) do nothing;

-- ─── ingredient_categories ──────────────────────────────
-- 11 ingredient_categories
insert into public.ingredient_categories (id, name) values
  ('87c7859f-66b3-4c21-adbd-55f6e1520b6e', 'Appetizer'),
  ('8e174a76-b9f6-4093-988a-0578e5746a20', 'Bread'),
  ('2761d800-065d-41ee-8628-d99ff8328299', 'Cleaning Supplies'),
  ('26f24097-8513-406b-b3e4-e1ffcb59ed39', 'Condiments'),
  ('1fde8129-b3a1-45aa-b5d8-31e5460f81b9', 'Dairy & Sauce'),
  ('52ebaf8c-0c80-4dcb-9833-e5c4d01208e2', 'Desserts'),
  ('99292d77-c8e0-4e47-8041-bfff16d2d261', 'Drinks'),
  ('37d89173-1689-410f-9023-3963fb18a72f', 'Dry goods'),
  ('f3a26c18-af61-4cd5-bb88-d23c95eb9ece', 'Protein'),
  ('315376e5-b4c6-4d01-afdd-ca79c0381e7b', 'Seafood'),
  ('99a35700-7fad-4841-b360-b9a7ca329df5', 'Vegetable & Produce')
on conflict (id) do nothing;

-- ─── brands ─────────────────────────────────────────────
insert into public.brands (id, name) values
  ('2a000000-0000-0000-0000-000000000001', '2AM PROJECT')
on conflict (id) do nothing;

-- ─── catalog_ingredients (143, brand-shared) ──────────
insert into public.catalog_ingredients (id, brand_id, name, unit, category, case_qty, sub_unit_size, sub_unit_unit, default_cost, default_case_price) values
  ('33ce4244-d170-459f-9180-0e96870a2964', '2a000000-0000-0000-0000-000000000001', '#1 Togo Box', 'each', 'Dry goods', '450', '1', 'each', '0.11', '50'),
  ('9d6d98d7-2c04-4d04-af68-e5820b65f474', '2a000000-0000-0000-0000-000000000001', '#3 Togo Box', 'each', 'Dry goods', '200', '1', 'each', '0.20', '39'),
  ('e55173f3-1c47-4fcb-be56-b0e716fb02ae', '2a000000-0000-0000-0000-000000000001', '#8 Togo Box', 'each', 'Protein', '300', '1', 'each', '0.14', '43'),
  ('ac061cac-05ec-499f-9707-cd1ffcadd3b5', '2a000000-0000-0000-0000-000000000001', '1/8 Brown Paper Bag', 'cases', 'Dry goods', '1', '500', 'each', '0.10000000000000000000', '50'),
  ('69bfd90a-4535-41d7-a1fc-b11ccde77d65', '2a000000-0000-0000-0000-000000000001', '12LB Brown Paper Bag', 'cases', 'Dry goods', '1', '500', 'each', '0.04400000000000000000', '22'),
  ('a3f2b936-07f8-4bdd-bfe8-e8030424d19a', '2a000000-0000-0000-0000-000000000001', '16oz Fries Cup', 'cases', 'Protein', '1', '500', 'each', '0.10698000000000000000', '53.49'),
  ('26182be6-0835-4d0b-bd33-6fdddfd86475', '2a000000-0000-0000-0000-000000000001', '16oz Soup Cup w/ Lid', 'cases', 'Dry goods', '1', '250', 'each', '0.20000000000000000000', '50'),
  ('dd243931-b4e4-4d4d-9bdb-20f0319bf61a', '2a000000-0000-0000-0000-000000000001', '2oz Cup w/ Lid', 'cases', 'Dry goods', '1', '2000', 'each', '0.01650000000000000000', '33'),
  ('782ba85b-539a-4142-831b-8f95a6aaa7af', '2a000000-0000-0000-0000-000000000001', '3.25oz Cup w/ Lid', 'cases', 'Dry goods', '1', '2000', '', '0.02450000000000000000', '49'),
  ('f373b8c4-539e-42d6-9462-65ca8e217b8a', '2a000000-0000-0000-0000-000000000001', '4LB Brown Paper Bag', 'cases', 'Dry goods', '1', '400', '', '0.03750000000000000000', '15'),
  ('dc9ed6bc-6e26-4d3e-a99b-0615a614dcd6', '2a000000-0000-0000-0000-000000000001', '8oz Cup w/ Lid', 'cases', 'Dry goods', '250', '1', 'each', '0.18', '44.5'),
  ('918c892d-85b0-4aae-b5b4-1be7ff2e5235', '2a000000-0000-0000-0000-000000000001', 'Aluminum Foil 12" x 10 3/4"', 'cases', 'Protein', '2400', '1', 'each', '0.04', '86.99'),
  ('a08bacbd-2776-4193-afc5-56e468a4143c', '2a000000-0000-0000-0000-000000000001', 'American Cheese', 'cases', 'Dairy & Sauce', '4', '5', 'lbs', '2.7260000000000000', '54.52'),
  ('e23fceba-a06a-469e-b3d2-b72d850454fa', '2a000000-0000-0000-0000-000000000001', 'Banana Pudding', 'each', 'Desserts', '8', '5', 'oz', '0.51000000000000000000', '20.41'),
  ('eadfaf2c-b74f-437b-a6ac-89c73114426f', '2a000000-0000-0000-0000-000000000001', 'Basmatic Rice', 'bags', 'Condiments', '1', '40', 'lbs', '1.5795000000000000', '63.18'),
  ('df58f173-3706-4f44-b0f6-a335e47e6f55', '2a000000-0000-0000-0000-000000000001', 'BBQ Sauce', 'cases', 'Produce', '4', '1', 'gal', '15.50', '62.01'),
  ('bff793b6-9562-4273-8d3c-78d5de8bc9a4', '2a000000-0000-0000-0000-000000000001', 'Black Glove (For Workers)', 'bags', 'Cleaning Supplies', '10', '100', 'each', '0.05000000000000000000', '50'),
  ('bf54f8dd-43c1-4f21-bb4e-374963f7a301', '2a000000-0000-0000-0000-000000000001', 'Black Pepper', 'each', 'Protein', '1', '5', 'lbs', '8.4000000000000000', '42'),
  ('7efd5415-60c1-43bf-828d-3b885c5303f7', '2a000000-0000-0000-0000-000000000001', 'Black Togo Container 6" x 6" (Burger)', 'each', 'Dry goods', '250', '1', 'each', '0.10', '25'),
  ('5764257b-e8a4-4e62-8cc0-a2293762203c', '2a000000-0000-0000-0000-000000000001', 'Black Togo Platter 9" x 6" (Rice Container)', 'each', 'Dry goods', '150', '1', 'each', '0.17', '25.49'),
  ('9a0d9074-282d-4190-a804-5c3ba87f1690', '2a000000-0000-0000-0000-000000000001', 'Bleach', 'each', 'Cleaning Supplies', '6', '1', 'gal', '3.33', '20'),
  ('ca22a93c-7059-42e8-9101-aae2e4946fd4', '2a000000-0000-0000-0000-000000000001', 'Blue Cheese', 'cases', 'Dairy', '4', '1', 'gal', '22.43', '89.72'),
  ('6eee1bdc-fd68-471b-a1b5-2f2b39c08e28', '2a000000-0000-0000-0000-000000000001', 'Brioche Bun 4”', 'each', 'Bread', '12', '1', 'each', '0.44', '5.3'),
  ('649d2897-67af-4d52-9157-0a43d1a8a8ea', '2a000000-0000-0000-0000-000000000001', 'Broccoli', 'cases', 'Vegetable & Produce', '1', '15', 'lbs', '2.1333333333333333', '32'),
  ('09000896-9ecf-4806-a4fc-f9d81838d624', '2a000000-0000-0000-0000-000000000001', 'Cajun Spice & Skillet', 'cases', 'Protein', '4', '5', 'lbs', '3.7500000000000000', '75'),
  ('20201cf1-814b-49cc-933b-371b40db515c', '2a000000-0000-0000-0000-000000000001', 'Caramel Mouse', 'each', 'Desserts', '6', '1', 'each', '2.50', '14.99'),
  ('4498705d-b6dc-45c2-a218-0d1889419474', '2a000000-0000-0000-0000-000000000001', 'Carrot Cake 8"', 'each', 'Desserts', '10', '1', 'each', '2.00', '20'),
  ('2558f9c2-fc3b-48d1-ba7b-12d2832a4bc8', '2a000000-0000-0000-0000-000000000001', 'Cheese Parmesan Grated', 'cases', 'Dairy', '4', '5', 'lbs', '5.6040000000000000', '112.09'),
  ('36659e79-0095-4d82-871d-3d097c2599a4', '2a000000-0000-0000-0000-000000000001', 'Chicken Breast Patty', 'each', 'Protein', '10', '1', 'each', '1.54', '15.39'),
  ('e7776e0a-38c9-4c59-b813-1a0ce467cf6f', '2a000000-0000-0000-0000-000000000001', 'Chicken Leg', 'cases', 'Protein', '1', '40', 'lbs', '2.2170000000000000', '88.68'),
  ('d2f08fce-1609-40a1-bc10-71f79ba9f8ce', '2a000000-0000-0000-0000-000000000001', 'Chicken Nugget', 'bags', 'Appetizer', '2', '5', 'lbs', '4.0900000000000000', '40.9'),
  ('fb6eca7a-f7fe-4ef3-9894-3d9abac9055a', '2a000000-0000-0000-0000-000000000001', 'Chicken Seasoning', 'each', 'Condiments', '6', '28', 'oz', '0.56250000000000000000', '94.5'),
  ('9bd04c02-821e-4dd0-b3d5-f9c3d5279362', '2a000000-0000-0000-0000-000000000001', 'Chicken Stock (Totole)', 'each', 'Condiments', '1', '4.6', 'lbs', '4.2760869565217391', '19.67'),
  ('78dcff40-8e5d-4628-b80c-f96097009615', '2a000000-0000-0000-0000-000000000001', 'Chicken Tenderloin', 'cases', 'Protein', '4', '10', 'lbs', '2.4750000000000000', '98.99'),
  ('e4c58c56-e046-467e-95d0-abcb172e85b7', '2a000000-0000-0000-0000-000000000001', 'Chocolate Cake', 'each', 'Desserts', '10', '1', 'each', '2.30', '22.99'),
  ('7a9f40de-8c8d-4c9c-bb38-ba5e76ed4874', '2a000000-0000-0000-0000-000000000001', 'Chocolate Mousse', 'each', 'Desserts', '8', '4', 'oz', '0.72250000000000000000', '23.13'),
  ('06c0244f-0aeb-4906-ae77-1a922bf341e3', '2a000000-0000-0000-0000-000000000001', 'Clear Container 5" x 5"', 'each', 'Dry goods', '500', '1', 'each', '0.11', '53'),
  ('67d9e32e-66d9-41d2-87d7-4e0e5e1cdb16', '2a000000-0000-0000-0000-000000000001', 'Coca Cola', 'each', 'Drinks', '35', '1', 'each', '0.58', '20.34'),
  ('1f731dc4-a20a-4260-b81e-ebd41d50159a', '2a000000-0000-0000-0000-000000000001', 'Cocktail Sauce', 'cases', 'Dairy', '4', '1', 'gal', '16.19', '64.75'),
  ('f6af9c55-bf49-4bef-a0d2-ba9b69c544eb', '2a000000-0000-0000-0000-000000000001', 'Cooking Wine', 'each', 'Condiments', '4', '1', 'gal', '4.24', '16.95'),
  ('43829a50-b181-4297-a362-ba25606b658c', '2a000000-0000-0000-0000-000000000001', 'Coriander', 'each', 'Condiments', '1', '3.5', 'lbs', '3.1400000000000000', '10.99'),
  ('4756068e-7f3f-4325-9fda-6dbb7f51d7e5', '2a000000-0000-0000-0000-000000000001', 'Corn On Cob 3"', 'cases', 'Vegetable & Produce', '1', '30', 'lbs', '1.00000000000000000000', '30'),
  ('5231eac2-406b-4f5d-96df-942e010c52b4', '2a000000-0000-0000-0000-000000000001', 'Crabmeat (Claw)', 'each', 'Seafood', '12', '1', 'lbs', '12.16', '145.95'),
  ('0a4c497f-1d74-4e44-9cce-705a0830535c', '2a000000-0000-0000-0000-000000000001', 'Crabmeat (Lump)', 'each', 'Seafood', '12', '1', 'lbs', '13.13', '157.59'),
  ('e08a369c-dd00-43d6-9ee2-d3ee4af54c0e', '2a000000-0000-0000-0000-000000000001', 'Crawfish', 'cases', 'Seafood', '1', '20', 'lbs', '2.4000000000000000', '48'),
  ('738366a7-dada-4e1c-aa2a-83071ac177ea', '2a000000-0000-0000-0000-000000000001', 'Creme Brulee', 'each', 'Desserts', '6', '1', 'each', '1.66', '9.98'),
  ('dc46d429-9ab6-4747-8e8a-9ecc002e235d', '2a000000-0000-0000-0000-000000000001', 'Creme Brulee Cheesecake', 'loaves', 'Desserts', '2', '14', 'each', '3.5478571428571429', '99.34'),
  ('6d24e6b0-5bd9-4645-ad71-ad767836ee8b', '2a000000-0000-0000-0000-000000000001', 'Cucumber', 'cases', 'Vegetable & Produce', '1', '35', 'lbs', '1.1428571428571429', '40'),
  ('de2debc5-3e8a-434a-ae78-4859c738fe5e', '2a000000-0000-0000-0000-000000000001', 'Deluxe Sub Rolls 8” (6)', 'each', 'Bread', '6', '1', 'each', '0.53', '3.2'),
  ('da7319cc-ade2-410d-80fc-72133d82ad5a', '2a000000-0000-0000-0000-000000000001', 'Diet Coke', 'each', 'Drinks', '35', '1', 'each', '0.58', '20.34'),
  ('af950cb6-9a59-4fed-9e27-5fe1b46304e1', '2a000000-0000-0000-0000-000000000001', 'Dill Leaf Spice', 'each', 'Condiments', '1', '5.5', 'oz', '2.9000000000000000', '15.95'),
  ('78494df8-fab5-4f41-8bcc-7d1cc15fd42f', '2a000000-0000-0000-0000-000000000001', 'Dish Detergent', 'each', 'Cleaning Supplies', '4', '1', 'gal', '4.00', '16'),
  ('e30c2f0e-b903-4e23-95af-6220282c344c', '2a000000-0000-0000-0000-000000000001', 'Dr Pepper', 'each', 'Drinks', '36', '1', 'each', '0.53', '19.02'),
  ('407dfd50-b005-4dd6-8e17-3fb7f5b63fe8', '2a000000-0000-0000-0000-000000000001', 'Dungeness Crab Leg', 'cases', 'Seafood', '1', '20', 'lbs', '12.0000000000000000', '240'),
  ('e165d040-b694-4a89-95cd-7691e07a2433', '2a000000-0000-0000-0000-000000000001', 'Egg Large', 'cases', 'Vegetable & Produce', '1', '360', 'each', '0.13888888888888888889', '50'),
  ('df80f14a-de16-49f0-848e-2dbfcccb106f', '2a000000-0000-0000-0000-000000000001', 'Floor Cleaner Fabuloso', 'each', 'Cleaning Supplies', '1', '1', 'gal', '4.49', '4.49'),
  ('6552b358-0453-4f0f-b915-f099e7e30e86', '2a000000-0000-0000-0000-000000000001', 'Floor Cleaner Powder', 'bags', 'Cleaning Supplies', '1', '50', 'lbs', '0.00', '0'),
  ('81838a7b-7681-470c-a47c-1f7309017b31', '2a000000-0000-0000-0000-000000000001', 'Flour (50lb)', 'bags', 'Condiments', '1', '50', 'lbs', '0.40000000000000000000', '20'),
  ('dd028a48-8c08-4505-b409-88ea0090a2fa', '2a000000-0000-0000-0000-000000000001', 'Fork (Plastic Black)', 'cases', 'Dry goods', '1', '1000', 'each', '0.05685000000000000000', '56.85'),
  ('5b837e22-8286-44ca-a76d-e6d09b480131', '2a000000-0000-0000-0000-000000000001', 'French Fries', 'bags', 'Appetizer', '6', '4.5', 'lbs', '1.3022222222222222', '35.17'),
  ('7833a31f-539b-4d72-bd19-e7038243e003', '2a000000-0000-0000-0000-000000000001', 'Fry Oil Canola', 'gal', 'Condiments', '1', '1', 'gal', '33.95', '33.95'),
  ('f78722e0-84aa-48b6-8410-fa6d323702e8', '2a000000-0000-0000-0000-000000000001', 'Garbage Bag (Black Heavy Duty)', 'cases', 'Dry goods', '1', '25', 'each', '0.22000000000000000000', '5.5'),
  ('86ea75bb-c53b-483e-8147-bfdb69b7c557', '2a000000-0000-0000-0000-000000000001', 'Garlic Fresh Peeled', 'cases', 'Vegetable & Produce', '4', '5', 'lbs', '2.9000000000000000', '58'),
  ('e8df72a7-58e6-4a19-b132-64427bf54d3b', '2a000000-0000-0000-0000-000000000001', 'Garlic Granulated - (27.5 lb.)', 'bags', 'Condiments', '1', '27.5', 'lbs', '3.0727272727272727', '84.5'),
  ('927eba38-d969-424a-879f-5a87c56d9788', '2a000000-0000-0000-0000-000000000001', 'Garlic Parmesan Sauce', 'each', 'Condiments', '2', '1', 'gal', '24.59', '49.17'),
  ('c8875242-31a3-4fe1-9022-ded47106a5b8', '2a000000-0000-0000-0000-000000000001', 'Ginger Ale', 'each', 'Drinks', '24', '1', 'each', '0.61', '14.62'),
  ('61806f6a-f6d8-4dee-9305-c31e8851a14b', '2a000000-0000-0000-0000-000000000001', 'Green Pepper', 'cases', 'Vegetable & Produce', '1', '20', 'lbs', '2.5000000000000000', '50'),
  ('5e181526-f99c-451c-812a-7c8b39f1ca20', '2a000000-0000-0000-0000-000000000001', 'Ground Beef', 'cases', 'Protein', '6', '10', 'lbs', '4.8700000000000000', '292.2'),
  ('375c3f93-14d5-49cd-871c-7a370e9f34e1', '2a000000-0000-0000-0000-000000000001', 'Ground Cumin', 'each', 'Condiments', '1', '4', 'lbs', '3.9975000000000000', '15.99'),
  ('c17f9b15-c0b2-4da3-a330-caad91f37714', '2a000000-0000-0000-0000-000000000001', 'Half Black Mussel', 'cases', 'Seafood', '1', '22.05', 'lbs', '3.2000000000000000', '70.56'),
  ('8518e0d9-5093-4483-9561-0b52f09eb109', '2a000000-0000-0000-0000-000000000001', 'Hand Kraft Towels', 'each', 'Cleaning Supplies', '12', '1', 'each', '1.88', '22.5'),
  ('83b9b9c2-0243-4539-9eb4-320ce34cebeb', '2a000000-0000-0000-0000-000000000001', 'Hash Brown Patty Triangle', 'bags', 'Appetizer', '6', '5', 'lbs', '1.3280000000000000', '39.85'),
  ('a4e685e5-a8e2-428c-a577-45e8b595238b', '2a000000-0000-0000-0000-000000000001', 'Honey Blend', 'each', 'Condiments', '6', '5', 'lbs', '1.5340000000000000', '46'),
  ('d8fa0788-c48c-4046-8dbe-e9072203620d', '2a000000-0000-0000-0000-000000000001', 'Honey Mustard', 'cases', 'Dairy', '4', '1', 'gal', '18.53', '74.12'),
  ('e33af60e-2bb5-41f1-8f51-b970f8637e67', '2a000000-0000-0000-0000-000000000001', 'Horseradish', 'each', 'Dairy & Sauce', '1', '8', 'lbs', '2.1187500000000000', '16.95'),
  ('f790805c-da45-442a-bd7d-8fb8a4ae475d', '2a000000-0000-0000-0000-000000000001', 'Ice Tea mix', 'each', 'Drinks', '1', '89.8', 'oz', '0.09877505567928730512', '8.87'),
  ('84a323f2-4263-4a28-8146-2b5c94617dda', '2a000000-0000-0000-0000-000000000001', 'Imitation Crabmeat (Oyster Bay)', 'cases', 'Seafood', '12', '2.5', 'lbs', '1.00000000000000000000', '75'),
  ('ba2714ca-7177-42f8-9924-7b6cc0eb48c7', '2a000000-0000-0000-0000-000000000001', 'Ketchup (Can 114oz)', 'cases', 'Dairy & Sauce', '6', '114', 'oz', '0.06517543859649122807', '44.55'),
  ('c70423a8-933a-4737-98fd-434c91ecf563', '2a000000-0000-0000-0000-000000000001', 'Ketchup (Package)', 'lbs', 'Dairy & Sauce', '1', '1000', 'each', '0.02050000000000000000', '20.5'),
  ('a0417206-1a0f-43a9-b8ee-76a9928dacfc', '2a000000-0000-0000-0000-000000000001', 'Lamb Gyro Meat', 'cases', 'Protein', '4', '10', 'lbs', '4.1350000000000000', '165.39'),
  ('f0b90741-8991-4d4f-be7f-47cdb18c7b55', '2a000000-0000-0000-0000-000000000001', 'Lava Cake', 'lbs', 'Protein', '4', '9', 'each', '4.2600000000000000', '153.36'),
  ('6106cc35-b903-4105-918d-d6bbb09bc1c2', '2a000000-0000-0000-0000-000000000001', 'Lemon Juice 48fl. oz.', 'cases', 'Protein', '2', '48', 'oz', '0.07291666666666666667', '7'),
  ('5a0f121e-a68e-440f-8a9c-d7a0d4ec08e2', '2a000000-0000-0000-0000-000000000001', 'Lemon Pepper Seasoning', 'each', 'Condiments', '4', '7', 'lbs', '3.3957142857142857', '95.08'),
  ('c853edfc-682f-4557-8416-40841519b13e', '2a000000-0000-0000-0000-000000000001', 'Lemonade Mix (Country Time)', 'each', 'Drinks', '1', '82.5', 'oz', '0.11975757575757575758', '9.88'),
  ('18cb977c-8cfc-4e2b-9c91-a0ed23122467', '2a000000-0000-0000-0000-000000000001', 'Lettuce Iceberg', 'each', 'Vegetable & Produce', '24', '1', 'each', '1.25', '30'),
  ('aee2644b-c234-4ee3-adc0-d10248118f29', '2a000000-0000-0000-0000-000000000001', 'Lobster Tail', 'cases', 'Seafood', '1', '10', 'lbs', '22.0000000000000000', '220'),
  ('7b16fbf2-4335-4c5f-a4d7-d93687a70d3b', '2a000000-0000-0000-0000-000000000001', 'Mac n Cheese', 'each', 'Appetizer', '1', '3.19', 'lbs', '4.3887147335423197', '14'),
  ('b5df0d22-7baa-4c5f-8cb9-d5361e307352', '2a000000-0000-0000-0000-000000000001', 'Mac n Cheese Bite', 'bags', 'Appetizer', '1', '36', 'each', '0.30527777777777777778', '10.99'),
  ('dd1e1746-75b3-48f6-8fda-8e7632515453', '2a000000-0000-0000-0000-000000000001', 'Margarine', 'each', 'Condiments', '2', '17.5', 'lbs', '1.1428571428571429', '39.99'),
  ('00fb5225-3af3-4512-80f4-ac58c5563d36', '2a000000-0000-0000-0000-000000000001', 'Marinara Sauce', 'each', 'Dairy & Sauce', '6', '4.5', 'lbs', '1.7977777777777778', '48.55'),
  ('91293b02-3d69-4d80-b4e5-95e9373af57b', '2a000000-0000-0000-0000-000000000001', 'Mayonnaise', 'cases', 'Dairy', '4', '1', 'gal', '10.11', '40.45'),
  ('35c97899-a13f-4167-9bb2-a1194f91a925', '2a000000-0000-0000-0000-000000000001', 'Milk', 'gal', 'Dairy & Sauce', '1', '1', 'gal', '3.21', '3.21'),
  ('9e11bf29-221b-488e-92c2-2ba37d706068', '2a000000-0000-0000-0000-000000000001', 'Montreal Steak Seasoning', 'each', 'Condiments', '6', '29', 'oz', '0.32172413793103448276', '56'),
  ('4abf87ab-9a98-442d-8439-ca502a843299', '2a000000-0000-0000-0000-000000000001', 'Mozzarella Stick', 'bags', 'Appetizer', '6', '22', 'each', '0.31363636363636363636', '41.37'),
  ('89d3ce2e-790b-4327-99be-47560c3aaf74', '2a000000-0000-0000-0000-000000000001', 'MSG Ajinomoto Umami', 'cases', 'Condiments', '1', '100', 'lbs', '0.00', '0'),
  ('9ee3f545-3154-411b-9ff5-90ff32b1d834', '2a000000-0000-0000-0000-000000000001', 'Mustard (Gal)', 'each', 'Condiments', '4', '1', 'gal', '7.32', '29.27'),
  ('c6d5c4d7-eacb-47ac-8692-f0618154057c', '2a000000-0000-0000-0000-000000000001', 'Napkin (Togo)', 'cases', 'Dry goods', '1', '1', 'cases', '0.00', '32'),
  ('efe9bc67-110d-41c7-b686-4afd18176562', '2a000000-0000-0000-0000-000000000001', 'Old Bay Seasoning', 'each', 'Condiments', '3', '7.5', 'lbs', '5.2666666666666667', '118.5'),
  ('b51cc9cf-18a7-4494-b804-19897e524395', '2a000000-0000-0000-0000-000000000001', 'Onion Ring', 'bags', 'Appetizer', '4', '2.5', 'lbs', '2.5040000000000000', '25.03'),
  ('baafd276-f6ab-44eb-9a12-4aa230507c91', '2a000000-0000-0000-0000-000000000001', 'Onion Yellow', 'bags', 'Vegetable & Produce', '1', '50', 'lbs', '0.40000000000000000000', '20'),
  ('db453c34-02ac-42ee-8e24-95249fce32f5', '2a000000-0000-0000-0000-000000000001', 'Oregano Leaves - (20 lb. )', 'bags', 'Condiments', '1', '20', 'lbs', '7.1500000000000000', '143'),
  ('f523aa23-d871-41ea-a0ff-469cf7a497be', '2a000000-0000-0000-0000-000000000001', 'Paprika', 'each', 'Condiments', '4', '5', 'lbs', '4.0000000000000000', '80'),
  ('61bcb565-c115-4b84-bd9d-b1b2a5120f6c', '2a000000-0000-0000-0000-000000000001', 'Parsley Flake', 'each', 'Condiments', '1', '11', 'oz', '1.9109090909090909', '21.02'),
  ('48e44564-a282-41cc-9723-dbca88d8b554', '2a000000-0000-0000-0000-000000000001', 'Pepsi', 'each', 'Drinks', '36', '1', 'each', '0.53', '19.02'),
  ('7e4a57ac-db4d-4883-a34f-4adca46d44b4', '2a000000-0000-0000-0000-000000000001', 'Philly Steak', 'cases', 'Protein', '27', '6', 'oz', '0.04333333333333333333', '42.82'),
  ('c021ac34-45ff-4874-a66f-e0d62443c307', '2a000000-0000-0000-0000-000000000001', 'Pickle', 'each', 'Vegetable & Produce', '1', '2', 'gal', '13.1200000000000000', '26.24'),
  ('39794817-cf16-4ebe-9ae1-402e36d73dc0', '2a000000-0000-0000-0000-000000000001', 'Pita Bread', 'bags', 'Bread', '12', '10', 'each', '0.31700000000000000000', '37.99'),
  ('e396fd04-b7ad-472c-b9d0-cf225e27ccb6', '2a000000-0000-0000-0000-000000000001', 'Plain Yogurt', 'cases', 'Dairy', '6', '32', 'oz', '0.13062500000000000000', '25.09'),
  ('7946c6d6-3797-420f-b1d0-fcd7dd34d0be', '2a000000-0000-0000-0000-000000000001', 'Potato Red', 'bags', 'Vegetable & Produce', '1', '50', 'lbs', '0.54000000000000000000', '27'),
  ('f643b4ca-2e8f-4bb2-875e-ad9db157cdbf', '2a000000-0000-0000-0000-000000000001', 'Potato Starch (50 lb.)', 'bags', 'Condiments', '1', '50', 'lbs', '0.44000000000000000000', '22'),
  ('ba306de2-27ba-44dc-b84f-3c6dee5d7c99', '2a000000-0000-0000-0000-000000000001', 'Provolone Cheese', 'each', 'Dairy & Sauce', '6', '1.5', 'lbs', '3.6866666666666667', '33.18'),
  ('d3398cb2-f287-4c67-8912-7049ba896d87', '2a000000-0000-0000-0000-000000000001', 'Ranch Dressing', 'cases', 'Dairy & Sauce', '4', '1', 'gal', '13.74', '54.95'),
  ('ecad4c33-f188-4153-ac67-992964dc284f', '2a000000-0000-0000-0000-000000000001', 'Red Hot', 'each', 'Condiments', '4', '1', 'gal', '18.47', '73.89'),
  ('b8a59a52-bb93-4508-b1a0-3f0fc1ccf06a', '2a000000-0000-0000-0000-000000000001', 'Red Hot Pepper Relish', 'each', 'Condiments', '4', '1', 'gal', '9.75', '39'),
  ('32419ad3-d6e1-4adc-8fcf-50f6368aede3', '2a000000-0000-0000-0000-000000000001', 'Register Paper Roll', 'cases', 'Dry goods', '1', '1', 'each', '40.00', '40'),
  ('92e0d0fc-0e56-4674-bfee-dd33a36af0a8', '2a000000-0000-0000-0000-000000000001', 'Salsa Sauce', 'each', 'Condiments', '6', '114', 'oz', '0.08587719298245614035', '58.73'),
  ('1be4e212-c9c2-4c44-bf17-e643d86167a2', '2a000000-0000-0000-0000-000000000001', 'Salt (25 lb.)', 'bags', 'Condiments', '1', '25', 'lbs', '0.64000000000000000000', '16'),
  ('34c2807e-2f85-4f8e-b084-ddac0e474b5b', '2a000000-0000-0000-0000-000000000001', 'Seafood Bag', 'cases', 'Dry goods', '1', '500', 'each', '0.10000000000000000000', '50'),
  ('961b39e4-dd53-4e56-bdaa-5f7d2d1f5729', '2a000000-0000-0000-0000-000000000001', 'Seafood Glove', 'cases', 'Dry goods', '10', '500', 'each', '0.00700000000000000000', '35'),
  ('cce48a4b-db9d-4d22-8341-803b0d0be6ef', '2a000000-0000-0000-0000-000000000001', 'Shredded Cheese', 'bags', 'Dairy & Sauce', '1', '5', 'lbs', '2.5520000000000000', '12.76'),
  ('4d8950d7-7538-4e66-9677-89525232932c', '2a000000-0000-0000-0000-000000000001', 'Shrimp - (Head On)', 'cases', 'Seafood', '1', '24', 'lbs', '3.3000000000000000', '79.2'),
  ('8221c029-1930-45c4-9b83-433f5d4d7729', '2a000000-0000-0000-0000-000000000001', 'Shrimp - Head Off', 'lbs', 'Protein', '1', '20', 'lbs', '5.1500000000000000', '103'),
  ('823b460f-8281-42f9-a523-6e7854c53024', '2a000000-0000-0000-0000-000000000001', 'Slice Bacon', 'bags', 'Protein', '3', '16', 'oz', '0.24562500000000000000', '11.79'),
  ('09de6c04-b0d0-4ea4-b03f-c16b5d063768', '2a000000-0000-0000-0000-000000000001', 'Smoked Sausage (Kielbasa)', 'lbs', 'Protein', '2', '5', 'lbs', '3.0000000000000000', '30'),
  ('9ecc419c-db25-4428-a136-d1753acd1e6a', '2a000000-0000-0000-0000-000000000001', 'Snow Crab Leg', 'lbs', 'Seafood', '1', '30', 'lbs', '12.7000000000000000', '381'),
  ('bed4279d-8c68-4d76-81c2-6a43b798f123', '2a000000-0000-0000-0000-000000000001', 'Sour Cream', 'each', 'Dairy & Sauce', '6', '4.5', 'lbs', '1.5177777777777778', '40.99'),
  ('34f80fe4-e0b2-4ec4-9637-07e6f7c1ba80', '2a000000-0000-0000-0000-000000000001', 'Sprite', 'each', 'Drinks', '36', '1', 'each', '0.67', '24'),
  ('41972334-6408-46d5-b6eb-a2f9fb84666b', '2a000000-0000-0000-0000-000000000001', 'Sugar', 'bags', 'Condiments', '1', '50', 'lbs', '0.61900000000000000000', '30.95'),
  ('f42c72f3-aafa-4238-bdf6-46f00fd87ecf', '2a000000-0000-0000-0000-000000000001', 'Sweet Potato Fries', 'bags', 'Appetizer', '6', '2.5', 'lbs', '1.9320000000000000', '29'),
  ('e525ce29-acd4-4a3d-81ff-f796ecaa1f3b', '2a000000-0000-0000-0000-000000000001', 'Taco Seasoning', 'bags', 'Condiments', '1', '25', 'lbs', '2.6400000000000000', '66'),
  ('b6af2284-62da-4d93-8397-3c4ae38b829d', '2a000000-0000-0000-0000-000000000001', 'Tartar', 'cases', 'Dairy', '4', '1', 'gal', '15.77', '63.08'),
  ('222e9758-5b46-4d13-84cb-5ccc69ae4526', '2a000000-0000-0000-0000-000000000001', 'Toilet Paper Rolls', 'cases', 'Cleaning Supplies', '1', '24', 'each', '1.00000000000000000000', '24'),
  ('361607a8-3e51-4d63-908c-6a64b6ea6253', '2a000000-0000-0000-0000-000000000001', 'Tomato', 'cases', 'Vegetable & Produce', '1', '20', 'lbs', '3.0000000000000000', '60'),
  ('e57397cc-403c-4067-aacf-ebfc3eb7835a', '2a000000-0000-0000-0000-000000000001', 'Tortilla 10"', 'each', 'Bread', '40', '1', 'each', '0.22', '8.98'),
  ('8096f99c-351c-4694-9cc9-bc1aef229cee', '2a000000-0000-0000-0000-000000000001', 'Tres Leche', 'loaves', 'Desserts', '2', '15', 'each', '2.4066666666666667', '72.19'),
  ('bdc995cc-559a-46ed-8c02-91085ad91a1c', '2a000000-0000-0000-0000-000000000001', 'Tumeric', 'each', 'Condiments', '1', '5', 'lbs', '4.4980000000000000', '22.49'),
  ('56260136-1283-4758-90de-97266d26ebbe', '2a000000-0000-0000-0000-000000000001', 'Water (Bottle)', 'each', 'Drinks', '40', '1', 'each', '0.11', '4.39'),
  ('d5626fc8-d58b-412b-b63d-29ba6f53171d', '2a000000-0000-0000-0000-000000000001', 'White Togo Container 6" x 6" (Sandwich)', 'each', 'Dry goods', '250', '1', 'each', '0.10', '25'),
  ('a89beb1b-0a7c-477b-88a0-b45e9489c483', '2a000000-0000-0000-0000-000000000001', 'White Togo Platter 9" x 6" (Sub)', 'each', 'Dry goods', '150', '1', 'each', '0.21', '31'),
  ('0462cb93-3e14-4205-b955-e076b4e993e7', '2a000000-0000-0000-0000-000000000001', 'Whiting Fish', 'bags', 'Seafood', '4', '10', 'lbs', '2.9250000000000000', '117'),
  ('ca128ac1-cfe1-41df-b621-66e8e09a142c', '2a000000-0000-0000-0000-000000000001', 'Wings', 'cases', 'Protein', '4', '10', 'lbs', '1.9470000000000000', '77.87'),
  ('9c4414c3-17e8-4a0a-bd6b-4130b812f39c', '2a000000-0000-0000-0000-000000000001', 'Worcestershire', 'each', 'Dairy & Sauce', '4', '1', 'gal', '8.75', '34.99'),
  ('ff949320-38eb-4787-aa55-ef473e06d33f', '2a000000-0000-0000-0000-000000000001', 'Zatarian''s Fish Fry', 'each', 'Condiments', '4', '5.75', 'lbs', '1.5008695652173913', '34.5')
on conflict (id) do nothing;

-- ─── inventory_items (572, per-store) ─────────────────
insert into public.inventory_items (id, store_id, catalog_id, cost_per_unit, current_stock, par_level, vendor_id, usage_per_portion, expiry_date, case_price, average_daily_usage, safety_stock, eod_remaining) values
  ('0113ed2b-dfee-4e7f-b6c0-dda8a64b322f', '00000000-0000-0000-0000-000000000001', 'f0b90741-8991-4d4f-be7f-47cdb18c7b55', '4.260000', '0.000', '1.000', '023cba00-1b67-4218-a906-cb18a8e62964', '0.0000', NULL, '153.36', '0', '0', '0.000'),
  ('0131e0fe-be62-4d6e-83f0-27d4619bc981', '00000000-0000-0000-0000-000000000001', '89d3ce2e-790b-4327-99be-47560c3aaf74', '0.00', '0.000', '1.000', 'd26926e6-e8e4-4b2a-8dd8-737571eae415', '0.0000', NULL, '0', '0', '0', '1.000'),
  ('02fe28a4-644b-41e6-b79e-e3ac87b41111', '00000000-0000-0000-0000-000000000001', '6552b358-0453-4f0f-b915-f099e7e30e86', '0.00', '0.000', '1.000', 'd26926e6-e8e4-4b2a-8dd8-737571eae415', '0.0000', NULL, '0', '0', '0', '0.000'),
  ('08c917cd-9eca-42a3-bc96-5449c242bdf8', '00000000-0000-0000-0000-000000000001', 'b8a59a52-bb93-4508-b1a0-3f0fc1ccf06a', '9.75', '0.000', '1.000', 'd5e3adcc-61d0-4401-a391-542170496ad3', '0.0000', NULL, '39', '0', '0', '0.000'),
  ('09f24101-892b-4da3-9456-79929b1bea16', '00000000-0000-0000-0000-000000000001', 'a0417206-1a0f-43a9-b8ee-76a9928dacfc', '4.135000', '0.000', '2.000', '023cba00-1b67-4218-a906-cb18a8e62964', '0.0000', NULL, '165.39', '0', '0', '0.000'),
  ('0a4d0d8a-b452-4691-a0be-fe083fe776df', '00000000-0000-0000-0000-000000000001', 'f373b8c4-539e-42d6-9462-65ca8e217b8a', '0.037500', '0.000', '2.000', '02dff3a5-e7b9-42ec-ba6d-0b3bc4bb6f99', '0.0000', NULL, '15', '0', '0', '0.000'),
  ('0d9dd87e-883f-4260-95fb-e7344e432492', '00000000-0000-0000-0000-000000000001', 'da7319cc-ade2-410d-80fc-72133d82ad5a', '0.58', '0.000', '70.000', 'b1ee724a-8626-45ab-85d4-14a99e7cbc45', '0.0000', NULL, '20.34', '0', '0', '105.000'),
  ('0dc139ed-bc0b-4bf3-864f-013009f85f8b', '00000000-0000-0000-0000-000000000001', '5a0f121e-a68e-440f-8a9c-d7a0d4ec08e2', '3.395714', '0.000', '4.000', '67b0d204-5e27-439a-bc06-3675444b3388', '0.0000', NULL, '95.08', '0', '0', '0.000'),
  ('125aee2d-c7dd-408f-ae51-83530713ef8b', '00000000-0000-0000-0000-000000000001', 'ba2714ca-7177-42f8-9924-7b6cc0eb48c7', '0.065175', '0.000', '1.000', '023cba00-1b67-4218-a906-cb18a8e62964', '0.0000', NULL, '44.55', '0', '0', '0.000'),
  ('14f3d143-7dbd-4f09-b51e-0d14b4e5e3c5', '00000000-0000-0000-0000-000000000001', '4d8950d7-7538-4e66-9677-89525232932c', '3.300000', '0.000', '2.000', '137f2d47-45dd-4ed7-bb29-9bfb9a6a00e9', '0.0000', NULL, '79.2', '0', '0', '0.000'),
  ('162e4218-2f3d-4de2-8f81-9b566a1b4ae6', '00000000-0000-0000-0000-000000000001', 'bff793b6-9562-4273-8d3c-78d5de8bc9a4', '0.050000', '0.000', '2.000', 'd5e3adcc-61d0-4401-a391-542170496ad3', '0.0000', NULL, '50', '0', '0', '0.000'),
  ('1921b4c6-b006-4bdd-8190-19053b311292', '00000000-0000-0000-0000-000000000001', '4756068e-7f3f-4325-9fda-6dbb7f51d7e5', '1.000000', '0.000', '4.000', '137f2d47-45dd-4ed7-bb29-9bfb9a6a00e9', '0.0000', NULL, '30', '0', '0', '0.000'),
  ('1944e0ac-1516-4f31-b1ca-ce5ce52b1a07', '00000000-0000-0000-0000-000000000001', 'af950cb6-9a59-4fed-9e27-5fe1b46304e1', '2.900000', '0.000', '2.000', '023cba00-1b67-4218-a906-cb18a8e62964', '0.0000', NULL, '15.95', '0', '0', '0.000'),
  ('1c9b93c1-c4a4-478b-b48b-61e6f396d76b', '00000000-0000-0000-0000-000000000001', '33ce4244-d170-459f-9180-0e96870a2964', '0.11', '0.000', '3.000', '02dff3a5-e7b9-42ec-ba6d-0b3bc4bb6f99', '0.0000', NULL, '50', '0', '0', '0.000'),
  ('1cfbf0ec-9bce-4168-9793-45983adfc96d', '00000000-0000-0000-0000-000000000001', 'f790805c-da45-442a-bd7d-8fb8a4ae475d', '0.098775', '0.000', '8.000', '81b34949-1fde-4237-9411-052cb8daaec9', '0.0000', NULL, '8.87', '0', '0', '0.000'),
  ('1d8da2e3-323b-45ce-9495-82c4187ec0bc', '00000000-0000-0000-0000-000000000001', '0462cb93-3e14-4205-b955-e076b4e993e7', '2.925000', '0.000', '5.000', '2ad3b369-d39d-443e-b291-48088cd63d08', '0.0000', NULL, '117', '0', '0', '4.000'),
  ('209d9ca2-28fd-46a4-ba7b-afaef5189cfb', '00000000-0000-0000-0000-000000000001', 'b51cc9cf-18a7-4494-b804-19897e524395', '2.504000', '0.000', '2.000', '023cba00-1b67-4218-a906-cb18a8e62964', '0.0000', NULL, '25.03', '0', '0', '0.000'),
  ('214ef35f-0d0a-450c-bbf3-77561fe8a0d0', '00000000-0000-0000-0000-000000000001', '61806f6a-f6d8-4dee-9305-c31e8851a14b', '2.500000', '0.000', '1.000', 'd26926e6-e8e4-4b2a-8dd8-737571eae415', '0.0000', NULL, '50', '0', '0', '0.000'),
  ('21e59b6f-dc7c-4712-9245-29970d1281bf', '00000000-0000-0000-0000-000000000001', '9e11bf29-221b-488e-92c2-2ba37d706068', '0.321724', '0.000', '2.000', '81b34949-1fde-4237-9411-052cb8daaec9', '0.0000', NULL, '56', '0', '0', '0.000'),
  ('26fceae4-a6e5-427d-be2a-3179a01315db', '00000000-0000-0000-0000-000000000001', 'ff949320-38eb-4787-aa55-ef473e06d33f', '1.500870', '0.000', '3.000', '81b34949-1fde-4237-9411-052cb8daaec9', '0.0000', NULL, '34.5', '0', '0', '0.000'),
  ('2d0923ab-3f1f-4117-b469-9f2c4b7eae48', '00000000-0000-0000-0000-000000000001', '7b16fbf2-4335-4c5f-a4d7-d93687a70d3b', '4.388715', '0.000', '6.000', 'ffcdf7bd-e6c9-4a32-bf77-ed95f84dee6d', '0.0000', NULL, '14', '0', '0', '2.000'),
  ('32dc2839-e142-4c90-af85-714206560f96', '00000000-0000-0000-0000-000000000001', '2558f9c2-fc3b-48d1-ba7b-12d2832a4bc8', '5.604000', '0.000', '0.250', '023cba00-1b67-4218-a906-cb18a8e62964', '0.0000', NULL, '112.09', '0', '0', '0.000'),
  ('342b2e95-8c79-44eb-9124-74e7ee77ea00', '00000000-0000-0000-0000-000000000001', 'fb6eca7a-f7fe-4ef3-9894-3d9abac9055a', '0.562500', '0.000', '2.000', '81b34949-1fde-4237-9411-052cb8daaec9', '0.0000', NULL, '94.5', '0', '0', '0.000'),
  ('347dd643-7dbb-44f5-875f-b633db039515', '00000000-0000-0000-0000-000000000001', 'a08bacbd-2776-4193-afc5-56e468a4143c', '2.726000', '0.000', '8.000', '2ad3b369-d39d-443e-b291-48088cd63d08', '0.0000', NULL, '54.52', '0', '0', '7.000'),
  ('37d98e55-7a78-486e-88c1-8dbc2814b58a', '00000000-0000-0000-0000-000000000001', 'e23fceba-a06a-469e-b3d2-b72d850454fa', '0.510000', '0.000', '40.000', '023cba00-1b67-4218-a906-cb18a8e62964', '0.0000', NULL, '20.41', '0', '0', '0.000'),
  ('39db2046-fe87-407d-b4fe-91b4aee1b0a3', '00000000-0000-0000-0000-000000000001', '48e44564-a282-41cc-9723-dbca88d8b554', '0.53', '0.000', '72.000', 'b1ee724a-8626-45ab-85d4-14a99e7cbc45', '0.0000', NULL, '19.02', '0', '0', '72.000'),
  ('39dd520a-6acf-49f3-805a-d8798995753a', '00000000-0000-0000-0000-000000000001', '41972334-6408-46d5-b6eb-a2f9fb84666b', '0.619000', '0.000', '3.000', 'd26926e6-e8e4-4b2a-8dd8-737571eae415', '0.0000', NULL, '30.95', '0', '0', '1.000'),
  ('3a47f37a-6d3e-407a-bd28-392107382f47', '00000000-0000-0000-0000-000000000001', '56260136-1283-4758-90de-97266d26ebbe', '0.11', '0.000', '160.000', 'ffcdf7bd-e6c9-4a32-bf77-ed95f84dee6d', '0.0000', NULL, '4.39', '0', '0', '120.000'),
  ('3b11eb7a-dbfc-4fc1-bdec-e85babac0aeb', '00000000-0000-0000-0000-000000000001', '361607a8-3e51-4d63-908c-6a64b6ea6253', '3.000000', '0.000', '3.000', 'd26926e6-e8e4-4b2a-8dd8-737571eae415', '0.0000', NULL, '60', '0', '0', '0.000'),
  ('3dea7a10-f262-43bc-af2d-92e0f0c05061', '00000000-0000-0000-0000-000000000001', 'b6af2284-62da-4d93-8397-3c4ae38b829d', '15.77', '0.000', '1.000', '023cba00-1b67-4218-a906-cb18a8e62964', '0.0000', NULL, '63.08', '0', '0', '0.000'),
  ('3fd0fce0-3e7f-49c7-86f4-3f375472ba83', '00000000-0000-0000-0000-000000000001', 'd2f08fce-1609-40a1-bc10-71f79ba9f8ce', '4.090000', '0.000', '2.000', '023cba00-1b67-4218-a906-cb18a8e62964', '0.0000', NULL, '40.9', '0', '0', '0.000'),
  ('40f4b6b1-5444-4c2f-886e-a43e9b9634e2', '00000000-0000-0000-0000-000000000001', '5e181526-f99c-451c-812a-7c8b39f1ca20', '4.870000', '0.000', '1.000', '023cba00-1b67-4218-a906-cb18a8e62964', '0.0000', NULL, '292.2', '0', '0', '0.000'),
  ('42bdc898-aa3d-4c8c-b977-7fb9beafcebc', '00000000-0000-0000-0000-000000000001', '9d6d98d7-2c04-4d04-af68-e5820b65f474', '0.20', '0.000', '3.000', '02dff3a5-e7b9-42ec-ba6d-0b3bc4bb6f99', '0.0000', NULL, '39', '0', '0', '0.000'),
  ('464b2d79-1c75-4e31-b894-0b342f18f889', '00000000-0000-0000-0000-000000000001', 'efe9bc67-110d-41c7-b686-4afd18176562', '5.266667', '0.000', '2.000', 'd5e3adcc-61d0-4401-a391-542170496ad3', '0.0000', NULL, '118.5', '0', '0', '0.000'),
  ('478d17c3-593f-4fdd-918e-2e7f5a99804b', '00000000-0000-0000-0000-000000000001', 'b5df0d22-7baa-4c5f-8cb9-d5361e307352', '0.305278', '0.000', '10.000', 'b1ee724a-8626-45ab-85d4-14a99e7cbc45', '0.0000', NULL, '10.99', '0', '0', '2.000'),
  ('4928d39d-1081-4293-88c8-bfbebd85a085', '00000000-0000-0000-0000-000000000001', '6d24e6b0-5bd9-4645-ad71-ad767836ee8b', '1.142857', '0.000', '1.000', 'd26926e6-e8e4-4b2a-8dd8-737571eae415', '0.0000', NULL, '40', '0', '0', '0.500'),
  ('4a9a9e0c-a01a-416f-9390-2b4c8700a226', '00000000-0000-0000-0000-000000000001', '1f731dc4-a20a-4260-b81e-ebd41d50159a', '16.19', '0.000', '1.000', '023cba00-1b67-4218-a906-cb18a8e62964', '0.0000', NULL, '64.75', '0', '0', '0.000'),
  ('4ac7733b-b1ed-4687-bc59-0765b59b3aeb', '00000000-0000-0000-0000-000000000001', '8096f99c-351c-4694-9cc9-bc1aef229cee', '2.406667', '0.000', '3.000', '023cba00-1b67-4218-a906-cb18a8e62964', '0.0000', NULL, '72.19', '0', '0', '0.000'),
  ('4bd0bb5c-78c9-4643-82f7-4d080f06d032', '00000000-0000-0000-0000-000000000001', '18cb977c-8cfc-4e2b-9c91-a0ed23122467', '1.25', '0.000', '96.000', 'd26926e6-e8e4-4b2a-8dd8-737571eae415', '0.0000', NULL, '30', '0', '0', '0.000'),
  ('4bdc7c48-8b31-49af-89ac-c1f9e8921fa0', '00000000-0000-0000-0000-000000000001', 'd8fa0788-c48c-4046-8dbe-e9072203620d', '18.53', '0.000', '1.000', '023cba00-1b67-4218-a906-cb18a8e62964', '0.0000', NULL, '74.12', '0', '0', '0.000'),
  ('4ce703a6-f5ce-4ecc-bef1-a70a6a760314', '00000000-0000-0000-0000-000000000001', 'ac061cac-05ec-499f-9707-cd1ffcadd3b5', '0.100000', '0.000', '3.000', '02dff3a5-e7b9-42ec-ba6d-0b3bc4bb6f99', '0.0000', NULL, '50', '0', '0', '0.000'),
  ('5007a3f4-9f4c-46dd-b55a-b347e3368798', '00000000-0000-0000-0000-000000000001', '782ba85b-539a-4142-831b-8f95a6aaa7af', '0.024500', '0.000', '2.000', '02dff3a5-e7b9-42ec-ba6d-0b3bc4bb6f99', '0.0000', NULL, '49', '0', '0', '0.000'),
  ('50a1d9e4-23ad-4aea-8bd5-6f43310eb355', '00000000-0000-0000-0000-000000000001', '61bcb565-c115-4b84-bd9d-b1b2a5120f6c', '1.910909', '0.000', '2.000', '023cba00-1b67-4218-a906-cb18a8e62964', '0.0000', NULL, '21.02', '0', '0', '0.000'),
  ('50bc2e9b-aa5f-4d73-80ca-a12201cc7d85', '00000000-0000-0000-0000-000000000001', '738366a7-dada-4e1c-aa2a-83071ac177ea', '1.66', '0.000', '30.000', '81b34949-1fde-4237-9411-052cb8daaec9', '0.0000', NULL, '9.98', '0', '0', '0.000'),
  ('543be0ce-3cad-4520-890b-68e5c414483a', '00000000-0000-0000-0000-000000000001', '7e4a57ac-db4d-4883-a34f-4adca46d44b4', '0.043333', '0.000', '0.000', '023cba00-1b67-4218-a906-cb18a8e62964', '0.0000', NULL, '42.82', '0', '0', '0.000'),
  ('56da6c67-3a59-4e80-b64b-12aea14e8391', '00000000-0000-0000-0000-000000000001', '5b837e22-8286-44ca-a76d-e6d09b480131', '1.302222', '0.000', '96.000', '2ad3b369-d39d-443e-b291-48088cd63d08', '0.0000', NULL, '35.17', '0', '0', '54.000'),
  ('56de849a-b309-49d1-9448-e049f2762767', '00000000-0000-0000-0000-000000000001', 'e165d040-b694-4a89-95cd-7691e07a2433', '0.138889', '0.000', '2.000', 'd26926e6-e8e4-4b2a-8dd8-737571eae415', '0.0000', NULL, '50', '0', '0', '0.000'),
  ('5913be7c-fef5-4511-b1c2-04f620e20ec3', '00000000-0000-0000-0000-000000000001', '34c2807e-2f85-4f8e-b084-ddac0e474b5b', '0.100000', '0.000', '2.000', '137f2d47-45dd-4ed7-bb29-9bfb9a6a00e9', '0.0000', NULL, '50', '0', '0', '0.000'),
  ('596e3286-408e-4b70-89e7-6807b4efe9c3', '00000000-0000-0000-0000-000000000001', '09de6c04-b0d0-4ea4-b03f-c16b5d063768', '3.000000', '0.000', '3.000', '137f2d47-45dd-4ed7-bb29-9bfb9a6a00e9', '0.0000', NULL, '30', '0', '0', '0.000'),
  ('59739f14-1f5e-4093-b133-89431890c7ed', '00000000-0000-0000-0000-000000000001', 'c8875242-31a3-4fe1-9022-ded47106a5b8', '0.61', '0.000', '48.000', 'b1ee724a-8626-45ab-85d4-14a99e7cbc45', '0.0000', NULL, '14.62', '0', '0', '48.000'),
  ('5be30d48-58d7-4251-9c40-714665da11a4', '00000000-0000-0000-0000-000000000001', '26182be6-0835-4d0b-bd33-6fdddfd86475', '0.200000', '0.000', '2.000', 'd5e3adcc-61d0-4401-a391-542170496ad3', '0.0000', NULL, '50', '0', '0', '0.000'),
  ('5c116ccb-8999-45f5-bd8d-560705ed891e', '00000000-0000-0000-0000-000000000001', 'dd1e1746-75b3-48f6-8fda-8e7632515453', '1.142857', '0.000', '4.000', '023cba00-1b67-4218-a906-cb18a8e62964', '0.0000', NULL, '39.99', '0', '0', '0.000'),
  ('5c916697-79c5-4025-8656-fbb51ff9870d', '00000000-0000-0000-0000-000000000001', '9c4414c3-17e8-4a0a-bd6b-4130b812f39c', '8.75', '0.000', '5.000', '2ad3b369-d39d-443e-b291-48088cd63d08', '0.0000', NULL, '34.99', '0', '0', '3.000'),
  ('5d0a4ef7-0833-449b-8a70-395715c0f422', '00000000-0000-0000-0000-000000000001', '84a323f2-4263-4a28-8146-2b5c94617dda', '1.000000', '0.000', '2.000', 'd26926e6-e8e4-4b2a-8dd8-737571eae415', '0.0000', NULL, '75', '0', '0', '12.000'),
  ('60256f57-df4b-42be-be67-c2a671553566', '00000000-0000-0000-0000-000000000001', '91293b02-3d69-4d80-b4e5-95e9373af57b', '10.11', '0.000', '5.000', '023cba00-1b67-4218-a906-cb18a8e62964', '0.0000', NULL, '40.45', '0', '0', '0.000'),
  ('655349ce-3f55-4e2f-94e8-1e19744e817b', '00000000-0000-0000-0000-000000000001', '6106cc35-b903-4105-918d-d6bbb09bc1c2', '0.072917', '0.000', '6.000', 'ffcdf7bd-e6c9-4a32-bf77-ed95f84dee6d', '0.0000', NULL, '7', '0', '0', '6.000'),
  ('661e37bd-263e-43b3-90bf-2bd15793dd33', '00000000-0000-0000-0000-000000000001', '4abf87ab-9a98-442d-8439-ca502a843299', '0.313636', '0.000', '24.000', '2ad3b369-d39d-443e-b291-48088cd63d08', '0.0000', NULL, '41.37', '0', '0', '19.000'),
  ('6798486f-0ce2-4faf-88bb-6c982bd0a977', '00000000-0000-0000-0000-000000000001', '5231eac2-406b-4f5d-96df-942e010c52b4', '12.16', '0.000', '24.000', '2ad3b369-d39d-443e-b291-48088cd63d08', '0.0000', NULL, '145.95', '0', '0', '12.000'),
  ('6813d6f6-b091-4b6a-969c-4a5ee8980610', '00000000-0000-0000-0000-000000000001', 'e57397cc-403c-4067-aacf-ebfc3eb7835a', '0.22', '0.000', '200.000', '81b34949-1fde-4237-9411-052cb8daaec9', '0.0000', NULL, '8.98', '0', '0', '0.000'),
  ('6ad05a28-061d-4b19-a6f3-dd35bac0bbc4', '00000000-0000-0000-0000-000000000001', 'df58f173-3706-4f44-b0f6-a335e47e6f55', '15.50', '0.000', '1.000', '023cba00-1b67-4218-a906-cb18a8e62964', '0.0000', NULL, '62.01', '0', '0', '0.000'),
  ('6d0da006-2533-40f9-a0a0-a48a118606e5', '00000000-0000-0000-0000-000000000001', '918c892d-85b0-4aae-b5b4-1be7ff2e5235', '0.04', '0.000', '2.000', 'd5e3adcc-61d0-4401-a391-542170496ad3', '0.0000', NULL, '86.99', '0', '0', '0.000'),
  ('6d294af0-47ce-4e10-8e72-fcfed7006797', '00000000-0000-0000-0000-000000000001', 'bed4279d-8c68-4d76-81c2-6a43b798f123', '1.517778', '0.000', '12.000', '2ad3b369-d39d-443e-b291-48088cd63d08', '0.0000', NULL, '40.99', '0', '0', '4.000'),
  ('6d980b94-7bcf-461a-af6e-243157c3f98b', '00000000-0000-0000-0000-000000000001', '823b460f-8281-42f9-a523-6e7854c53024', '0.245625', '0.000', '3.000', '81b34949-1fde-4237-9411-052cb8daaec9', '0.0000', NULL, '11.79', '0', '0', '0.000'),
  ('70e1be6b-dee3-41fa-9c01-6e40ab4bd247', '00000000-0000-0000-0000-000000000001', '9a0d9074-282d-4190-a804-5c3ba87f1690', '3.33', '0.000', '8.000', 'd26926e6-e8e4-4b2a-8dd8-737571eae415', '0.0000', NULL, '20', '0', '0', '3.000'),
  ('713520d1-ffd6-4348-a6bf-a7d6f8fae5f3', '00000000-0000-0000-0000-000000000001', 'de2debc5-3e8a-434a-ae78-4859c738fe5e', '0.53', '0.000', '0.000', NULL, '0.0000', NULL, '3.2', '0', '0', '0.000'),
  ('715d64b8-8ca5-4b4f-9ed9-fa5d7fd38ac9', '00000000-0000-0000-0000-000000000001', '92e0d0fc-0e56-4674-bfee-dd33a36af0a8', '0.085877', '0.000', '1.000', '023cba00-1b67-4218-a906-cb18a8e62964', '0.0000', NULL, '58.73', '0', '0', '0.000'),
  ('7419d7f6-8a4d-4810-a7d3-207ed540a9eb', '00000000-0000-0000-0000-000000000001', 'e8df72a7-58e6-4a19-b132-64427bf54d3b', '3.072727', '0.000', '1.000', 'd5e3adcc-61d0-4401-a391-542170496ad3', '0.0000', NULL, '84.5', '0', '0', '0.000'),
  ('7436ef5f-34b8-4691-a8d9-bd6d1a47dba0', '00000000-0000-0000-0000-000000000001', 'e08a369c-dd00-43d6-9ee2-d3ee4af54c0e', '2.400000', '0.000', '5.000', '137f2d47-45dd-4ed7-bb29-9bfb9a6a00e9', '0.0000', NULL, '48', '0', '0', '0.000'),
  ('7643e943-ebae-4bdd-bb48-c22f368cdd2a', '00000000-0000-0000-0000-000000000001', '7833a31f-539b-4d72-bd19-e7038243e003', '33.95', '0.000', '5.000', 'd26926e6-e8e4-4b2a-8dd8-737571eae415', '0.0000', NULL, '33.95', '0', '0', '6.000'),
  ('79158e8a-9ded-4615-8e61-33a8be5388ce', '00000000-0000-0000-0000-000000000001', 'ecad4c33-f188-4153-ac67-992964dc284f', '18.47', '0.000', '1.000', '023cba00-1b67-4218-a906-cb18a8e62964', '0.0000', NULL, '73.89', '0', '0', '0.000'),
  ('79d4531b-a9af-4e1e-a4d1-e4e08149ca97', '00000000-0000-0000-0000-000000000001', '00fb5225-3af3-4512-80f4-ac58c5563d36', '1.797778', '0.000', '8.000', '2ad3b369-d39d-443e-b291-48088cd63d08', '0.0000', NULL, '48.55', '0', '0', '5.000'),
  ('79f88b5d-d33c-40cd-bf43-8889fb266401', '00000000-0000-0000-0000-000000000001', 'a3f2b936-07f8-4bdd-bfe8-e8030424d19a', '0.106980', '0.000', '3.000', 'd5e3adcc-61d0-4401-a391-542170496ad3', '0.0000', NULL, '53.49', '0', '0', '0.000'),
  ('7a7b555c-bbd3-49cb-a3a5-02308c19bc69', '00000000-0000-0000-0000-000000000001', 'baafd276-f6ab-44eb-9a12-4aa230507c91', '0.400000', '0.000', '1.000', 'd26926e6-e8e4-4b2a-8dd8-737571eae415', '0.0000', NULL, '20', '0', '0', '1.000'),
  ('81ffa4e7-ef0a-4d25-9f03-c890c35f66ac', '00000000-0000-0000-0000-000000000001', '7efd5415-60c1-43bf-828d-3b885c5303f7', '0.10', '0.000', '2.000', 'd5e3adcc-61d0-4401-a391-542170496ad3', '0.0000', NULL, '25', '0', '0', '0.000'),
  ('859f5af9-6cf1-423f-9260-d630a7d76fc0', '00000000-0000-0000-0000-000000000001', 'c853edfc-682f-4557-8416-40841519b13e', '0.119758', '0.000', '8.000', '81b34949-1fde-4237-9411-052cb8daaec9', '0.0000', NULL, '9.88', '0', '0', '0.000'),
  ('892fe919-1a2a-45db-b1f7-0d4d793a8fdc', '00000000-0000-0000-0000-000000000001', '78dcff40-8e5d-4628-b80c-f96097009615', '2.475000', '0.000', '1.000', '023cba00-1b67-4218-a906-cb18a8e62964', '0.0000', NULL, '98.99', '0', '0', '0.000'),
  ('8b2b81a5-beb3-4da6-94c0-4d03475afee3', '00000000-0000-0000-0000-000000000001', 'd5626fc8-d58b-412b-b63d-29ba6f53171d', '0.10', '0.000', '2.000', 'd5e3adcc-61d0-4401-a391-542170496ad3', '0.0000', NULL, '25', '0', '0', '0.000'),
  ('8ce41bf8-7299-48e6-a6a5-9d33fa5e8c0d', '00000000-0000-0000-0000-000000000001', 'aee2644b-c234-4ee3-adc0-d10248118f29', '22.000000', '0.000', '2.000', '137f2d47-45dd-4ed7-bb29-9bfb9a6a00e9', '0.0000', NULL, '220', '0', '0', '0.000'),
  ('8ee7cb64-93dd-4462-8f74-2f354784faa4', '00000000-0000-0000-0000-000000000001', 'dc9ed6bc-6e26-4d3e-a99b-0615a614dcd6', '0.18', '0.000', '2.000', 'd5e3adcc-61d0-4401-a391-542170496ad3', '0.0000', NULL, '44.5', '0', '0', '0.000'),
  ('8f7ac07a-a0d2-4427-97a9-dd3ade5e6633', '00000000-0000-0000-0000-000000000001', 'c6d5c4d7-eacb-47ac-8692-f0618154057c', '0.00', '0.000', '3.000', 'd26926e6-e8e4-4b2a-8dd8-737571eae415', '0.0000', NULL, '32', '0', '0', '0.000'),
  ('92c4d114-b121-41f3-ac7d-4b7efac30254', '00000000-0000-0000-0000-000000000001', '34f80fe4-e0b2-4ec4-9637-07e6f7c1ba80', '0.67', '0.000', '36.000', 'b1ee724a-8626-45ab-85d4-14a99e7cbc45', '0.0000', NULL, '24', '0', '0', '0.000'),
  ('939bb8cc-611e-453d-a849-92b7db954a9f', '00000000-0000-0000-0000-000000000001', '4498705d-b6dc-45c2-a218-0d1889419474', '2.00', '0.000', '20.000', 'b1ee724a-8626-45ab-85d4-14a99e7cbc45', '0.0000', NULL, '20', '0', '0', '2.000'),
  ('960ee742-5132-4147-95e8-2ff384b49847', '00000000-0000-0000-0000-000000000001', '961b39e4-dd53-4e56-bdaa-5f7d2d1f5729', '0.007000', '0.000', '2.000', '137f2d47-45dd-4ed7-bb29-9bfb9a6a00e9', '0.0000', NULL, '35', '0', '0', '0.000'),
  ('9771ee39-c322-4286-8175-0213c662dd4d', '00000000-0000-0000-0000-000000000001', 'ca128ac1-cfe1-41df-b621-66e8e09a142c', '1.947000', '0.000', '8.000', '023cba00-1b67-4218-a906-cb18a8e62964', '0.0000', NULL, '77.87', '0', '0', '0.000'),
  ('979124d7-931c-43c2-a129-a9d13f03341c', '00000000-0000-0000-0000-000000000001', '222e9758-5b46-4d13-84cb-5ccc69ae4526', '1.000000', '0.000', '2.000', 'd26926e6-e8e4-4b2a-8dd8-737571eae415', '0.0000', NULL, '24', '0', '0', '2.000'),
  ('997d1738-0ed8-47d9-a766-f4ecbb291e12', '00000000-0000-0000-0000-000000000001', '5764257b-e8a4-4e62-8cc0-a2293762203c', '0.17', '0.000', '4.000', 'd5e3adcc-61d0-4401-a391-542170496ad3', '0.0000', NULL, '25.49', '0', '0', '0.000'),
  ('99eae9c7-4a81-4ee7-a3b0-85cd78e20695', '00000000-0000-0000-0000-000000000001', '83b9b9c2-0243-4539-9eb4-320ce34cebeb', '1.328000', '0.000', '2.000', '023cba00-1b67-4218-a906-cb18a8e62964', '0.0000', NULL, '39.85', '0', '0', '0.000'),
  ('9abaa549-ae67-492c-84e9-1fdca4243b23', '00000000-0000-0000-0000-000000000001', '36659e79-0095-4d82-871d-3d097c2599a4', '1.54', '0.000', '6.000', 'ffcdf7bd-e6c9-4a32-bf77-ed95f84dee6d', '0.0000', NULL, '15.39', '0', '0', '30.000'),
  ('9b949b63-24e1-4ae5-8464-a8db6fae8c1f', '00000000-0000-0000-0000-000000000001', 'cce48a4b-db9d-4d22-8341-803b0d0be6ef', '2.552000', '0.000', '3.000', '81b34949-1fde-4237-9411-052cb8daaec9', '0.0000', NULL, '12.76', '0', '0', '0.000'),
  ('9f71fbc4-d42d-4585-8fd1-0e9f0d75ebb2', '00000000-0000-0000-0000-000000000001', '86ea75bb-c53b-483e-8147-bfdb69b7c557', '2.900000', '0.000', '1.000', 'd26926e6-e8e4-4b2a-8dd8-737571eae415', '0.0000', NULL, '58', '0', '0', '6.000'),
  ('9f975dbd-b47c-493e-8bcb-6eb1d3593d51', '00000000-0000-0000-0000-000000000001', '8518e0d9-5093-4483-9561-0b52f09eb109', '1.88', '0.000', '1.000', 'd26926e6-e8e4-4b2a-8dd8-737571eae415', '0.0000', NULL, '22.5', '0', '0', '18.000'),
  ('a2c1409f-72fe-469c-a6d3-8c86635ae91b', '00000000-0000-0000-0000-000000000001', '9ee3f545-3154-411b-9ff5-90ff32b1d834', '7.32', '0.000', '1.000', '023cba00-1b67-4218-a906-cb18a8e62964', '0.0000', NULL, '29.27', '0', '0', '0.000'),
  ('a3b93ce8-842c-42d5-b7e5-00306de95397', '00000000-0000-0000-0000-000000000001', '39794817-cf16-4ebe-9ae1-402e36d73dc0', '0.317000', '0.000', '18.000', '2ad3b369-d39d-443e-b291-48088cd63d08', '0.0000', NULL, '37.99', '0', '0', '9.000'),
  ('a3ee0696-06ab-4bf2-9530-dc11d3e1d3a6', '00000000-0000-0000-0000-000000000001', 'e525ce29-acd4-4a3d-81ff-f796ecaa1f3b', '2.640000', '0.000', '1.000', 'd5e3adcc-61d0-4401-a391-542170496ad3', '0.0000', NULL, '66', '0', '0', '0.000'),
  ('a544def6-9fe4-4615-b759-47ad3ef480da', '00000000-0000-0000-0000-000000000001', '0a4c497f-1d74-4e44-9cce-705a0830535c', '13.13', '0.000', '24.000', '2ad3b369-d39d-443e-b291-48088cd63d08', '0.0000', NULL, '157.59', '0', '0', '12.000'),
  ('a70ec98b-463e-40bc-a1c8-4e9ce951ea7f', '00000000-0000-0000-0000-000000000001', 'f643b4ca-2e8f-4bb2-875e-ad9db157cdbf', '0.440000', '0.000', '2.000', 'd26926e6-e8e4-4b2a-8dd8-737571eae415', '0.0000', NULL, '22', '0', '0', '1.000'),
  ('a874ae45-7817-496e-ad12-702dcf568918', '00000000-0000-0000-0000-000000000001', 'db453c34-02ac-42ee-8e24-95249fce32f5', '7.150000', '0.000', '1.000', 'd5e3adcc-61d0-4401-a391-542170496ad3', '0.0000', NULL, '143', '0', '0', '0.000'),
  ('a9c817fd-671e-428b-8e22-51ef9a045d86', '00000000-0000-0000-0000-000000000001', 'f523aa23-d871-41ea-a0ff-469cf7a497be', '4.000000', '0.000', '2.000', 'd5e3adcc-61d0-4401-a391-542170496ad3', '0.0000', NULL, '80', '0', '0', '0.000'),
  ('aaf59c2c-9a34-447b-8c68-b781d0e201ad', '00000000-0000-0000-0000-000000000001', '7a9f40de-8c8d-4c9c-bb38-ba5e76ed4874', '0.722500', '0.000', '24.000', '023cba00-1b67-4218-a906-cb18a8e62964', '0.0000', NULL, '23.13', '0', '0', '0.000'),
  ('ab91a6c4-da73-4c6b-84ae-7107758cd82f', '00000000-0000-0000-0000-000000000001', '7946c6d6-3797-420f-b1d0-fcd7dd34d0be', '0.540000', '0.000', '2.000', 'd26926e6-e8e4-4b2a-8dd8-737571eae415', '0.0000', NULL, '27', '0', '0', '2.000'),
  ('af8df142-41d5-4248-a333-73cf861f43a5', '00000000-0000-0000-0000-000000000001', 'e30c2f0e-b903-4e23-95af-6220282c344c', '0.53', '0.000', '72.000', 'b1ee724a-8626-45ab-85d4-14a99e7cbc45', '0.0000', NULL, '19.02', '0', '0', '72.000'),
  ('b54e1994-38f8-4699-a0fc-4b2c7bbb5da3', '00000000-0000-0000-0000-000000000001', 'ba306de2-27ba-44dc-b84f-3c6dee5d7c99', '3.686667', '0.000', '8.000', '2ad3b369-d39d-443e-b291-48088cd63d08', '0.0000', NULL, '33.18', '0', '0', '6.000'),
  ('b62c91ad-8f90-4518-82c5-4af1fa5f2ab4', '00000000-0000-0000-0000-000000000001', 'f6af9c55-bf49-4bef-a0d2-ba9b69c544eb', '4.24', '0.000', '6.000', 'd26926e6-e8e4-4b2a-8dd8-737571eae415', '0.0000', NULL, '16.95', '0', '0', '2.000'),
  ('b63114a0-2f12-44d3-a1e0-1499d1cdcd98', '00000000-0000-0000-0000-000000000001', '649d2897-67af-4d52-9157-0a43d1a8a8ea', '2.133333', '0.000', '1.500', 'd26926e6-e8e4-4b2a-8dd8-737571eae415', '0.0000', NULL, '32', '0', '0', '1.500'),
  ('badd2610-1996-46d2-b576-aa9a504e6033', '00000000-0000-0000-0000-000000000001', 'dd028a48-8c08-4505-b409-88ea0090a2fa', '0.056850', '0.000', '2.000', 'd26926e6-e8e4-4b2a-8dd8-737571eae415', '0.0000', NULL, '56.85', '0', '0', '3.000'),
  ('c23b90d0-2b53-4c4f-baa2-e82a9ca35164', '00000000-0000-0000-0000-000000000001', '81838a7b-7681-470c-a47c-1f7309017b31', '0.400000', '0.000', '2.000', 'd26926e6-e8e4-4b2a-8dd8-737571eae415', '0.0000', NULL, '20', '0', '0', '2.000'),
  ('c78b8920-3748-4c83-9580-53dca4a1443c', '00000000-0000-0000-0000-000000000001', '9bd04c02-821e-4dd0-b3d5-f9c3d5279362', '4.276087', '0.000', '6.000', 'd26926e6-e8e4-4b2a-8dd8-737571eae415', '0.0000', NULL, '19.67', '0', '0', '4.000'),
  ('c7cad3bf-0293-4034-a0b1-d26b834e552f', '00000000-0000-0000-0000-000000000001', 'c021ac34-45ff-4874-a66f-e0d62443c307', '13.120000', '0.000', '1.000', '023cba00-1b67-4218-a906-cb18a8e62964', '0.0000', NULL, '26.24', '0', '0', '0.000'),
  ('c7f9846e-60e9-47d9-90f4-f8aaf488d925', '00000000-0000-0000-0000-000000000001', 'a4e685e5-a8e2-428c-a577-45e8b595238b', '1.534000', '0.000', '4.000', 'd5e3adcc-61d0-4401-a391-542170496ad3', '0.0000', NULL, '46', '0', '0', '0.000'),
  ('c8444469-a740-4b47-baab-58e1afff4702', '00000000-0000-0000-0000-000000000001', 'e4c58c56-e046-467e-95d0-abcb172e85b7', '2.30', '0.000', '20.000', 'ffcdf7bd-e6c9-4a32-bf77-ed95f84dee6d', '0.0000', NULL, '22.99', '0', '0', '1.000'),
  ('c93a9e2a-9721-49b5-967c-e4d770dec494', '00000000-0000-0000-0000-000000000001', 'e7776e0a-38c9-4c59-b813-1a0ce467cf6f', '2.217000', '0.000', '4.000', 'd26926e6-e8e4-4b2a-8dd8-737571eae415', '0.0000', NULL, '88.68', '0', '0', '7.000'),
  ('c9a62517-516b-4fa3-8308-638596c54b0c', '00000000-0000-0000-0000-000000000001', '8221c029-1930-45c4-9b83-433f5d4d7729', '5.150000', '0.000', '12.000', '137f2d47-45dd-4ed7-bb29-9bfb9a6a00e9', '0.0000', NULL, '103', '0', '0', '0.000'),
  ('c9f631c9-91a3-4290-8391-822d3b09421b', '00000000-0000-0000-0000-000000000001', '927eba38-d969-424a-879f-5a87c56d9788', '24.59', '0.000', '1.000', '023cba00-1b67-4218-a906-cb18a8e62964', '0.0000', NULL, '49.17', '0', '0', '0.000'),
  ('cd95b360-ba4c-4a5d-8fa7-0e992d586670', '00000000-0000-0000-0000-000000000001', 'df80f14a-de16-49f0-848e-2dbfcccb106f', '4.49', '0.000', '4.000', 'd26926e6-e8e4-4b2a-8dd8-737571eae415', '0.0000', NULL, '4.49', '0', '0', '1.000'),
  ('cd9bf450-a061-4585-982a-1d0a60b70fc8', '00000000-0000-0000-0000-000000000001', 'a89beb1b-0a7c-477b-88a0-b45e9489c483', '0.21', '0.000', '4.000', 'd5e3adcc-61d0-4401-a391-542170496ad3', '0.0000', NULL, '31', '0', '0', '0.000'),
  ('cdcd6548-99e4-453d-ab70-024755f4792c', '00000000-0000-0000-0000-000000000001', 'e396fd04-b7ad-472c-b9d0-cf225e27ccb6', '0.130625', '0.000', '2.000', '023cba00-1b67-4218-a906-cb18a8e62964', '0.0000', NULL, '25.09', '0', '0', '0.000'),
  ('d01cac46-af5b-4247-8567-a1f6c12bdd02', '00000000-0000-0000-0000-000000000001', '6eee1bdc-fd68-471b-a1b5-2f2b39c08e28', '0.44', '0.000', '0.000', NULL, '0.0000', NULL, '5.3', '0', '0', '0.000'),
  ('d156c69e-10ce-4073-b7dc-727e2751ff70', '00000000-0000-0000-0000-000000000001', '69bfd90a-4535-41d7-a1fc-b11ccde77d65', '0.044000', '0.000', '3.000', '02dff3a5-e7b9-42ec-ba6d-0b3bc4bb6f99', '0.0000', NULL, '22', '0', '0', '0.000'),
  ('d1d8bf01-8b17-4716-8354-9a0a7ea2ba79', '00000000-0000-0000-0000-000000000001', '06c0244f-0aeb-4906-ae77-1a922bf341e3', '0.11', '0.000', '2.000', 'd5e3adcc-61d0-4401-a391-542170496ad3', '0.0000', NULL, '53', '0', '0', '0.000'),
  ('d68e1a72-f5c1-49be-81ff-6b48a7ccb8c9', '00000000-0000-0000-0000-000000000001', 'e33af60e-2bb5-41f1-8f51-b970f8637e67', '2.118750', '0.000', '1.000', '2ad3b369-d39d-443e-b291-48088cd63d08', '0.0000', NULL, '16.95', '0', '0', '1.000'),
  ('d7609706-d695-48c1-8aa4-a6d9e96fea48', '00000000-0000-0000-0000-000000000001', '375c3f93-14d5-49cd-871c-7a370e9f34e1', '3.997500', '0.000', '4.000', 'd5e3adcc-61d0-4401-a391-542170496ad3', '0.0000', NULL, '15.99', '0', '0', '0.000'),
  ('d7fd5097-de3d-4049-bb2e-e6786993326e', '00000000-0000-0000-0000-000000000001', 'd3398cb2-f287-4c67-8912-7049ba896d87', '13.74', '0.000', '6.000', '2ad3b369-d39d-443e-b291-48088cd63d08', '0.0000', NULL, '54.95', '0', '0', '0.000'),
  ('d808a31e-cbd8-4a3f-b5c6-9d98d6625b6d', '00000000-0000-0000-0000-000000000001', '1be4e212-c9c2-4c44-bf17-e643d86167a2', '0.640000', '0.000', '1.000', 'd26926e6-e8e4-4b2a-8dd8-737571eae415', '0.0000', NULL, '16', '0', '0', '1.000'),
  ('d81adb8a-58fa-487c-b87d-dec1f6d664db', '00000000-0000-0000-0000-000000000001', 'eadfaf2c-b74f-437b-a6ac-89c73114426f', '1.579500', '0.000', '4.000', '2ad3b369-d39d-443e-b291-48088cd63d08', '0.0000', NULL, '63.18', '0', '0', '4.000'),
  ('d9942b65-de0d-4a00-8284-7423f6bbac87', '00000000-0000-0000-0000-000000000001', 'e55173f3-1c47-4fcb-be56-b0e716fb02ae', '0.14', '0.000', '3.000', '02dff3a5-e7b9-42ec-ba6d-0b3bc4bb6f99', '0.0000', NULL, '43', '0', '0', '0.000'),
  ('daeebe9f-ed34-4c90-ba07-7be34014d295', '00000000-0000-0000-0000-000000000001', '20201cf1-814b-49cc-933b-371b40db515c', '2.50', '0.000', '36.000', 'b1ee724a-8626-45ab-85d4-14a99e7cbc45', '0.0000', NULL, '14.99', '0', '0', '1.000'),
  ('dfd2e1ba-8a39-4eae-8eb9-6af3c1815fe9', '00000000-0000-0000-0000-000000000001', 'f78722e0-84aa-48b6-8410-fa6d323702e8', '0.220000', '0.000', '7.000', '02dff3a5-e7b9-42ec-ba6d-0b3bc4bb6f99', '0.0000', NULL, '5.5', '0', '0', '0.000'),
  ('e67ff85c-b92f-4f75-8519-2c209a475cb3', '00000000-0000-0000-0000-000000000001', 'dc46d429-9ab6-4747-8e8a-9ecc002e235d', '3.547857', '0.000', '4.000', '023cba00-1b67-4218-a906-cb18a8e62964', '0.0000', NULL, '99.34', '0', '0', '0.000'),
  ('e84d2887-8ded-4079-b283-f853e6cd3f68', '00000000-0000-0000-0000-000000000001', '78494df8-fab5-4f41-8bcc-7d1cc15fd42f', '4.00', '0.000', '6.000', 'd26926e6-e8e4-4b2a-8dd8-737571eae415', '0.0000', NULL, '16', '0', '0', '0.000'),
  ('e8ef7b7c-08d4-4d06-97b6-fc3b26e860df', '00000000-0000-0000-0000-000000000001', 'c17f9b15-c0b2-4da3-a330-caad91f37714', '3.200000', '0.000', '4.000', '137f2d47-45dd-4ed7-bb29-9bfb9a6a00e9', '0.0000', NULL, '70.56', '0', '0', '0.000'),
  ('e91d4f03-298f-48db-ad0b-6408834839d0', '00000000-0000-0000-0000-000000000001', '67d9e32e-66d9-41d2-87d7-4e0e5e1cdb16', '0.58', '0.000', '70.000', 'b1ee724a-8626-45ab-85d4-14a99e7cbc45', '0.0000', NULL, '20.34', '0', '0', '70.000'),
  ('ea1a73bc-4e34-43c4-a185-e8b7c76e29da', '00000000-0000-0000-0000-000000000001', 'ca22a93c-7059-42e8-9101-aae2e4946fd4', '22.43', '0.000', '1.000', '023cba00-1b67-4218-a906-cb18a8e62964', '0.0000', NULL, '89.72', '0', '0', '0.000'),
  ('ebc12014-047f-4256-8530-805bd42a358f', '00000000-0000-0000-0000-000000000001', 'bdc995cc-559a-46ed-8c02-91085ad91a1c', '4.498000', '0.000', '4.000', 'd5e3adcc-61d0-4401-a391-542170496ad3', '0.0000', NULL, '22.49', '0', '0', '0.000'),
  ('ecef0dc1-c531-4e79-b08a-e7149b74cd81', '00000000-0000-0000-0000-000000000001', '407dfd50-b005-4dd6-8e17-3fb7f5b63fe8', '12.000000', '0.000', '2.000', '137f2d47-45dd-4ed7-bb29-9bfb9a6a00e9', '0.0000', NULL, '240', '0', '0', '0.000'),
  ('ed73ba00-f6dc-4330-bf66-92b0ed125656', '00000000-0000-0000-0000-000000000001', '09000896-9ecf-4806-a4fc-f9d81838d624', '3.750000', '0.000', '2.000', 'd5e3adcc-61d0-4401-a391-542170496ad3', '0.0000', NULL, '75', '0', '0', '0.000'),
  ('ee44e37c-c5e2-4249-80dd-18583fb2b52d', '00000000-0000-0000-0000-000000000001', 'c70423a8-933a-4737-98fd-434c91ecf563', '0.020500', '0.000', '3.000', 'd26926e6-e8e4-4b2a-8dd8-737571eae415', '0.0000', NULL, '20.5', '0', '0', '0.000'),
  ('f2a68716-a45f-4e83-85fc-40bf09c9e914', '00000000-0000-0000-0000-000000000001', 'bf54f8dd-43c1-4f21-bb4e-374963f7a301', '8.400000', '0.000', '2.000', 'd5e3adcc-61d0-4401-a391-542170496ad3', '0.0000', NULL, '42', '0', '0', '0.000'),
  ('f3283377-6dbd-4294-a203-ff86cf82d40d', '00000000-0000-0000-0000-000000000001', '32419ad3-d6e1-4adc-8fcf-50f6368aede3', '40.00', '0.000', '2.000', 'd26926e6-e8e4-4b2a-8dd8-737571eae415', '0.0000', NULL, '40', '0', '0', '1.000'),
  ('f4ee3ab4-e4f8-4026-bdfd-b5a6cb30b478', '00000000-0000-0000-0000-000000000001', '9ecc419c-db25-4428-a136-d1753acd1e6a', '12.700000', '0.000', '5.000', '023cba00-1b67-4218-a906-cb18a8e62964', '0.0000', NULL, '381', '0', '0', '0.000'),
  ('f551cdef-3542-4313-96a0-78938032ca89', '00000000-0000-0000-0000-000000000001', 'dd243931-b4e4-4d4d-9bdb-20f0319bf61a', '0.016500', '0.000', '2.000', '02dff3a5-e7b9-42ec-ba6d-0b3bc4bb6f99', '0.0000', NULL, '33', '0', '0', '0.000'),
  ('fb91b682-b74f-4c77-b3dd-72ab98c208ee', '00000000-0000-0000-0000-000000000001', '35c97899-a13f-4167-9bb2-a1194f91a925', '3.21', '0.000', '4.000', 'ffcdf7bd-e6c9-4a32-bf77-ed95f84dee6d', '0.0000', NULL, '3.21', '0', '0', '4.000'),
  ('fdfa0c4c-5a9e-438f-9e13-6444fea981fc', '00000000-0000-0000-0000-000000000001', '43829a50-b181-4297-a362-ba25606b658c', '3.140000', '0.000', '4.000', 'd5e3adcc-61d0-4401-a391-542170496ad3', '0.0000', NULL, '10.99', '0', '0', '0.000'),
  ('fecd3ff0-25c2-4e1f-9f89-c9a7c7957f0e', '00000000-0000-0000-0000-000000000001', 'f42c72f3-aafa-4238-bdf6-46f00fd87ecf', '1.932000', '0.000', '5.000', '67b0d204-5e27-439a-bc06-3675444b3388', '0.0000', NULL, '29', '0', '0', '0.000'),
  ('01de0685-5bf8-43d9-a652-e9f117ee59dd', '0f240390-edda-4b25-8c72-45eeb2ce1988', '81838a7b-7681-470c-a47c-1f7309017b31', '0.400000', '0.000', '2.000', 'd26926e6-e8e4-4b2a-8dd8-737571eae415', '0.0000', NULL, '20', '0', '0', '0.000'),
  ('04b160b7-9bb3-479e-9ab6-6adf07d17eca', '0f240390-edda-4b25-8c72-45eeb2ce1988', 'da7319cc-ade2-410d-80fc-72133d82ad5a', '0.58', '0.000', '70.000', 'b1ee724a-8626-45ab-85d4-14a99e7cbc45', '0.0000', NULL, '20.34', '0', '0', '0.000'),
  ('04c43fe7-880d-406a-ac1d-81c08d97a6f4', '0f240390-edda-4b25-8c72-45eeb2ce1988', '34c2807e-2f85-4f8e-b084-ddac0e474b5b', '0.100000', '0.000', '2.000', '137f2d47-45dd-4ed7-bb29-9bfb9a6a00e9', '0.0000', NULL, '50', '0', '0', '0.000'),
  ('0eb9f97e-d471-4e8e-9680-408d372b0ffa', '0f240390-edda-4b25-8c72-45eeb2ce1988', '4756068e-7f3f-4325-9fda-6dbb7f51d7e5', '1.000000', '0.000', '4.000', '137f2d47-45dd-4ed7-bb29-9bfb9a6a00e9', '0.0000', NULL, '30', '0', '0', '0.000'),
  ('0ff27761-380b-4904-a404-b276c5b335e4', '0f240390-edda-4b25-8c72-45eeb2ce1988', '222e9758-5b46-4d13-84cb-5ccc69ae4526', '1.000000', '0.000', '2.000', 'd26926e6-e8e4-4b2a-8dd8-737571eae415', '0.0000', NULL, '24', '0', '0', '0.000'),
  ('104e6967-a845-425c-af2b-c37b94a6820f', '0f240390-edda-4b25-8c72-45eeb2ce1988', 'b5df0d22-7baa-4c5f-8cb9-d5361e307352', '0.305278', '0.000', '10.000', 'b1ee724a-8626-45ab-85d4-14a99e7cbc45', '0.0000', NULL, '10.99', '0', '0', '0.000'),
  ('1476a75e-56b0-4a89-9af8-195b5340454f', '0f240390-edda-4b25-8c72-45eeb2ce1988', 'de2debc5-3e8a-434a-ae78-4859c738fe5e', '0.53', '0.000', '0.000', NULL, '0.0000', NULL, '3.2', '0', '0', '0.000'),
  ('167972e9-c0ce-4bee-968d-dbe2a81e55a5', '0f240390-edda-4b25-8c72-45eeb2ce1988', '4d8950d7-7538-4e66-9677-89525232932c', '3.300000', '0.000', '2.000', '137f2d47-45dd-4ed7-bb29-9bfb9a6a00e9', '0.0000', NULL, '79.2', '0', '0', '0.000'),
  ('16e1b7e9-3a7d-4a76-96f7-64e8127b16aa', '0f240390-edda-4b25-8c72-45eeb2ce1988', 'dd028a48-8c08-4505-b409-88ea0090a2fa', '0.056850', '0.000', '2.000', 'd26926e6-e8e4-4b2a-8dd8-737571eae415', '0.0000', NULL, '56.85', '0', '0', '0.000'),
  ('17d462c6-f70e-4f47-b86a-7d8868c752b4', '0f240390-edda-4b25-8c72-45eeb2ce1988', '43829a50-b181-4297-a362-ba25606b658c', '3.140000', '0.000', '4.000', 'd5e3adcc-61d0-4401-a391-542170496ad3', '0.0000', NULL, '10.99', '0', '0', '0.000'),
  ('18454e0e-7aff-446c-a8ef-f1aa19b3f28f', '0f240390-edda-4b25-8c72-45eeb2ce1988', 'ff949320-38eb-4787-aa55-ef473e06d33f', '1.500870', '0.000', '3.000', '81b34949-1fde-4237-9411-052cb8daaec9', '0.0000', NULL, '34.5', '0', '0', '0.000'),
  ('19e15251-dcf9-40be-8d78-00df65381637', '0f240390-edda-4b25-8c72-45eeb2ce1988', 'bed4279d-8c68-4d76-81c2-6a43b798f123', '1.517778', '0.000', '12.000', '2ad3b369-d39d-443e-b291-48088cd63d08', '0.0000', NULL, '40.99', '0', '0', '0.000'),
  ('1c15ff8e-9345-4fad-adfb-95f941451d1b', '0f240390-edda-4b25-8c72-45eeb2ce1988', '8518e0d9-5093-4483-9561-0b52f09eb109', '1.88', '0.000', '1.000', 'd26926e6-e8e4-4b2a-8dd8-737571eae415', '0.0000', NULL, '22.5', '0', '0', '0.000'),
  ('1cf82f0d-9366-43a9-9d5d-b000d065063e', '0f240390-edda-4b25-8c72-45eeb2ce1988', '823b460f-8281-42f9-a523-6e7854c53024', '0.245625', '0.000', '3.000', '81b34949-1fde-4237-9411-052cb8daaec9', '0.0000', NULL, '11.79', '0', '0', '0.000'),
  ('1f9a0ed8-3c37-4738-9507-cb094303a0f2', '0f240390-edda-4b25-8c72-45eeb2ce1988', 'a89beb1b-0a7c-477b-88a0-b45e9489c483', '0.21', '0.000', '4.000', 'd5e3adcc-61d0-4401-a391-542170496ad3', '0.0000', NULL, '31', '0', '0', '0.000'),
  ('20fab435-c5ee-4e1a-a3f2-9aa3348dbb0f', '0f240390-edda-4b25-8c72-45eeb2ce1988', '06c0244f-0aeb-4906-ae77-1a922bf341e3', '0.11', '0.000', '2.000', 'd5e3adcc-61d0-4401-a391-542170496ad3', '0.0000', NULL, '53', '0', '0', '0.000'),
  ('2357914e-a9b9-4946-83f0-a96467acb4a8', '0f240390-edda-4b25-8c72-45eeb2ce1988', '00fb5225-3af3-4512-80f4-ac58c5563d36', '1.797778', '0.000', '8.000', '2ad3b369-d39d-443e-b291-48088cd63d08', '0.0000', NULL, '48.55', '0', '0', '0.000'),
  ('24283a7a-9aed-429d-92d1-7117e072994c', '0f240390-edda-4b25-8c72-45eeb2ce1988', 'e165d040-b694-4a89-95cd-7691e07a2433', '0.138889', '0.000', '2.000', 'd26926e6-e8e4-4b2a-8dd8-737571eae415', '0.0000', NULL, '50', '0', '0', '0.000'),
  ('24774e45-bfb0-4af6-af78-2dd6907e04b0', '0f240390-edda-4b25-8c72-45eeb2ce1988', '33ce4244-d170-459f-9180-0e96870a2964', '0.11', '0.000', '3.000', '02dff3a5-e7b9-42ec-ba6d-0b3bc4bb6f99', '0.0000', NULL, '50', '0', '0', '0.000'),
  ('27b56583-a2e4-4e0a-9436-9a30b3f1bce5', '0f240390-edda-4b25-8c72-45eeb2ce1988', 'b8a59a52-bb93-4508-b1a0-3f0fc1ccf06a', '9.75', '0.000', '1.000', 'd5e3adcc-61d0-4401-a391-542170496ad3', '0.0000', NULL, '39', '0', '0', '0.000'),
  ('2c64ddde-7004-4f5e-b0c5-df3ac3f20efd', '0f240390-edda-4b25-8c72-45eeb2ce1988', '36659e79-0095-4d82-871d-3d097c2599a4', '1.54', '0.000', '6.000', 'ffcdf7bd-e6c9-4a32-bf77-ed95f84dee6d', '0.0000', NULL, '15.39', '0', '0', '0.000'),
  ('2cb195ba-b829-4923-b5fe-fd548065f844', '0f240390-edda-4b25-8c72-45eeb2ce1988', 'e55173f3-1c47-4fcb-be56-b0e716fb02ae', '0.14', '0.000', '3.000', '02dff3a5-e7b9-42ec-ba6d-0b3bc4bb6f99', '0.0000', NULL, '43', '0', '0', '0.000'),
  ('2cee3943-6fdf-427d-b74c-5dc8447a927d', '0f240390-edda-4b25-8c72-45eeb2ce1988', '0a4c497f-1d74-4e44-9cce-705a0830535c', '13.13', '0.000', '24.000', '2ad3b369-d39d-443e-b291-48088cd63d08', '0.0000', NULL, '157.59', '0', '0', '0.000'),
  ('2fa6fc9d-5fdb-408f-af4d-680bd130dd11', '0f240390-edda-4b25-8c72-45eeb2ce1988', 'f78722e0-84aa-48b6-8410-fa6d323702e8', '0.220000', '0.000', '7.000', '02dff3a5-e7b9-42ec-ba6d-0b3bc4bb6f99', '0.0000', NULL, '5.5', '0', '0', '0.000'),
  ('30509a1b-736a-49ca-ae2a-86a8e9439b01', '0f240390-edda-4b25-8c72-45eeb2ce1988', '61bcb565-c115-4b84-bd9d-b1b2a5120f6c', '1.910909', '0.000', '2.000', '023cba00-1b67-4218-a906-cb18a8e62964', '0.0000', NULL, '21.02', '0', '0', '0.000'),
  ('321d6702-b4ea-4541-9caa-68d7fc3d87a2', '0f240390-edda-4b25-8c72-45eeb2ce1988', 'aee2644b-c234-4ee3-adc0-d10248118f29', '22.000000', '0.000', '2.000', '137f2d47-45dd-4ed7-bb29-9bfb9a6a00e9', '0.0000', NULL, '220', '0', '0', '0.000'),
  ('322fe613-db3c-4bec-b262-628c57131862', '0f240390-edda-4b25-8c72-45eeb2ce1988', '6106cc35-b903-4105-918d-d6bbb09bc1c2', '0.072917', '0.000', '6.000', 'ffcdf7bd-e6c9-4a32-bf77-ed95f84dee6d', '0.0000', NULL, '7', '0', '0', '0.000'),
  ('333afb53-90c9-4e04-a16a-76bb816ca163', '0f240390-edda-4b25-8c72-45eeb2ce1988', '4abf87ab-9a98-442d-8439-ca502a843299', '0.313636', '0.000', '24.000', '2ad3b369-d39d-443e-b291-48088cd63d08', '0.0000', NULL, '41.37', '0', '0', '0.000'),
  ('340d93ae-b0b5-45da-bfd6-aa0a35508a01', '0f240390-edda-4b25-8c72-45eeb2ce1988', 'c70423a8-933a-4737-98fd-434c91ecf563', '0.020500', '0.000', '3.000', 'd26926e6-e8e4-4b2a-8dd8-737571eae415', '0.0000', NULL, '20.5', '0', '0', '0.000'),
  ('3862d04c-c2a2-4c1b-87d1-562afe0c5318', '0f240390-edda-4b25-8c72-45eeb2ce1988', '782ba85b-539a-4142-831b-8f95a6aaa7af', '0.024500', '0.000', '2.000', '02dff3a5-e7b9-42ec-ba6d-0b3bc4bb6f99', '0.0000', NULL, '49', '0', '0', '0.000'),
  ('38818f79-3062-46e2-bd85-144271d1e11d', '0f240390-edda-4b25-8c72-45eeb2ce1988', 'ac061cac-05ec-499f-9707-cd1ffcadd3b5', '0.100000', '0.000', '3.000', '02dff3a5-e7b9-42ec-ba6d-0b3bc4bb6f99', '0.0000', NULL, '50', '0', '0', '0.000'),
  ('39fe73a8-3c2e-42af-8324-a8e1775c9877', '0f240390-edda-4b25-8c72-45eeb2ce1988', '20201cf1-814b-49cc-933b-371b40db515c', '2.50', '0.000', '36.000', 'b1ee724a-8626-45ab-85d4-14a99e7cbc45', '0.0000', NULL, '14.99', '0', '0', '0.000'),
  ('3a697e7a-651d-4070-b6b8-42d01e493038', '0f240390-edda-4b25-8c72-45eeb2ce1988', 'e4c58c56-e046-467e-95d0-abcb172e85b7', '2.30', '0.000', '20.000', 'ffcdf7bd-e6c9-4a32-bf77-ed95f84dee6d', '0.0000', NULL, '22.99', '0', '0', '0.000'),
  ('3fd48ceb-5e6a-4dd2-a009-8dba2a29f22a', '0f240390-edda-4b25-8c72-45eeb2ce1988', 'd3398cb2-f287-4c67-8912-7049ba896d87', '13.74', '0.000', '6.000', '2ad3b369-d39d-443e-b291-48088cd63d08', '0.0000', NULL, '54.95', '0', '0', '0.000'),
  ('42e28018-eeb1-43e0-80d9-6ed3f6792c1c', '0f240390-edda-4b25-8c72-45eeb2ce1988', 'dc46d429-9ab6-4747-8e8a-9ecc002e235d', '3.547857', '0.000', '4.000', '023cba00-1b67-4218-a906-cb18a8e62964', '0.0000', NULL, '99.34', '0', '0', '0.000'),
  ('43476c96-cb6f-480d-971e-03844549d5a4', '0f240390-edda-4b25-8c72-45eeb2ce1988', 'af950cb6-9a59-4fed-9e27-5fe1b46304e1', '2.900000', '0.000', '2.000', '023cba00-1b67-4218-a906-cb18a8e62964', '0.0000', NULL, '15.95', '0', '0', '0.000'),
  ('437bb505-2d34-4a24-a4f1-57a0c3292e8f', '0f240390-edda-4b25-8c72-45eeb2ce1988', 'd8fa0788-c48c-4046-8dbe-e9072203620d', '18.53', '0.000', '1.000', '023cba00-1b67-4218-a906-cb18a8e62964', '0.0000', NULL, '74.12', '0', '0', '0.000'),
  ('449e52d3-3f54-43de-a09c-81759f2de117', '0f240390-edda-4b25-8c72-45eeb2ce1988', '8096f99c-351c-4694-9cc9-bc1aef229cee', '2.406667', '0.000', '3.000', '023cba00-1b67-4218-a906-cb18a8e62964', '0.0000', NULL, '72.19', '0', '0', '0.000'),
  ('44ebc243-bf04-40b7-b6d6-969e88897691', '0f240390-edda-4b25-8c72-45eeb2ce1988', 'bdc995cc-559a-46ed-8c02-91085ad91a1c', '4.498000', '0.000', '4.000', 'd5e3adcc-61d0-4401-a391-542170496ad3', '0.0000', NULL, '22.49', '0', '0', '0.000'),
  ('4b43abf3-21c2-477c-9f69-a8e2f0a6ef49', '0f240390-edda-4b25-8c72-45eeb2ce1988', 'c8875242-31a3-4fe1-9022-ded47106a5b8', '0.61', '0.000', '48.000', 'b1ee724a-8626-45ab-85d4-14a99e7cbc45', '0.0000', NULL, '14.62', '0', '0', '0.000'),
  ('4c23c52c-c8e8-42a6-a423-1b7d80b4a3d2', '0f240390-edda-4b25-8c72-45eeb2ce1988', 'eadfaf2c-b74f-437b-a6ac-89c73114426f', '1.579500', '0.000', '4.000', '2ad3b369-d39d-443e-b291-48088cd63d08', '0.0000', NULL, '63.18', '0', '0', '0.000'),
  ('4d1d98b5-eeea-4bef-884f-f96599a34cc2', '0f240390-edda-4b25-8c72-45eeb2ce1988', '9c4414c3-17e8-4a0a-bd6b-4130b812f39c', '8.75', '0.000', '5.000', '2ad3b369-d39d-443e-b291-48088cd63d08', '0.0000', NULL, '34.99', '0', '0', '0.000'),
  ('507cbe5a-26b1-4466-94a8-3228891d2c6d', '0f240390-edda-4b25-8c72-45eeb2ce1988', '9e11bf29-221b-488e-92c2-2ba37d706068', '0.321724', '0.000', '2.000', '81b34949-1fde-4237-9411-052cb8daaec9', '0.0000', NULL, '56', '0', '0', '0.000'),
  ('516c673d-71b2-436b-813a-7488d3257c7e', '0f240390-edda-4b25-8c72-45eeb2ce1988', '67d9e32e-66d9-41d2-87d7-4e0e5e1cdb16', '0.58', '0.000', '70.000', 'b1ee724a-8626-45ab-85d4-14a99e7cbc45', '0.0000', NULL, '20.34', '0', '0', '0.000'),
  ('5463777a-a477-481f-a131-33643b8c473e', '0f240390-edda-4b25-8c72-45eeb2ce1988', '18cb977c-8cfc-4e2b-9c91-a0ed23122467', '1.25', '0.000', '96.000', 'd26926e6-e8e4-4b2a-8dd8-737571eae415', '0.0000', NULL, '30', '0', '0', '0.000'),
  ('5615ce3e-2bde-4ce1-8ca5-e18d72d790dc', '0f240390-edda-4b25-8c72-45eeb2ce1988', '26182be6-0835-4d0b-bd33-6fdddfd86475', '0.200000', '0.000', '2.000', 'd5e3adcc-61d0-4401-a391-542170496ad3', '0.0000', NULL, '50', '0', '0', '0.000'),
  ('577611da-5752-4b74-b4e5-ce9f38580f9c', '0f240390-edda-4b25-8c72-45eeb2ce1988', '9bd04c02-821e-4dd0-b3d5-f9c3d5279362', '4.276087', '0.000', '6.000', 'd26926e6-e8e4-4b2a-8dd8-737571eae415', '0.0000', NULL, '19.67', '0', '0', '0.000'),
  ('58d8d010-acb5-4f3e-9ced-476b341145db', '0f240390-edda-4b25-8c72-45eeb2ce1988', '6eee1bdc-fd68-471b-a1b5-2f2b39c08e28', '0.44', '0.000', '0.000', NULL, '0.0000', NULL, '5.3', '0', '0', '0.000'),
  ('5b0bfc0a-65b2-40a4-9899-f1fc7c5f0c48', '0f240390-edda-4b25-8c72-45eeb2ce1988', 'e30c2f0e-b903-4e23-95af-6220282c344c', '0.53', '0.000', '72.000', 'b1ee724a-8626-45ab-85d4-14a99e7cbc45', '0.0000', NULL, '19.02', '0', '0', '0.000'),
  ('5bb865e2-894b-4a83-9359-7630ac71f763', '0f240390-edda-4b25-8c72-45eeb2ce1988', 'a4e685e5-a8e2-428c-a577-45e8b595238b', '1.534000', '0.000', '4.000', 'd5e3adcc-61d0-4401-a391-542170496ad3', '0.0000', NULL, '46', '0', '0', '0.000'),
  ('5ee30b58-b04d-4f96-a444-b7caf8b23a18', '0f240390-edda-4b25-8c72-45eeb2ce1988', '918c892d-85b0-4aae-b5b4-1be7ff2e5235', '0.04', '0.000', '2.000', 'd5e3adcc-61d0-4401-a391-542170496ad3', '0.0000', NULL, '86.99', '0', '0', '0.000'),
  ('67e0ce74-7fdb-4762-8ba1-af54f2fc333d', '0f240390-edda-4b25-8c72-45eeb2ce1988', 'e23fceba-a06a-469e-b3d2-b72d850454fa', '0.510000', '0.000', '40.000', '023cba00-1b67-4218-a906-cb18a8e62964', '0.0000', NULL, '20.41', '0', '0', '0.000'),
  ('69982588-b84b-4255-b20a-eaafb13ffc7a', '0f240390-edda-4b25-8c72-45eeb2ce1988', '1f731dc4-a20a-4260-b81e-ebd41d50159a', '16.19', '0.000', '1.000', '023cba00-1b67-4218-a906-cb18a8e62964', '0.0000', NULL, '64.75', '0', '0', '0.000'),
  ('6a9f1ad8-b502-4033-bc2d-bb040b7a0a3f', '0f240390-edda-4b25-8c72-45eeb2ce1988', 'bf54f8dd-43c1-4f21-bb4e-374963f7a301', '8.400000', '0.000', '2.000', 'd5e3adcc-61d0-4401-a391-542170496ad3', '0.0000', NULL, '42', '0', '0', '0.000'),
  ('6b7a18b5-ed3d-407e-bbff-210ad9183d29', '0f240390-edda-4b25-8c72-45eeb2ce1988', '407dfd50-b005-4dd6-8e17-3fb7f5b63fe8', '12.000000', '0.000', '2.000', '137f2d47-45dd-4ed7-bb29-9bfb9a6a00e9', '0.0000', NULL, '240', '0', '0', '0.000'),
  ('6c91db28-5da0-4a3f-a4ba-4d05b67dc948', '0f240390-edda-4b25-8c72-45eeb2ce1988', 'd2f08fce-1609-40a1-bc10-71f79ba9f8ce', '4.090000', '0.000', '2.000', '023cba00-1b67-4218-a906-cb18a8e62964', '0.0000', NULL, '40.9', '0', '0', '0.000'),
  ('6d5c80df-97d4-4e1f-9850-5ad7da78ade7', '0f240390-edda-4b25-8c72-45eeb2ce1988', 'f0b90741-8991-4d4f-be7f-47cdb18c7b55', '4.260000', '0.000', '1.000', '023cba00-1b67-4218-a906-cb18a8e62964', '0.0000', NULL, '153.36', '0', '0', '0.000'),
  ('6dfed489-2520-4581-8263-0db347287734', '0f240390-edda-4b25-8c72-45eeb2ce1988', 'f643b4ca-2e8f-4bb2-875e-ad9db157cdbf', '0.440000', '0.000', '2.000', 'd26926e6-e8e4-4b2a-8dd8-737571eae415', '0.0000', NULL, '22', '0', '0', '0.000'),
  ('72b3ee04-9a93-43e6-81f6-49e1a9ab2c4f', '0f240390-edda-4b25-8c72-45eeb2ce1988', '9ee3f545-3154-411b-9ff5-90ff32b1d834', '7.32', '0.000', '1.000', '023cba00-1b67-4218-a906-cb18a8e62964', '0.0000', NULL, '29.27', '0', '0', '0.000'),
  ('72e426c7-1c83-4b3e-baf5-9de91ef6b450', '0f240390-edda-4b25-8c72-45eeb2ce1988', 'df80f14a-de16-49f0-848e-2dbfcccb106f', '4.49', '0.000', '4.000', 'd26926e6-e8e4-4b2a-8dd8-737571eae415', '0.0000', NULL, '4.49', '0', '0', '0.000'),
  ('7351c591-11db-4441-bd33-6a1c15965443', '0f240390-edda-4b25-8c72-45eeb2ce1988', 'baafd276-f6ab-44eb-9a12-4aa230507c91', '0.400000', '0.000', '1.000', 'd26926e6-e8e4-4b2a-8dd8-737571eae415', '0.0000', NULL, '20', '0', '0', '0.000'),
  ('73b2aebd-cf4f-4f5a-99fb-abb00601895f', '0f240390-edda-4b25-8c72-45eeb2ce1988', 'c853edfc-682f-4557-8416-40841519b13e', '0.119758', '0.000', '8.000', '81b34949-1fde-4237-9411-052cb8daaec9', '0.0000', NULL, '9.88', '0', '0', '0.000'),
  ('741ed4c9-42c6-4bed-baa6-c3da452f1715', '0f240390-edda-4b25-8c72-45eeb2ce1988', 'd5626fc8-d58b-412b-b63d-29ba6f53171d', '0.10', '0.000', '2.000', 'd5e3adcc-61d0-4401-a391-542170496ad3', '0.0000', NULL, '25', '0', '0', '0.000'),
  ('76256317-a34b-4948-88f7-39ddb6af938d', '0f240390-edda-4b25-8c72-45eeb2ce1988', '1be4e212-c9c2-4c44-bf17-e643d86167a2', '0.640000', '0.000', '1.000', 'd26926e6-e8e4-4b2a-8dd8-737571eae415', '0.0000', NULL, '16', '0', '0', '0.000'),
  ('77406e3d-8ccc-4ccd-9d74-a9011a93a292', '0f240390-edda-4b25-8c72-45eeb2ce1988', 'e57397cc-403c-4067-aacf-ebfc3eb7835a', '0.22', '0.000', '200.000', '81b34949-1fde-4237-9411-052cb8daaec9', '0.0000', NULL, '8.98', '0', '0', '0.000'),
  ('782654fa-1b52-4fab-9ea5-d85c2faa8a70', '0f240390-edda-4b25-8c72-45eeb2ce1988', '8221c029-1930-45c4-9b83-433f5d4d7729', '5.150000', '0.000', '12.000', '137f2d47-45dd-4ed7-bb29-9bfb9a6a00e9', '0.0000', NULL, '103', '0', '0', '0.000'),
  ('79c3a88e-d8fd-4b92-abf9-f670a18bf23a', '0f240390-edda-4b25-8c72-45eeb2ce1988', '5e181526-f99c-451c-812a-7c8b39f1ca20', '4.870000', '0.000', '1.000', '023cba00-1b67-4218-a906-cb18a8e62964', '0.0000', NULL, '292.2', '0', '0', '0.000'),
  ('7eb1def3-c243-42a4-bbbe-aeba2b35117c', '0f240390-edda-4b25-8c72-45eeb2ce1988', 'ca128ac1-cfe1-41df-b621-66e8e09a142c', '1.947000', '0.000', '8.000', '023cba00-1b67-4218-a906-cb18a8e62964', '0.0000', NULL, '77.87', '0', '0', '0.000'),
  ('7ef7a0ab-6aa4-4a03-b05e-74016a37b95b', '0f240390-edda-4b25-8c72-45eeb2ce1988', 'c6d5c4d7-eacb-47ac-8692-f0618154057c', '0.00', '0.000', '3.000', 'd26926e6-e8e4-4b2a-8dd8-737571eae415', '0.0000', NULL, '32', '0', '0', '0.000'),
  ('7fced6c0-807b-4802-98fd-2146231b28b2', '0f240390-edda-4b25-8c72-45eeb2ce1988', 'e525ce29-acd4-4a3d-81ff-f796ecaa1f3b', '2.640000', '0.000', '1.000', 'd5e3adcc-61d0-4401-a391-542170496ad3', '0.0000', NULL, '66', '0', '0', '0.000'),
  ('82b0e765-4772-4128-8f52-354ea76b26e2', '0f240390-edda-4b25-8c72-45eeb2ce1988', 'f523aa23-d871-41ea-a0ff-469cf7a497be', '4.000000', '0.000', '2.000', 'd5e3adcc-61d0-4401-a391-542170496ad3', '0.0000', NULL, '80', '0', '0', '0.000'),
  ('82d1b1e9-8e0b-4988-bdbb-f89fe4f9c8c3', '0f240390-edda-4b25-8c72-45eeb2ce1988', 'e396fd04-b7ad-472c-b9d0-cf225e27ccb6', '0.130625', '0.000', '2.000', '023cba00-1b67-4218-a906-cb18a8e62964', '0.0000', NULL, '25.09', '0', '0', '0.000'),
  ('84aeae94-d041-4353-a2d5-87a8fd9e0ee0', '0f240390-edda-4b25-8c72-45eeb2ce1988', '375c3f93-14d5-49cd-871c-7a370e9f34e1', '3.997500', '0.000', '4.000', 'd5e3adcc-61d0-4401-a391-542170496ad3', '0.0000', NULL, '15.99', '0', '0', '0.000'),
  ('878c5e6a-0acc-4264-b709-10fa3ed24146', '0f240390-edda-4b25-8c72-45eeb2ce1988', '7b16fbf2-4335-4c5f-a4d7-d93687a70d3b', '4.388715', '0.000', '6.000', 'ffcdf7bd-e6c9-4a32-bf77-ed95f84dee6d', '0.0000', NULL, '14', '0', '0', '0.000'),
  ('888ea643-1ac7-432a-ba89-a8da623b92e5', '0f240390-edda-4b25-8c72-45eeb2ce1988', 'dd243931-b4e4-4d4d-9bdb-20f0319bf61a', '0.016500', '0.000', '2.000', '02dff3a5-e7b9-42ec-ba6d-0b3bc4bb6f99', '0.0000', NULL, '33', '0', '0', '0.000'),
  ('8d11304a-9716-4c8b-8d0f-25070ae28e58', '0f240390-edda-4b25-8c72-45eeb2ce1988', 'efe9bc67-110d-41c7-b686-4afd18176562', '5.266667', '0.000', '2.000', 'd5e3adcc-61d0-4401-a391-542170496ad3', '0.0000', NULL, '118.5', '0', '0', '0.000'),
  ('8d5f1fd5-35dd-4430-b3f4-da898d2f0963', '0f240390-edda-4b25-8c72-45eeb2ce1988', 'c021ac34-45ff-4874-a66f-e0d62443c307', '13.120000', '0.000', '1.000', '023cba00-1b67-4218-a906-cb18a8e62964', '0.0000', NULL, '26.24', '0', '0', '0.000'),
  ('8e3b4661-2415-4c82-8e86-e427909fc56b', '0f240390-edda-4b25-8c72-45eeb2ce1988', '83b9b9c2-0243-4539-9eb4-320ce34cebeb', '1.328000', '0.000', '2.000', '023cba00-1b67-4218-a906-cb18a8e62964', '0.0000', NULL, '39.85', '0', '0', '0.000'),
  ('8f2c375b-e68a-409e-b85d-67aab1e4b4ee', '0f240390-edda-4b25-8c72-45eeb2ce1988', '649d2897-67af-4d52-9157-0a43d1a8a8ea', '2.133333', '0.000', '1.500', 'd26926e6-e8e4-4b2a-8dd8-737571eae415', '0.0000', NULL, '32', '0', '0', '0.000'),
  ('9356b057-01d8-4782-b670-a10f7609a185', '0f240390-edda-4b25-8c72-45eeb2ce1988', '5b837e22-8286-44ca-a76d-e6d09b480131', '1.302222', '0.000', '96.000', '2ad3b369-d39d-443e-b291-48088cd63d08', '0.0000', NULL, '35.17', '0', '0', '0.000'),
  ('94a14c04-2b26-4b00-a17b-2b62b20fcc81', '0f240390-edda-4b25-8c72-45eeb2ce1988', 'ba306de2-27ba-44dc-b84f-3c6dee5d7c99', '3.686667', '0.000', '8.000', '2ad3b369-d39d-443e-b291-48088cd63d08', '0.0000', NULL, '33.18', '0', '0', '0.000'),
  ('9b8fdfd3-7e47-4da7-b1f4-b752fc74df8c', '0f240390-edda-4b25-8c72-45eeb2ce1988', '0462cb93-3e14-4205-b955-e076b4e993e7', '2.925000', '0.000', '5.000', '2ad3b369-d39d-443e-b291-48088cd63d08', '0.0000', NULL, '117', '0', '0', '0.000'),
  ('9ddfb5a4-7545-4cae-abc5-706ff1e15323', '0f240390-edda-4b25-8c72-45eeb2ce1988', 'e08a369c-dd00-43d6-9ee2-d3ee4af54c0e', '2.400000', '0.000', '5.000', '137f2d47-45dd-4ed7-bb29-9bfb9a6a00e9', '0.0000', NULL, '48', '0', '0', '0.000'),
  ('9efe721c-3b6d-4d5a-9145-a7a734b16115', '0f240390-edda-4b25-8c72-45eeb2ce1988', '6552b358-0453-4f0f-b915-f099e7e30e86', '0.00', '0.000', '1.000', 'd26926e6-e8e4-4b2a-8dd8-737571eae415', '0.0000', NULL, '0', '0', '0', '0.000'),
  ('9f09294e-fcb1-4073-bf78-be682dfb3375', '0f240390-edda-4b25-8c72-45eeb2ce1988', '56260136-1283-4758-90de-97266d26ebbe', '0.11', '0.000', '160.000', 'ffcdf7bd-e6c9-4a32-bf77-ed95f84dee6d', '0.0000', NULL, '4.39', '0', '0', '0.000'),
  ('9f90443b-0550-4679-aaa4-6e4ed4168cad', '0f240390-edda-4b25-8c72-45eeb2ce1988', '35c97899-a13f-4167-9bb2-a1194f91a925', '3.21', '0.000', '4.000', 'ffcdf7bd-e6c9-4a32-bf77-ed95f84dee6d', '0.0000', NULL, '3.21', '0', '0', '0.000'),
  ('a03de9e8-d8b4-4d74-a10f-0d17f8d5437d', '0f240390-edda-4b25-8c72-45eeb2ce1988', '7a9f40de-8c8d-4c9c-bb38-ba5e76ed4874', '0.722500', '0.000', '24.000', '023cba00-1b67-4218-a906-cb18a8e62964', '0.0000', NULL, '23.13', '0', '0', '0.000'),
  ('a0fc0d32-a835-457e-9e44-19d716afa9f0', '0f240390-edda-4b25-8c72-45eeb2ce1988', '7efd5415-60c1-43bf-828d-3b885c5303f7', '0.10', '0.000', '2.000', 'd5e3adcc-61d0-4401-a391-542170496ad3', '0.0000', NULL, '25', '0', '0', '0.000'),
  ('a23be2f6-83f8-48e0-abbe-ec9cfcf3f5ea', '0f240390-edda-4b25-8c72-45eeb2ce1988', 'cce48a4b-db9d-4d22-8341-803b0d0be6ef', '2.552000', '0.000', '3.000', '81b34949-1fde-4237-9411-052cb8daaec9', '0.0000', NULL, '12.76', '0', '0', '0.000'),
  ('a243e56e-bc86-47fb-a03f-3f6c4abf0b53', '0f240390-edda-4b25-8c72-45eeb2ce1988', 'f42c72f3-aafa-4238-bdf6-46f00fd87ecf', '1.932000', '0.000', '5.000', '67b0d204-5e27-439a-bc06-3675444b3388', '0.0000', NULL, '29', '0', '0', '0.000'),
  ('a3738cf6-e811-4e45-b5dd-e83e0d3e4af8', '0f240390-edda-4b25-8c72-45eeb2ce1988', '78dcff40-8e5d-4628-b80c-f96097009615', '2.475000', '0.000', '1.000', '023cba00-1b67-4218-a906-cb18a8e62964', '0.0000', NULL, '98.99', '0', '0', '0.000'),
  ('a73a2c7e-56a2-47e6-88f0-3bcc6a2ef205', '0f240390-edda-4b25-8c72-45eeb2ce1988', '69bfd90a-4535-41d7-a1fc-b11ccde77d65', '0.044000', '0.000', '3.000', '02dff3a5-e7b9-42ec-ba6d-0b3bc4bb6f99', '0.0000', NULL, '22', '0', '0', '0.000'),
  ('a7e0aff2-ff86-4838-9256-6f2af17538be', '0f240390-edda-4b25-8c72-45eeb2ce1988', 'e33af60e-2bb5-41f1-8f51-b970f8637e67', '2.118750', '0.000', '1.000', '2ad3b369-d39d-443e-b291-48088cd63d08', '0.0000', NULL, '16.95', '0', '0', '0.000'),
  ('a9075543-26e8-4e6f-b56f-3b741b6cfc4d', '0f240390-edda-4b25-8c72-45eeb2ce1988', '361607a8-3e51-4d63-908c-6a64b6ea6253', '3.000000', '0.000', '3.000', 'd26926e6-e8e4-4b2a-8dd8-737571eae415', '0.0000', NULL, '60', '0', '0', '0.000'),
  ('a96ecefa-2fbf-4679-a3bc-747a511fde2f', '0f240390-edda-4b25-8c72-45eeb2ce1988', 'f790805c-da45-442a-bd7d-8fb8a4ae475d', '0.098775', '0.000', '8.000', '81b34949-1fde-4237-9411-052cb8daaec9', '0.0000', NULL, '8.87', '0', '0', '0.000'),
  ('ac347299-59c7-40aa-92ad-1af871e68817', '0f240390-edda-4b25-8c72-45eeb2ce1988', 'f373b8c4-539e-42d6-9462-65ca8e217b8a', '0.037500', '0.000', '2.000', '02dff3a5-e7b9-42ec-ba6d-0b3bc4bb6f99', '0.0000', NULL, '15', '0', '0', '0.000'),
  ('b017c622-332e-4313-982c-d0619cb34a5a', '0f240390-edda-4b25-8c72-45eeb2ce1988', '92e0d0fc-0e56-4674-bfee-dd33a36af0a8', '0.085877', '0.000', '1.000', '023cba00-1b67-4218-a906-cb18a8e62964', '0.0000', NULL, '58.73', '0', '0', '0.000'),
  ('b04a6748-f69c-4017-87f3-422ae0e6158d', '0f240390-edda-4b25-8c72-45eeb2ce1988', '9a0d9074-282d-4190-a804-5c3ba87f1690', '3.33', '0.000', '8.000', 'd26926e6-e8e4-4b2a-8dd8-737571eae415', '0.0000', NULL, '20', '0', '0', '0.000'),
  ('b1a99b5b-9b33-4da2-8b28-130cee9af21b', '0f240390-edda-4b25-8c72-45eeb2ce1988', '48e44564-a282-41cc-9723-dbca88d8b554', '0.53', '0.000', '72.000', 'b1ee724a-8626-45ab-85d4-14a99e7cbc45', '0.0000', NULL, '19.02', '0', '0', '0.000'),
  ('b3be276f-89aa-4913-8b55-0b113e81caae', '0f240390-edda-4b25-8c72-45eeb2ce1988', '927eba38-d969-424a-879f-5a87c56d9788', '24.59', '0.000', '1.000', '023cba00-1b67-4218-a906-cb18a8e62964', '0.0000', NULL, '49.17', '0', '0', '0.000'),
  ('b4d1cbc0-b108-4d6b-a668-9d0de64d4d1f', '0f240390-edda-4b25-8c72-45eeb2ce1988', '84a323f2-4263-4a28-8146-2b5c94617dda', '1.000000', '0.000', '2.000', 'd26926e6-e8e4-4b2a-8dd8-737571eae415', '0.0000', NULL, '75', '0', '0', '0.000'),
  ('b517e11c-e2d3-4f35-b9d2-d76816af9ca3', '0f240390-edda-4b25-8c72-45eeb2ce1988', '9d6d98d7-2c04-4d04-af68-e5820b65f474', '0.20', '0.000', '3.000', '02dff3a5-e7b9-42ec-ba6d-0b3bc4bb6f99', '0.0000', NULL, '39', '0', '0', '0.000'),
  ('b6c1fcc1-9e5c-4960-aa4e-40ee62612e3b', '0f240390-edda-4b25-8c72-45eeb2ce1988', 'b51cc9cf-18a7-4494-b804-19897e524395', '2.504000', '0.000', '2.000', '023cba00-1b67-4218-a906-cb18a8e62964', '0.0000', NULL, '25.03', '0', '0', '0.000'),
  ('b77cb742-7ace-4206-b190-2aac9bc8a3c6', '0f240390-edda-4b25-8c72-45eeb2ce1988', 'c17f9b15-c0b2-4da3-a330-caad91f37714', '3.200000', '0.000', '4.000', '137f2d47-45dd-4ed7-bb29-9bfb9a6a00e9', '0.0000', NULL, '70.56', '0', '0', '0.000'),
  ('b87d15f7-32de-4ece-9b94-07ba3edfcc84', '0f240390-edda-4b25-8c72-45eeb2ce1988', '5764257b-e8a4-4e62-8cc0-a2293762203c', '0.17', '0.000', '4.000', 'd5e3adcc-61d0-4401-a391-542170496ad3', '0.0000', NULL, '25.49', '0', '0', '0.000'),
  ('b8b67497-7fa6-4afc-b161-b78aa9411674', '0f240390-edda-4b25-8c72-45eeb2ce1988', '89d3ce2e-790b-4327-99be-47560c3aaf74', '0.00', '0.000', '1.000', 'd26926e6-e8e4-4b2a-8dd8-737571eae415', '0.0000', NULL, '0', '0', '0', '0.000'),
  ('b920c702-95f4-40ae-896f-2b37699dea01', '0f240390-edda-4b25-8c72-45eeb2ce1988', '09de6c04-b0d0-4ea4-b03f-c16b5d063768', '3.000000', '0.000', '3.000', '137f2d47-45dd-4ed7-bb29-9bfb9a6a00e9', '0.0000', NULL, '30', '0', '0', '0.000'),
  ('bcec015c-6c77-4fd0-a80e-2cd4857a4334', '0f240390-edda-4b25-8c72-45eeb2ce1988', 'ecad4c33-f188-4153-ac67-992964dc284f', '18.47', '0.000', '1.000', '023cba00-1b67-4218-a906-cb18a8e62964', '0.0000', NULL, '73.89', '0', '0', '0.000'),
  ('bec8fdc9-3637-4c3a-88cc-baf7189b8f0c', '0f240390-edda-4b25-8c72-45eeb2ce1988', '61806f6a-f6d8-4dee-9305-c31e8851a14b', '2.500000', '0.000', '1.000', 'd26926e6-e8e4-4b2a-8dd8-737571eae415', '0.0000', NULL, '50', '0', '0', '0.000'),
  ('c25487ad-97e1-41dd-b801-ffd9d90e5ffa', '0f240390-edda-4b25-8c72-45eeb2ce1988', '7946c6d6-3797-420f-b1d0-fcd7dd34d0be', '0.540000', '0.000', '2.000', 'd26926e6-e8e4-4b2a-8dd8-737571eae415', '0.0000', NULL, '27', '0', '0', '0.000'),
  ('c3301010-d485-4005-9c31-db7b9e0df7e7', '0f240390-edda-4b25-8c72-45eeb2ce1988', '2558f9c2-fc3b-48d1-ba7b-12d2832a4bc8', '5.604000', '0.000', '0.250', '023cba00-1b67-4218-a906-cb18a8e62964', '0.0000', NULL, '112.09', '0', '0', '0.000'),
  ('c3cd326f-a003-4c09-8ae8-3d30163048bc', '0f240390-edda-4b25-8c72-45eeb2ce1988', 'fb6eca7a-f7fe-4ef3-9894-3d9abac9055a', '0.562500', '0.000', '2.000', '81b34949-1fde-4237-9411-052cb8daaec9', '0.0000', NULL, '94.5', '0', '0', '0.000'),
  ('c62b96b1-f68e-4b72-bc6b-29642da36ba3', '0f240390-edda-4b25-8c72-45eeb2ce1988', 'e7776e0a-38c9-4c59-b813-1a0ce467cf6f', '2.217000', '0.000', '4.000', 'd26926e6-e8e4-4b2a-8dd8-737571eae415', '0.0000', NULL, '88.68', '0', '0', '0.000'),
  ('c696637b-27d8-447a-8d32-568b6c050cec', '0f240390-edda-4b25-8c72-45eeb2ce1988', '738366a7-dada-4e1c-aa2a-83071ac177ea', '1.66', '0.000', '30.000', '81b34949-1fde-4237-9411-052cb8daaec9', '0.0000', NULL, '9.98', '0', '0', '0.000'),
  ('c6cfd394-1a41-4787-a032-56489ebcda28', '0f240390-edda-4b25-8c72-45eeb2ce1988', 'ba2714ca-7177-42f8-9924-7b6cc0eb48c7', '0.065175', '0.000', '1.000', '023cba00-1b67-4218-a906-cb18a8e62964', '0.0000', NULL, '44.55', '0', '0', '0.000'),
  ('c8f8610b-6ae3-44cc-b200-e76eb213c65b', '0f240390-edda-4b25-8c72-45eeb2ce1988', '86ea75bb-c53b-483e-8147-bfdb69b7c557', '2.900000', '0.000', '1.000', 'd26926e6-e8e4-4b2a-8dd8-737571eae415', '0.0000', NULL, '58', '0', '0', '0.000'),
  ('cbfc4d84-3a70-4ac9-8fd5-15da0705f517', '0f240390-edda-4b25-8c72-45eeb2ce1988', '961b39e4-dd53-4e56-bdaa-5f7d2d1f5729', '0.007000', '0.000', '2.000', '137f2d47-45dd-4ed7-bb29-9bfb9a6a00e9', '0.0000', NULL, '35', '0', '0', '0.000'),
  ('cd291f83-a1b6-4fa7-ab40-05aa14784aaf', '0f240390-edda-4b25-8c72-45eeb2ce1988', 'dc9ed6bc-6e26-4d3e-a99b-0615a614dcd6', '0.18', '0.000', '2.000', 'd5e3adcc-61d0-4401-a391-542170496ad3', '0.0000', NULL, '44.5', '0', '0', '0.000'),
  ('d1168b9c-97fa-4c76-b677-c75d299f6f31', '0f240390-edda-4b25-8c72-45eeb2ce1988', '7e4a57ac-db4d-4883-a34f-4adca46d44b4', '0.043333', '0.000', '0.000', '023cba00-1b67-4218-a906-cb18a8e62964', '0.0000', NULL, '42.82', '0', '0', '0.000'),
  ('d1ca25c9-6254-4612-839b-6fd57f4e2121', '0f240390-edda-4b25-8c72-45eeb2ce1988', '41972334-6408-46d5-b6eb-a2f9fb84666b', '0.619000', '0.000', '3.000', 'd26926e6-e8e4-4b2a-8dd8-737571eae415', '0.0000', NULL, '30.95', '0', '0', '0.000'),
  ('d7378683-8185-49be-9b70-19cf2160855a', '0f240390-edda-4b25-8c72-45eeb2ce1988', '7833a31f-539b-4d72-bd19-e7038243e003', '33.95', '0.000', '5.000', 'd26926e6-e8e4-4b2a-8dd8-737571eae415', '0.0000', NULL, '33.95', '0', '0', '0.000'),
  ('da2bd310-fc92-452a-88e5-bc1c7aca798d', '0f240390-edda-4b25-8c72-45eeb2ce1988', '78494df8-fab5-4f41-8bcc-7d1cc15fd42f', '4.00', '0.000', '6.000', 'd26926e6-e8e4-4b2a-8dd8-737571eae415', '0.0000', NULL, '16', '0', '0', '0.000'),
  ('dc6c063e-679f-4706-912a-da95d5b77b72', '0f240390-edda-4b25-8c72-45eeb2ce1988', '9ecc419c-db25-4428-a136-d1753acd1e6a', '12.700000', '0.000', '5.000', '023cba00-1b67-4218-a906-cb18a8e62964', '0.0000', NULL, '381', '0', '0', '0.000'),
  ('e0e87bec-d041-405a-bb43-85c281febf1a', '0f240390-edda-4b25-8c72-45eeb2ce1988', '09000896-9ecf-4806-a4fc-f9d81838d624', '3.750000', '0.000', '2.000', 'd5e3adcc-61d0-4401-a391-542170496ad3', '0.0000', NULL, '75', '0', '0', '0.000'),
  ('e1ee2a5e-548b-4bfd-97cc-e4402a7ee875', '0f240390-edda-4b25-8c72-45eeb2ce1988', '34f80fe4-e0b2-4ec4-9637-07e6f7c1ba80', '0.67', '0.000', '36.000', 'b1ee724a-8626-45ab-85d4-14a99e7cbc45', '0.0000', NULL, '24', '0', '0', '0.000'),
  ('e51e9590-4ab0-4ae7-aa8f-8d58c033f1f1', '0f240390-edda-4b25-8c72-45eeb2ce1988', 'a0417206-1a0f-43a9-b8ee-76a9928dacfc', '4.135000', '0.000', '2.000', '023cba00-1b67-4218-a906-cb18a8e62964', '0.0000', NULL, '165.39', '0', '0', '0.000'),
  ('e6165edb-b875-4fef-a16d-ab99dd4937fb', '0f240390-edda-4b25-8c72-45eeb2ce1988', 'a3f2b936-07f8-4bdd-bfe8-e8030424d19a', '0.106980', '0.000', '3.000', 'd5e3adcc-61d0-4401-a391-542170496ad3', '0.0000', NULL, '53.49', '0', '0', '0.000'),
  ('e99e9ce4-1ec8-468e-bdfe-92f0d87eb967', '0f240390-edda-4b25-8c72-45eeb2ce1988', 'e8df72a7-58e6-4a19-b132-64427bf54d3b', '3.072727', '0.000', '1.000', 'd5e3adcc-61d0-4401-a391-542170496ad3', '0.0000', NULL, '84.5', '0', '0', '0.000'),
  ('eab6a3f7-8331-4c3d-8a48-231fbc2d502a', '0f240390-edda-4b25-8c72-45eeb2ce1988', 'ca22a93c-7059-42e8-9101-aae2e4946fd4', '22.43', '0.000', '1.000', '023cba00-1b67-4218-a906-cb18a8e62964', '0.0000', NULL, '89.72', '0', '0', '0.000'),
  ('eab84593-d8f2-4de1-b44b-e36268ab8bb3', '0f240390-edda-4b25-8c72-45eeb2ce1988', 'db453c34-02ac-42ee-8e24-95249fce32f5', '7.150000', '0.000', '1.000', 'd5e3adcc-61d0-4401-a391-542170496ad3', '0.0000', NULL, '143', '0', '0', '0.000'),
  ('ebadf229-f8f5-4208-bdcf-34df0a2ac9e5', '0f240390-edda-4b25-8c72-45eeb2ce1988', 'bff793b6-9562-4273-8d3c-78d5de8bc9a4', '0.050000', '0.000', '2.000', 'd5e3adcc-61d0-4401-a391-542170496ad3', '0.0000', NULL, '50', '0', '0', '0.000'),
  ('edc4a415-7bc3-4df1-b809-ec2805cca4f3', '0f240390-edda-4b25-8c72-45eeb2ce1988', 'f6af9c55-bf49-4bef-a0d2-ba9b69c544eb', '4.24', '0.000', '6.000', 'd26926e6-e8e4-4b2a-8dd8-737571eae415', '0.0000', NULL, '16.95', '0', '0', '0.000'),
  ('ee28dcf7-ec23-422d-88e2-fcbc62786885', '0f240390-edda-4b25-8c72-45eeb2ce1988', '5231eac2-406b-4f5d-96df-942e010c52b4', '12.16', '0.000', '24.000', '2ad3b369-d39d-443e-b291-48088cd63d08', '0.0000', NULL, '145.95', '0', '0', '0.000'),
  ('f3f1e0c4-2f7d-46dd-9081-4fb7d6da092d', '0f240390-edda-4b25-8c72-45eeb2ce1988', '6d24e6b0-5bd9-4645-ad71-ad767836ee8b', '1.142857', '0.000', '1.000', 'd26926e6-e8e4-4b2a-8dd8-737571eae415', '0.0000', NULL, '40', '0', '0', '0.000'),
  ('f5c8d719-5c6a-4346-8008-5bbcabe6c029', '0f240390-edda-4b25-8c72-45eeb2ce1988', '5a0f121e-a68e-440f-8a9c-d7a0d4ec08e2', '3.395714', '0.000', '4.000', '67b0d204-5e27-439a-bc06-3675444b3388', '0.0000', NULL, '95.08', '0', '0', '0.000'),
  ('f64fd17c-ed57-4794-9076-298d2edb7208', '0f240390-edda-4b25-8c72-45eeb2ce1988', 'dd1e1746-75b3-48f6-8fda-8e7632515453', '1.142857', '0.000', '4.000', '023cba00-1b67-4218-a906-cb18a8e62964', '0.0000', NULL, '39.99', '0', '0', '0.000'),
  ('f6bde324-52e0-4783-9a1e-dc66d47f3313', '0f240390-edda-4b25-8c72-45eeb2ce1988', 'b6af2284-62da-4d93-8397-3c4ae38b829d', '15.77', '0.000', '1.000', '023cba00-1b67-4218-a906-cb18a8e62964', '0.0000', NULL, '63.08', '0', '0', '0.000'),
  ('f7286c7e-9766-466f-9f4a-0f20cb0f57d0', '0f240390-edda-4b25-8c72-45eeb2ce1988', '39794817-cf16-4ebe-9ae1-402e36d73dc0', '0.317000', '0.000', '18.000', '2ad3b369-d39d-443e-b291-48088cd63d08', '0.0000', NULL, '37.99', '0', '0', '0.000'),
  ('f767fb04-a143-4959-80ab-2ab321ad6440', '0f240390-edda-4b25-8c72-45eeb2ce1988', '91293b02-3d69-4d80-b4e5-95e9373af57b', '10.11', '0.000', '5.000', '023cba00-1b67-4218-a906-cb18a8e62964', '0.0000', NULL, '40.45', '0', '0', '0.000'),
  ('f895e9e4-c38c-49ef-a706-96b5ce9a554a', '0f240390-edda-4b25-8c72-45eeb2ce1988', '4498705d-b6dc-45c2-a218-0d1889419474', '2.00', '0.000', '20.000', 'b1ee724a-8626-45ab-85d4-14a99e7cbc45', '0.0000', NULL, '20', '0', '0', '0.000'),
  ('fab3c945-1ef0-43f4-8a4b-55b1447178a2', '0f240390-edda-4b25-8c72-45eeb2ce1988', 'df58f173-3706-4f44-b0f6-a335e47e6f55', '15.50', '0.000', '1.000', '023cba00-1b67-4218-a906-cb18a8e62964', '0.0000', NULL, '62.01', '0', '0', '0.000'),
  ('ff6ffd29-c234-4df5-9bd5-171c00b0b985', '0f240390-edda-4b25-8c72-45eeb2ce1988', '32419ad3-d6e1-4adc-8fcf-50f6368aede3', '40.00', '0.000', '2.000', 'd26926e6-e8e4-4b2a-8dd8-737571eae415', '0.0000', NULL, '40', '0', '0', '0.000'),
  ('ffdb91ec-4f3d-4af8-b458-b15fd870ed4a', '0f240390-edda-4b25-8c72-45eeb2ce1988', 'a08bacbd-2776-4193-afc5-56e468a4143c', '2.726000', '0.000', '8.000', '2ad3b369-d39d-443e-b291-48088cd63d08', '0.0000', NULL, '54.52', '0', '0', '0.000'),
  ('033ffd80-600f-4bdc-b869-886937ba69cf', '1ea549bb-8b50-4078-9301-479311d9fdec', '78494df8-fab5-4f41-8bcc-7d1cc15fd42f', '4.00', '0.000', '6.000', 'd26926e6-e8e4-4b2a-8dd8-737571eae415', '0.0000', NULL, '16', '0', '0', '0.000'),
  ('077f49d2-87ff-4002-aa7b-119290a58a01', '1ea549bb-8b50-4078-9301-479311d9fdec', '375c3f93-14d5-49cd-871c-7a370e9f34e1', '3.997500', '0.000', '4.000', 'd5e3adcc-61d0-4401-a391-542170496ad3', '0.0000', NULL, '15.99', '0', '0', '0.000'),
  ('0788133b-c12c-4fc7-b8ee-0cd6aa574c8b', '1ea549bb-8b50-4078-9301-479311d9fdec', '06c0244f-0aeb-4906-ae77-1a922bf341e3', '0.11', '0.000', '2.000', 'd5e3adcc-61d0-4401-a391-542170496ad3', '0.0000', NULL, '53', '0', '0', '0.000'),
  ('0a48b3fc-c037-468d-a6f5-2243fcffa5d1', '1ea549bb-8b50-4078-9301-479311d9fdec', 'a3f2b936-07f8-4bdd-bfe8-e8030424d19a', '0.106980', '0.000', '3.000', 'd5e3adcc-61d0-4401-a391-542170496ad3', '0.0000', NULL, '53.49', '0', '0', '0.000'),
  ('0a8ef70a-3602-4630-878f-caa87a13fb94', '1ea549bb-8b50-4078-9301-479311d9fdec', '18cb977c-8cfc-4e2b-9c91-a0ed23122467', '1.25', '0.000', '96.000', 'd26926e6-e8e4-4b2a-8dd8-737571eae415', '0.0000', NULL, '30', '0', '0', '0.000'),
  ('0c0d2b79-bf82-4114-b717-3a0911f954f4', '1ea549bb-8b50-4078-9301-479311d9fdec', '0462cb93-3e14-4205-b955-e076b4e993e7', '2.925000', '0.000', '5.000', '2ad3b369-d39d-443e-b291-48088cd63d08', '0.0000', NULL, '117', '0', '0', '0.000'),
  ('0ef5bf0d-2cfe-4d09-bc1e-6b7160dc6d3e', '1ea549bb-8b50-4078-9301-479311d9fdec', '7946c6d6-3797-420f-b1d0-fcd7dd34d0be', '0.540000', '0.000', '2.000', 'd26926e6-e8e4-4b2a-8dd8-737571eae415', '0.0000', NULL, '27', '0', '0', '0.000'),
  ('11cf0c6c-afb2-4c5b-9faf-ed4c8562fad0', '1ea549bb-8b50-4078-9301-479311d9fdec', 'cce48a4b-db9d-4d22-8341-803b0d0be6ef', '2.552000', '0.000', '3.000', '81b34949-1fde-4237-9411-052cb8daaec9', '0.0000', NULL, '12.76', '0', '0', '0.000'),
  ('14399b8b-c9a1-4ce2-9e0a-dcca7b55e38d', '1ea549bb-8b50-4078-9301-479311d9fdec', '36659e79-0095-4d82-871d-3d097c2599a4', '1.54', '0.000', '6.000', 'ffcdf7bd-e6c9-4a32-bf77-ed95f84dee6d', '0.0000', NULL, '15.39', '0', '0', '40.000'),
  ('159dc701-aa4a-47db-bba3-64e0433b8d32', '1ea549bb-8b50-4078-9301-479311d9fdec', '5231eac2-406b-4f5d-96df-942e010c52b4', '12.16', '0.000', '24.000', '2ad3b369-d39d-443e-b291-48088cd63d08', '0.0000', NULL, '145.95', '0', '0', '0.000'),
  ('15e118bf-7e70-41c0-8374-8d13bf327ecc', '1ea549bb-8b50-4078-9301-479311d9fdec', 'dd243931-b4e4-4d4d-9bdb-20f0319bf61a', '0.016500', '0.000', '2.000', '02dff3a5-e7b9-42ec-ba6d-0b3bc4bb6f99', '0.0000', NULL, '33', '0', '0', '0.000'),
  ('1b1414b4-c54f-4b09-aab0-bffcc5187615', '1ea549bb-8b50-4078-9301-479311d9fdec', '4756068e-7f3f-4325-9fda-6dbb7f51d7e5', '1.000000', '0.000', '4.000', '137f2d47-45dd-4ed7-bb29-9bfb9a6a00e9', '0.0000', NULL, '30', '0', '0', '0.000'),
  ('1c459892-04a7-4eff-b4a0-b03424ce9ffa', '1ea549bb-8b50-4078-9301-479311d9fdec', 'db453c34-02ac-42ee-8e24-95249fce32f5', '7.150000', '0.000', '1.000', 'd5e3adcc-61d0-4401-a391-542170496ad3', '0.0000', NULL, '143', '0', '0', '0.000'),
  ('21d7f2f2-47db-41aa-8198-225923515f51', '1ea549bb-8b50-4078-9301-479311d9fdec', '91293b02-3d69-4d80-b4e5-95e9373af57b', '10.11', '0.000', '5.000', '023cba00-1b67-4218-a906-cb18a8e62964', '0.0000', NULL, '40.45', '0', '0', '0.000'),
  ('21e7a8ff-2c78-4c81-96bc-3533a0ec3534', '1ea549bb-8b50-4078-9301-479311d9fdec', 'ff949320-38eb-4787-aa55-ef473e06d33f', '1.500870', '0.000', '3.000', '81b34949-1fde-4237-9411-052cb8daaec9', '0.0000', NULL, '34.5', '0', '0', '0.000'),
  ('2543617d-6b25-48fc-ac44-137ce71e5cab', '1ea549bb-8b50-4078-9301-479311d9fdec', '1be4e212-c9c2-4c44-bf17-e643d86167a2', '0.640000', '0.000', '1.000', 'd26926e6-e8e4-4b2a-8dd8-737571eae415', '0.0000', NULL, '16', '0', '0', '0.000'),
  ('258bd808-6541-4824-891f-4c2f457e3bbe', '1ea549bb-8b50-4078-9301-479311d9fdec', '89d3ce2e-790b-4327-99be-47560c3aaf74', '0.00', '0.000', '1.000', 'd26926e6-e8e4-4b2a-8dd8-737571eae415', '0.0000', NULL, '0', '0', '0', '0.000'),
  ('28baf60c-26e7-4e43-9bc9-389ce6763394', '1ea549bb-8b50-4078-9301-479311d9fdec', '34c2807e-2f85-4f8e-b084-ddac0e474b5b', '0.100000', '0.000', '2.000', '137f2d47-45dd-4ed7-bb29-9bfb9a6a00e9', '0.0000', NULL, '50', '0', '0', '0.000'),
  ('28c1dfaa-0afa-4a11-8edf-4bc0fcbf3262', '1ea549bb-8b50-4078-9301-479311d9fdec', '2558f9c2-fc3b-48d1-ba7b-12d2832a4bc8', '5.604000', '0.000', '0.250', '023cba00-1b67-4218-a906-cb18a8e62964', '0.0000', NULL, '112.09', '0', '0', '0.000'),
  ('2afc3b0f-27a2-42a7-85fd-30583568a7a1', '1ea549bb-8b50-4078-9301-479311d9fdec', '9bd04c02-821e-4dd0-b3d5-f9c3d5279362', '4.276087', '0.000', '6.000', 'd26926e6-e8e4-4b2a-8dd8-737571eae415', '0.0000', NULL, '19.67', '0', '0', '0.000'),
  ('2b7b3e9c-eca3-40d5-acbd-02942b21b5d8', '1ea549bb-8b50-4078-9301-479311d9fdec', 'efe9bc67-110d-41c7-b686-4afd18176562', '5.266667', '0.000', '2.000', 'd5e3adcc-61d0-4401-a391-542170496ad3', '0.0000', NULL, '118.5', '0', '0', '0.000'),
  ('2fc3c9d9-55e6-4538-9259-62121d5396dc', '1ea549bb-8b50-4078-9301-479311d9fdec', '5e181526-f99c-451c-812a-7c8b39f1ca20', '4.870000', '0.000', '1.000', '023cba00-1b67-4218-a906-cb18a8e62964', '0.0000', NULL, '292.2', '0', '0', '0.000'),
  ('31adc8c4-297e-47bb-8351-49f5e6ef444b', '1ea549bb-8b50-4078-9301-479311d9fdec', 'd3398cb2-f287-4c67-8912-7049ba896d87', '13.74', '0.000', '6.000', '2ad3b369-d39d-443e-b291-48088cd63d08', '0.0000', NULL, '54.95', '0', '0', '0.000'),
  ('332fccd0-c2ae-4249-8252-bc4d3bb12cb6', '1ea549bb-8b50-4078-9301-479311d9fdec', '918c892d-85b0-4aae-b5b4-1be7ff2e5235', '0.04', '0.000', '2.000', 'd5e3adcc-61d0-4401-a391-542170496ad3', '0.0000', NULL, '86.99', '0', '0', '0.000'),
  ('33552218-24c7-469b-bb8e-3aed9342accc', '1ea549bb-8b50-4078-9301-479311d9fdec', '32419ad3-d6e1-4adc-8fcf-50f6368aede3', '40.00', '0.000', '2.000', 'd26926e6-e8e4-4b2a-8dd8-737571eae415', '0.0000', NULL, '40', '0', '0', '0.000'),
  ('34724558-072e-4940-bd91-efa4270887cd', '1ea549bb-8b50-4078-9301-479311d9fdec', 'df58f173-3706-4f44-b0f6-a335e47e6f55', '15.50', '0.000', '1.000', '023cba00-1b67-4218-a906-cb18a8e62964', '0.0000', NULL, '62.01', '0', '0', '0.000'),
  ('352a2984-7f2f-4bf5-867a-3be9dec08f18', '1ea549bb-8b50-4078-9301-479311d9fdec', '9ecc419c-db25-4428-a136-d1753acd1e6a', '12.700000', '0.000', '5.000', '023cba00-1b67-4218-a906-cb18a8e62964', '0.0000', NULL, '381', '0', '0', '0.000'),
  ('35366a17-3d82-466e-8902-d69f36b0dfd2', '1ea549bb-8b50-4078-9301-479311d9fdec', 'e8df72a7-58e6-4a19-b132-64427bf54d3b', '3.072727', '0.000', '1.000', 'd5e3adcc-61d0-4401-a391-542170496ad3', '0.0000', NULL, '84.5', '0', '0', '0.000'),
  ('380be867-d0fa-4acb-b148-5d3453f1db34', '1ea549bb-8b50-4078-9301-479311d9fdec', '649d2897-67af-4d52-9157-0a43d1a8a8ea', '2.133333', '0.000', '1.500', 'd26926e6-e8e4-4b2a-8dd8-737571eae415', '0.0000', NULL, '32', '0', '0', '0.000'),
  ('39c0278d-3530-47b5-8e6d-e834e924616c', '1ea549bb-8b50-4078-9301-479311d9fdec', '56260136-1283-4758-90de-97266d26ebbe', '0.11', '0.000', '160.000', 'ffcdf7bd-e6c9-4a32-bf77-ed95f84dee6d', '0.0000', NULL, '4.39', '0', '0', '120.000'),
  ('3a5ff325-d30a-48a0-aa08-b30c418b4bba', '1ea549bb-8b50-4078-9301-479311d9fdec', '48e44564-a282-41cc-9723-dbca88d8b554', '0.53', '0.000', '72.000', 'b1ee724a-8626-45ab-85d4-14a99e7cbc45', '0.0000', NULL, '19.02', '0', '0', '108.000'),
  ('3ad1219a-769c-4038-aef1-9e1eca57d60e', '1ea549bb-8b50-4078-9301-479311d9fdec', 'f790805c-da45-442a-bd7d-8fb8a4ae475d', '0.098775', '0.000', '8.000', '81b34949-1fde-4237-9411-052cb8daaec9', '0.0000', NULL, '8.87', '0', '0', '0.000'),
  ('3b8dda5a-3625-4244-9c63-23813959c102', '1ea549bb-8b50-4078-9301-479311d9fdec', 'f6af9c55-bf49-4bef-a0d2-ba9b69c544eb', '4.24', '0.000', '6.000', 'd26926e6-e8e4-4b2a-8dd8-737571eae415', '0.0000', NULL, '16.95', '0', '0', '0.000'),
  ('3c907ce8-80be-441e-8753-8eb43636328e', '1ea549bb-8b50-4078-9301-479311d9fdec', '9ee3f545-3154-411b-9ff5-90ff32b1d834', '7.32', '0.000', '1.000', '023cba00-1b67-4218-a906-cb18a8e62964', '0.0000', NULL, '29.27', '0', '0', '0.000'),
  ('3cc0c681-3f34-4349-90c1-02d76c599360', '1ea549bb-8b50-4078-9301-479311d9fdec', 'eadfaf2c-b74f-437b-a6ac-89c73114426f', '1.579500', '0.000', '4.000', '2ad3b369-d39d-443e-b291-48088cd63d08', '0.0000', NULL, '63.18', '0', '0', '0.000'),
  ('3e3c25b0-5433-480e-888f-46f2dc79a5be', '1ea549bb-8b50-4078-9301-479311d9fdec', '8221c029-1930-45c4-9b83-433f5d4d7729', '5.150000', '0.000', '12.000', '137f2d47-45dd-4ed7-bb29-9bfb9a6a00e9', '0.0000', NULL, '103', '0', '0', '0.000'),
  ('436407e4-b0b8-4bf1-a3f4-051a0db1d0d2', '1ea549bb-8b50-4078-9301-479311d9fdec', 'a08bacbd-2776-4193-afc5-56e468a4143c', '2.726000', '0.000', '8.000', '2ad3b369-d39d-443e-b291-48088cd63d08', '0.0000', NULL, '54.52', '0', '0', '0.000'),
  ('46125ece-7413-48ca-9737-bcad61350ab6', '1ea549bb-8b50-4078-9301-479311d9fdec', 'e7776e0a-38c9-4c59-b813-1a0ce467cf6f', '2.217000', '0.000', '4.000', 'd26926e6-e8e4-4b2a-8dd8-737571eae415', '0.0000', NULL, '88.68', '0', '0', '0.000'),
  ('461ef0bb-d4f0-40f8-ab2a-7eebb9f0acbf', '1ea549bb-8b50-4078-9301-479311d9fdec', 'df80f14a-de16-49f0-848e-2dbfcccb106f', '4.49', '0.000', '4.000', 'd26926e6-e8e4-4b2a-8dd8-737571eae415', '0.0000', NULL, '4.49', '0', '0', '0.000'),
  ('4754cb16-bda4-4b4e-9aba-7e8095b33918', '1ea549bb-8b50-4078-9301-479311d9fdec', 'e165d040-b694-4a89-95cd-7691e07a2433', '0.138889', '0.000', '2.000', 'd26926e6-e8e4-4b2a-8dd8-737571eae415', '0.0000', NULL, '50', '0', '0', '0.000'),
  ('51b7e346-1591-4fc6-9123-28b1bd6a0d4c', '1ea549bb-8b50-4078-9301-479311d9fdec', 'e525ce29-acd4-4a3d-81ff-f796ecaa1f3b', '2.640000', '0.000', '1.000', 'd5e3adcc-61d0-4401-a391-542170496ad3', '0.0000', NULL, '66', '0', '0', '0.000'),
  ('51fb2c9b-9cf4-447f-bdf0-f3bac0b1a904', '1ea549bb-8b50-4078-9301-479311d9fdec', 'e33af60e-2bb5-41f1-8f51-b970f8637e67', '2.118750', '0.000', '1.000', '2ad3b369-d39d-443e-b291-48088cd63d08', '0.0000', NULL, '16.95', '0', '0', '0.000'),
  ('52f434bd-99ee-4311-a8e2-73463a3b3835', '1ea549bb-8b50-4078-9301-479311d9fdec', 'fb6eca7a-f7fe-4ef3-9894-3d9abac9055a', '0.562500', '0.000', '2.000', '81b34949-1fde-4237-9411-052cb8daaec9', '0.0000', NULL, '94.5', '0', '0', '0.000'),
  ('55cf540b-1390-4510-81b3-c4b7943061fd', '1ea549bb-8b50-4078-9301-479311d9fdec', 'b6af2284-62da-4d93-8397-3c4ae38b829d', '15.77', '0.000', '1.000', '023cba00-1b67-4218-a906-cb18a8e62964', '0.0000', NULL, '63.08', '0', '0', '0.000'),
  ('56da0c9b-717b-4111-a9de-a751a652e6aa', '1ea549bb-8b50-4078-9301-479311d9fdec', 'bf54f8dd-43c1-4f21-bb4e-374963f7a301', '8.400000', '0.000', '2.000', 'd5e3adcc-61d0-4401-a391-542170496ad3', '0.0000', NULL, '42', '0', '0', '0.000'),
  ('573f4448-08cc-43ce-83f4-8b3c7a0f1957', '1ea549bb-8b50-4078-9301-479311d9fdec', 'bed4279d-8c68-4d76-81c2-6a43b798f123', '1.517778', '0.000', '12.000', '2ad3b369-d39d-443e-b291-48088cd63d08', '0.0000', NULL, '40.99', '0', '0', '0.000'),
  ('57822ffc-4ab2-4ce7-9f97-9e7b463e2a8a', '1ea549bb-8b50-4078-9301-479311d9fdec', 'e55173f3-1c47-4fcb-be56-b0e716fb02ae', '0.14', '0.000', '3.000', '02dff3a5-e7b9-42ec-ba6d-0b3bc4bb6f99', '0.0000', NULL, '43', '0', '0', '0.000'),
  ('581d0d64-94ea-40c5-a869-82c38f6dcc9e', '1ea549bb-8b50-4078-9301-479311d9fdec', 'e396fd04-b7ad-472c-b9d0-cf225e27ccb6', '0.130625', '0.000', '2.000', '023cba00-1b67-4218-a906-cb18a8e62964', '0.0000', NULL, '25.09', '0', '0', '0.000'),
  ('582b529f-d82e-405f-8e78-f4d100703f69', '1ea549bb-8b50-4078-9301-479311d9fdec', '41972334-6408-46d5-b6eb-a2f9fb84666b', '0.619000', '0.000', '3.000', 'd26926e6-e8e4-4b2a-8dd8-737571eae415', '0.0000', NULL, '30.95', '0', '0', '0.000'),
  ('59c00271-03b2-47e8-a157-4e15b978f121', '1ea549bb-8b50-4078-9301-479311d9fdec', 'a89beb1b-0a7c-477b-88a0-b45e9489c483', '0.21', '0.000', '4.000', 'd5e3adcc-61d0-4401-a391-542170496ad3', '0.0000', NULL, '31', '0', '0', '0.000'),
  ('5a85a4a6-35b2-4f4e-8455-9fd4b8f660ab', '1ea549bb-8b50-4078-9301-479311d9fdec', '67d9e32e-66d9-41d2-87d7-4e0e5e1cdb16', '0.58', '0.000', '70.000', 'b1ee724a-8626-45ab-85d4-14a99e7cbc45', '0.0000', NULL, '20.34', '0', '0', '70.000'),
  ('5b7173bd-b6a3-4d5b-be07-df0b240da5cf', '1ea549bb-8b50-4078-9301-479311d9fdec', '782ba85b-539a-4142-831b-8f95a6aaa7af', '0.024500', '0.000', '2.000', '02dff3a5-e7b9-42ec-ba6d-0b3bc4bb6f99', '0.0000', NULL, '49', '0', '0', '0.000'),
  ('5c51a051-943b-4889-93ad-8711db87625b', '1ea549bb-8b50-4078-9301-479311d9fdec', 'ca128ac1-cfe1-41df-b621-66e8e09a142c', '1.947000', '0.000', '8.000', '023cba00-1b67-4218-a906-cb18a8e62964', '0.0000', NULL, '77.87', '0', '0', '0.000'),
  ('5c74525a-7cd9-4391-a131-a11d3a068f12', '1ea549bb-8b50-4078-9301-479311d9fdec', '7b16fbf2-4335-4c5f-a4d7-d93687a70d3b', '4.388715', '4.589', '6.000', 'ffcdf7bd-e6c9-4a32-bf77-ed95f84dee6d', '0.0000', NULL, '14', '0', '0', '3.000'),
  ('5e1f2f3f-1bda-4a1a-90e2-5b9a703c0fa2', '1ea549bb-8b50-4078-9301-479311d9fdec', 'bff793b6-9562-4273-8d3c-78d5de8bc9a4', '0.050000', '0.000', '2.000', 'd5e3adcc-61d0-4401-a391-542170496ad3', '0.0000', NULL, '50', '0', '0', '0.000'),
  ('5e27540c-5c0f-44bf-a581-4ba1595ff032', '1ea549bb-8b50-4078-9301-479311d9fdec', 'dc9ed6bc-6e26-4d3e-a99b-0615a614dcd6', '0.18', '0.000', '2.000', 'd5e3adcc-61d0-4401-a391-542170496ad3', '0.0000', NULL, '44.5', '0', '0', '0.000'),
  ('5ea9aaf0-6974-446e-8076-9efd1fb01635', '1ea549bb-8b50-4078-9301-479311d9fdec', '6eee1bdc-fd68-471b-a1b5-2f2b39c08e28', '0.44', '0.000', '0.000', NULL, '0.0000', NULL, '5.3', '0', '0', '0.000'),
  ('5f157711-c356-4624-9688-763e27954619', '1ea549bb-8b50-4078-9301-479311d9fdec', 'ac061cac-05ec-499f-9707-cd1ffcadd3b5', '0.100000', '0.000', '3.000', '02dff3a5-e7b9-42ec-ba6d-0b3bc4bb6f99', '0.0000', NULL, '50', '0', '0', '0.000'),
  ('606de3e0-b21d-4a6f-8b10-3499369376d8', '1ea549bb-8b50-4078-9301-479311d9fdec', 'a4e685e5-a8e2-428c-a577-45e8b595238b', '1.534000', '0.000', '4.000', 'd5e3adcc-61d0-4401-a391-542170496ad3', '0.0000', NULL, '46', '0', '0', '0.000'),
  ('60dc9da0-af09-4f29-93a9-101569ab593b', '1ea549bb-8b50-4078-9301-479311d9fdec', '81838a7b-7681-470c-a47c-1f7309017b31', '0.400000', '0.000', '2.000', 'd26926e6-e8e4-4b2a-8dd8-737571eae415', '0.0000', NULL, '20', '0', '0', '0.000'),
  ('62732c97-68f6-481c-9deb-c602418bfd87', '1ea549bb-8b50-4078-9301-479311d9fdec', '4abf87ab-9a98-442d-8439-ca502a843299', '0.313636', '0.000', '24.000', '2ad3b369-d39d-443e-b291-48088cd63d08', '0.0000', NULL, '41.37', '0', '0', '0.000'),
  ('645d4834-7e7d-46de-a1fc-866fc446b868', '1ea549bb-8b50-4078-9301-479311d9fdec', 'f0b90741-8991-4d4f-be7f-47cdb18c7b55', '4.260000', '0.000', '1.000', '023cba00-1b67-4218-a906-cb18a8e62964', '0.0000', NULL, '153.36', '0', '0', '0.000'),
  ('647758b0-857c-4d58-a83e-15ebeaf868dd', '1ea549bb-8b50-4078-9301-479311d9fdec', 'c853edfc-682f-4557-8416-40841519b13e', '0.119758', '0.000', '8.000', '81b34949-1fde-4237-9411-052cb8daaec9', '0.0000', NULL, '9.88', '0', '0', '0.000'),
  ('671afe4a-c565-4c87-ad24-5c58cb891dc2', '1ea549bb-8b50-4078-9301-479311d9fdec', '7a9f40de-8c8d-4c9c-bb38-ba5e76ed4874', '0.722500', '0.000', '24.000', '023cba00-1b67-4218-a906-cb18a8e62964', '0.0000', NULL, '23.13', '0', '0', '0.000'),
  ('67e861cf-551b-4c4f-b81d-4f0e6d954b6b', '1ea549bb-8b50-4078-9301-479311d9fdec', '5a0f121e-a68e-440f-8a9c-d7a0d4ec08e2', '3.395714', '0.000', '4.000', '67b0d204-5e27-439a-bc06-3675444b3388', '0.0000', NULL, '95.08', '0', '0', '0.000'),
  ('69c4fbab-2bf9-4f0f-b775-010f85de4632', '1ea549bb-8b50-4078-9301-479311d9fdec', 'e23fceba-a06a-469e-b3d2-b72d850454fa', '0.510000', '0.000', '40.000', '023cba00-1b67-4218-a906-cb18a8e62964', '0.0000', NULL, '20.41', '0', '0', '0.000'),
  ('6b83592d-42f5-4926-8b0e-11ab91c8bb97', '1ea549bb-8b50-4078-9301-479311d9fdec', '39794817-cf16-4ebe-9ae1-402e36d73dc0', '0.317000', '0.000', '18.000', '2ad3b369-d39d-443e-b291-48088cd63d08', '0.0000', NULL, '37.99', '0', '0', '0.000'),
  ('6bc6217e-f174-453a-ba1e-b4eff57247c0', '1ea549bb-8b50-4078-9301-479311d9fdec', '961b39e4-dd53-4e56-bdaa-5f7d2d1f5729', '0.007000', '0.000', '2.000', '137f2d47-45dd-4ed7-bb29-9bfb9a6a00e9', '0.0000', NULL, '35', '0', '0', '0.000'),
  ('6ccfc9f0-a1af-4e50-a0fc-d2eec5a5f670', '1ea549bb-8b50-4078-9301-479311d9fdec', '4d8950d7-7538-4e66-9677-89525232932c', '3.300000', '0.000', '2.000', '137f2d47-45dd-4ed7-bb29-9bfb9a6a00e9', '0.0000', NULL, '79.2', '0', '0', '0.000'),
  ('6eb78f48-06fc-4d0c-92a6-a94093177eda', '1ea549bb-8b50-4078-9301-479311d9fdec', '5764257b-e8a4-4e62-8cc0-a2293762203c', '0.17', '0.000', '4.000', 'd5e3adcc-61d0-4401-a391-542170496ad3', '0.0000', NULL, '25.49', '0', '0', '0.000'),
  ('747d9110-d33d-42a7-a851-0b975e4627e1', '1ea549bb-8b50-4078-9301-479311d9fdec', '86ea75bb-c53b-483e-8147-bfdb69b7c557', '2.900000', '0.000', '1.000', 'd26926e6-e8e4-4b2a-8dd8-737571eae415', '0.0000', NULL, '58', '0', '0', '0.000'),
  ('79e0427b-bd7c-4dd8-a0be-6f78844284c6', '1ea549bb-8b50-4078-9301-479311d9fdec', 'dd1e1746-75b3-48f6-8fda-8e7632515453', '1.142857', '0.000', '4.000', '023cba00-1b67-4218-a906-cb18a8e62964', '0.0000', NULL, '39.99', '0', '0', '0.000'),
  ('79e220ff-ebe4-4818-ac26-d8dc5906f390', '1ea549bb-8b50-4078-9301-479311d9fdec', 'f42c72f3-aafa-4238-bdf6-46f00fd87ecf', '1.932000', '0.000', '5.000', '67b0d204-5e27-439a-bc06-3675444b3388', '0.0000', NULL, '29', '0', '0', '0.000'),
  ('7b8766d8-e01d-411b-b912-9a2defee1a9e', '1ea549bb-8b50-4078-9301-479311d9fdec', 'f373b8c4-539e-42d6-9462-65ca8e217b8a', '0.037500', '0.000', '2.000', '02dff3a5-e7b9-42ec-ba6d-0b3bc4bb6f99', '0.0000', NULL, '15', '0', '0', '0.000'),
  ('7c12a9f7-2dcf-4444-9fa7-0420ae8231a6', '1ea549bb-8b50-4078-9301-479311d9fdec', '1f731dc4-a20a-4260-b81e-ebd41d50159a', '16.19', '0.000', '1.000', '023cba00-1b67-4218-a906-cb18a8e62964', '0.0000', NULL, '64.75', '0', '0', '0.000'),
  ('7d598998-3340-4de5-9025-71cbf2e4f1c7', '1ea549bb-8b50-4078-9301-479311d9fdec', 'af950cb6-9a59-4fed-9e27-5fe1b46304e1', '2.900000', '0.000', '2.000', '023cba00-1b67-4218-a906-cb18a8e62964', '0.0000', NULL, '15.95', '0', '0', '0.000'),
  ('7ff71c0a-d9a5-480c-96ea-c0e28ee64b69', '1ea549bb-8b50-4078-9301-479311d9fdec', 'aee2644b-c234-4ee3-adc0-d10248118f29', '22.000000', '0.000', '2.000', '137f2d47-45dd-4ed7-bb29-9bfb9a6a00e9', '0.0000', NULL, '220', '0', '0', '0.000'),
  ('86571550-ad8c-49a7-848b-95539c0330fe', '1ea549bb-8b50-4078-9301-479311d9fdec', 'd2f08fce-1609-40a1-bc10-71f79ba9f8ce', '4.090000', '0.000', '2.000', '023cba00-1b67-4218-a906-cb18a8e62964', '0.0000', NULL, '40.9', '0', '0', '0.000'),
  ('89b1715b-93db-4a50-8577-b2adb7ab02a2', '1ea549bb-8b50-4078-9301-479311d9fdec', 'ba306de2-27ba-44dc-b84f-3c6dee5d7c99', '3.686667', '0.000', '8.000', '2ad3b369-d39d-443e-b291-48088cd63d08', '0.0000', NULL, '33.18', '0', '0', '0.000'),
  ('8d6ce017-3939-4079-a203-6a9c70078191', '1ea549bb-8b50-4078-9301-479311d9fdec', '9e11bf29-221b-488e-92c2-2ba37d706068', '0.321724', '0.000', '2.000', '81b34949-1fde-4237-9411-052cb8daaec9', '0.0000', NULL, '56', '0', '0', '0.000'),
  ('8e7a8af3-65c3-4c7e-a849-3f18e548dc15', '1ea549bb-8b50-4078-9301-479311d9fdec', 'dd028a48-8c08-4505-b409-88ea0090a2fa', '0.056850', '0.000', '2.000', 'd26926e6-e8e4-4b2a-8dd8-737571eae415', '0.0000', NULL, '56.85', '0', '0', '0.000'),
  ('8e938fab-4653-43e6-8e29-fcad60b468ff', '1ea549bb-8b50-4078-9301-479311d9fdec', 'e4c58c56-e046-467e-95d0-abcb172e85b7', '2.30', '0.000', '20.000', 'ffcdf7bd-e6c9-4a32-bf77-ed95f84dee6d', '0.0000', NULL, '22.99', '0', '0', '3.000'),
  ('916346e5-ae2a-4ebd-a8f0-8374d315ba2c', '1ea549bb-8b50-4078-9301-479311d9fdec', '407dfd50-b005-4dd6-8e17-3fb7f5b63fe8', '12.000000', '0.000', '2.000', '137f2d47-45dd-4ed7-bb29-9bfb9a6a00e9', '0.0000', NULL, '240', '0', '0', '0.000'),
  ('9424ed77-bd4d-4094-a623-c9e7c9aa210d', '1ea549bb-8b50-4078-9301-479311d9fdec', '0a4c497f-1d74-4e44-9cce-705a0830535c', '13.13', '0.000', '24.000', '2ad3b369-d39d-443e-b291-48088cd63d08', '0.0000', NULL, '157.59', '0', '0', '0.000'),
  ('973a7086-6b15-4be1-b9c2-07459fcc83a1', '1ea549bb-8b50-4078-9301-479311d9fdec', 'e57397cc-403c-4067-aacf-ebfc3eb7835a', '0.22', '0.000', '200.000', '81b34949-1fde-4237-9411-052cb8daaec9', '0.0000', NULL, '8.98', '0', '0', '0.000'),
  ('977d639e-f927-484c-98df-f2add59b5ae2', '1ea549bb-8b50-4078-9301-479311d9fdec', '7833a31f-539b-4d72-bd19-e7038243e003', '33.95', '0.000', '5.000', 'd26926e6-e8e4-4b2a-8dd8-737571eae415', '0.0000', NULL, '33.95', '0', '0', '0.000'),
  ('979b7473-c54c-48f5-84d6-e8d14beb3d70', '1ea549bb-8b50-4078-9301-479311d9fdec', '8096f99c-351c-4694-9cc9-bc1aef229cee', '2.406667', '0.000', '3.000', '023cba00-1b67-4218-a906-cb18a8e62964', '0.0000', NULL, '72.19', '0', '0', '0.000'),
  ('a06a3376-d869-4e11-95e0-d1a0ee75a2b6', '1ea549bb-8b50-4078-9301-479311d9fdec', 'b5df0d22-7baa-4c5f-8cb9-d5361e307352', '0.305278', '0.000', '10.000', 'b1ee724a-8626-45ab-85d4-14a99e7cbc45', '0.0000', NULL, '10.99', '0', '0', '2.000'),
  ('a0c11d26-fc33-419e-a494-a56ca225534d', '1ea549bb-8b50-4078-9301-479311d9fdec', '6106cc35-b903-4105-918d-d6bbb09bc1c2', '0.072917', '0.000', '6.000', 'ffcdf7bd-e6c9-4a32-bf77-ed95f84dee6d', '0.0000', NULL, '7', '0', '0', '4.000'),
  ('a0e117e4-afda-4fc1-b313-b8f2347815f1', '1ea549bb-8b50-4078-9301-479311d9fdec', 'dc46d429-9ab6-4747-8e8a-9ecc002e235d', '3.547857', '0.000', '4.000', '023cba00-1b67-4218-a906-cb18a8e62964', '0.0000', NULL, '99.34', '0', '0', '0.000'),
  ('a348db0b-7a48-4a18-a3d7-2afc47873d97', '1ea549bb-8b50-4078-9301-479311d9fdec', '09de6c04-b0d0-4ea4-b03f-c16b5d063768', '3.000000', '0.000', '3.000', '137f2d47-45dd-4ed7-bb29-9bfb9a6a00e9', '0.0000', NULL, '30', '0', '0', '0.000'),
  ('a3cfd573-2f89-4c1b-b697-66a2ab4c750a', '1ea549bb-8b50-4078-9301-479311d9fdec', '09000896-9ecf-4806-a4fc-f9d81838d624', '3.750000', '0.000', '2.000', 'd5e3adcc-61d0-4401-a391-542170496ad3', '0.0000', NULL, '75', '0', '0', '0.000'),
  ('a42ba2bb-3d12-4a9b-987a-b66bb169f522', '1ea549bb-8b50-4078-9301-479311d9fdec', 'c021ac34-45ff-4874-a66f-e0d62443c307', '13.120000', '0.000', '1.000', '023cba00-1b67-4218-a906-cb18a8e62964', '0.0000', NULL, '26.24', '0', '0', '0.000'),
  ('a4a48a08-2f42-41eb-bc24-bb7d8a83d217', '1ea549bb-8b50-4078-9301-479311d9fdec', '7e4a57ac-db4d-4883-a34f-4adca46d44b4', '0.043333', '0.000', '0.000', '023cba00-1b67-4218-a906-cb18a8e62964', '0.0000', NULL, '42.82', '0', '0', '0.000'),
  ('a613d816-1917-475c-9b04-39a05b4b58e1', '1ea549bb-8b50-4078-9301-479311d9fdec', '00fb5225-3af3-4512-80f4-ac58c5563d36', '1.797778', '0.000', '8.000', '2ad3b369-d39d-443e-b291-48088cd63d08', '0.0000', NULL, '48.55', '0', '0', '0.000'),
  ('a634ba8b-2982-48e9-b859-fa8608386025', '1ea549bb-8b50-4078-9301-479311d9fdec', '43829a50-b181-4297-a362-ba25606b658c', '3.140000', '0.000', '4.000', 'd5e3adcc-61d0-4401-a391-542170496ad3', '0.0000', NULL, '10.99', '0', '0', '0.000'),
  ('a6a2e34b-61c3-48ef-89c5-b2c649089993', '1ea549bb-8b50-4078-9301-479311d9fdec', 'ecad4c33-f188-4153-ac67-992964dc284f', '18.47', '0.000', '1.000', '023cba00-1b67-4218-a906-cb18a8e62964', '0.0000', NULL, '73.89', '0', '0', '0.000'),
  ('a7359373-4b49-4cc2-8bb6-14aa13e1b294', '1ea549bb-8b50-4078-9301-479311d9fdec', 'd8fa0788-c48c-4046-8dbe-e9072203620d', '18.53', '0.000', '1.000', '023cba00-1b67-4218-a906-cb18a8e62964', '0.0000', NULL, '74.12', '0', '0', '0.000'),
  ('a7a9c5e7-4d64-4d7a-8e45-56af9e0209c8', '1ea549bb-8b50-4078-9301-479311d9fdec', 'f643b4ca-2e8f-4bb2-875e-ad9db157cdbf', '0.440000', '0.000', '2.000', 'd26926e6-e8e4-4b2a-8dd8-737571eae415', '0.0000', NULL, '22', '0', '0', '0.000'),
  ('aedabc97-f8e5-496e-9c4b-d43e87aeb953', '1ea549bb-8b50-4078-9301-479311d9fdec', '927eba38-d969-424a-879f-5a87c56d9788', '24.59', '0.000', '1.000', '023cba00-1b67-4218-a906-cb18a8e62964', '0.0000', NULL, '49.17', '0', '0', '0.000'),
  ('af1243dd-b5fa-4cec-9857-baea56fe15ef', '1ea549bb-8b50-4078-9301-479311d9fdec', '78dcff40-8e5d-4628-b80c-f96097009615', '2.475000', '0.000', '1.000', '023cba00-1b67-4218-a906-cb18a8e62964', '0.0000', NULL, '98.99', '0', '0', '0.000'),
  ('afd042f1-8361-4c50-9a4e-fb9ba2fe556c', '1ea549bb-8b50-4078-9301-479311d9fdec', 'f523aa23-d871-41ea-a0ff-469cf7a497be', '4.000000', '0.000', '2.000', 'd5e3adcc-61d0-4401-a391-542170496ad3', '0.0000', NULL, '80', '0', '0', '0.000'),
  ('affe8176-aa3f-424c-bb54-f6b9831c218f', '1ea549bb-8b50-4078-9301-479311d9fdec', 'c6d5c4d7-eacb-47ac-8692-f0618154057c', '0.00', '0.000', '3.000', 'd26926e6-e8e4-4b2a-8dd8-737571eae415', '0.0000', NULL, '32', '0', '0', '0.000'),
  ('b199c658-2215-4eed-8a0a-6f6cd00a0449', '1ea549bb-8b50-4078-9301-479311d9fdec', '33ce4244-d170-459f-9180-0e96870a2964', '0.11', '0.000', '3.000', '02dff3a5-e7b9-42ec-ba6d-0b3bc4bb6f99', '0.0000', NULL, '50', '0', '0', '0.000'),
  ('b27f6fe4-e53f-4e68-aa5d-46ed7d6c3b01', '1ea549bb-8b50-4078-9301-479311d9fdec', 'ba2714ca-7177-42f8-9924-7b6cc0eb48c7', '0.065175', '0.000', '1.000', '023cba00-1b67-4218-a906-cb18a8e62964', '0.0000', NULL, '44.55', '0', '0', '0.000'),
  ('b3fdac31-2563-4f27-84a1-fcef23c0489e', '1ea549bb-8b50-4078-9301-479311d9fdec', '7efd5415-60c1-43bf-828d-3b885c5303f7', '0.10', '0.000', '2.000', 'd5e3adcc-61d0-4401-a391-542170496ad3', '0.0000', NULL, '25', '0', '0', '0.000'),
  ('b668efda-bfab-4fef-98fa-b06580daa902', '1ea549bb-8b50-4078-9301-479311d9fdec', 'c70423a8-933a-4737-98fd-434c91ecf563', '0.020500', '0.000', '3.000', 'd26926e6-e8e4-4b2a-8dd8-737571eae415', '0.0000', NULL, '20.5', '0', '0', '0.000'),
  ('b7fe224b-0cd1-4529-b2a3-cbaee20ab8ad', '1ea549bb-8b50-4078-9301-479311d9fdec', '6d24e6b0-5bd9-4645-ad71-ad767836ee8b', '1.142857', '0.000', '1.000', 'd26926e6-e8e4-4b2a-8dd8-737571eae415', '0.0000', NULL, '40', '0', '0', '0.000'),
  ('ba27ca83-e9c4-42f6-a8fe-f1b66dd66eb3', '1ea549bb-8b50-4078-9301-479311d9fdec', '361607a8-3e51-4d63-908c-6a64b6ea6253', '3.000000', '0.000', '3.000', 'd26926e6-e8e4-4b2a-8dd8-737571eae415', '0.0000', NULL, '60', '0', '0', '0.000'),
  ('ba6ee854-1912-4c35-9614-c042eb292f39', '1ea549bb-8b50-4078-9301-479311d9fdec', 'a0417206-1a0f-43a9-b8ee-76a9928dacfc', '4.135000', '0.000', '2.000', '023cba00-1b67-4218-a906-cb18a8e62964', '0.0000', NULL, '165.39', '0', '0', '0.000'),
  ('bc1dbb0d-da2e-4b61-90ad-051005f9687e', '1ea549bb-8b50-4078-9301-479311d9fdec', 'bdc995cc-559a-46ed-8c02-91085ad91a1c', '4.498000', '0.000', '4.000', 'd5e3adcc-61d0-4401-a391-542170496ad3', '0.0000', NULL, '22.49', '0', '0', '0.000'),
  ('bc7fe612-6e98-4cb7-a533-cc21071a16b0', '1ea549bb-8b50-4078-9301-479311d9fdec', '61bcb565-c115-4b84-bd9d-b1b2a5120f6c', '1.910909', '0.000', '2.000', '023cba00-1b67-4218-a906-cb18a8e62964', '0.0000', NULL, '21.02', '0', '0', '0.000'),
  ('bcd46175-f62a-4eb0-ac6b-a162fb982250', '1ea549bb-8b50-4078-9301-479311d9fdec', 'e08a369c-dd00-43d6-9ee2-d3ee4af54c0e', '2.400000', '0.000', '5.000', '137f2d47-45dd-4ed7-bb29-9bfb9a6a00e9', '0.0000', NULL, '48', '0', '0', '0.000'),
  ('bf2109b6-7c23-41e3-bc32-308388403c75', '1ea549bb-8b50-4078-9301-479311d9fdec', '8518e0d9-5093-4483-9561-0b52f09eb109', '1.88', '0.000', '1.000', 'd26926e6-e8e4-4b2a-8dd8-737571eae415', '0.0000', NULL, '22.5', '0', '0', '0.000'),
  ('bf6a0647-0e2b-499c-b007-c88297bbfdcc', '1ea549bb-8b50-4078-9301-479311d9fdec', '34f80fe4-e0b2-4ec4-9637-07e6f7c1ba80', '0.67', '0.000', '36.000', 'b1ee724a-8626-45ab-85d4-14a99e7cbc45', '0.0000', NULL, '24', '0', '0', '0.000'),
  ('c0cef691-87c5-40b7-92b0-1bd034b7d279', '1ea549bb-8b50-4078-9301-479311d9fdec', '9d6d98d7-2c04-4d04-af68-e5820b65f474', '0.20', '0.000', '3.000', '02dff3a5-e7b9-42ec-ba6d-0b3bc4bb6f99', '0.0000', NULL, '39', '0', '0', '0.000'),
  ('c1a96c79-deea-4a8d-807a-7bbded746c74', '1ea549bb-8b50-4078-9301-479311d9fdec', 'b8a59a52-bb93-4508-b1a0-3f0fc1ccf06a', '9.75', '0.000', '1.000', 'd5e3adcc-61d0-4401-a391-542170496ad3', '0.0000', NULL, '39', '0', '0', '0.000'),
  ('c7c2b62e-eb64-4762-99d3-fe787b6b70e9', '1ea549bb-8b50-4078-9301-479311d9fdec', '84a323f2-4263-4a28-8146-2b5c94617dda', '1.000000', '0.000', '2.000', 'd26926e6-e8e4-4b2a-8dd8-737571eae415', '0.0000', NULL, '75', '0', '0', '0.000'),
  ('c8e35f81-77c5-47db-b13f-ad8168eff035', '1ea549bb-8b50-4078-9301-479311d9fdec', '69bfd90a-4535-41d7-a1fc-b11ccde77d65', '0.044000', '0.000', '3.000', '02dff3a5-e7b9-42ec-ba6d-0b3bc4bb6f99', '0.0000', NULL, '22', '0', '0', '0.000'),
  ('ca5a070b-5d4d-465b-a7ba-5fd9c6d9118b', '1ea549bb-8b50-4078-9301-479311d9fdec', '5b837e22-8286-44ca-a76d-e6d09b480131', '1.302222', '0.000', '96.000', '2ad3b369-d39d-443e-b291-48088cd63d08', '0.0000', NULL, '35.17', '0', '0', '0.000'),
  ('cb7e5b16-2a5e-4ec1-889a-d21dffb8657d', '1ea549bb-8b50-4078-9301-479311d9fdec', 'c8875242-31a3-4fe1-9022-ded47106a5b8', '0.61', '0.000', '48.000', 'b1ee724a-8626-45ab-85d4-14a99e7cbc45', '0.0000', NULL, '14.62', '0', '0', '48.000'),
  ('d0ac9999-e482-4c20-b356-be93c90b8e5c', '1ea549bb-8b50-4078-9301-479311d9fdec', 'b51cc9cf-18a7-4494-b804-19897e524395', '2.504000', '0.000', '2.000', '023cba00-1b67-4218-a906-cb18a8e62964', '0.0000', NULL, '25.03', '0', '0', '0.000'),
  ('d20b5179-94a3-4a41-9082-10b472aef4db', '1ea549bb-8b50-4078-9301-479311d9fdec', 'baafd276-f6ab-44eb-9a12-4aa230507c91', '0.400000', '0.000', '1.000', 'd26926e6-e8e4-4b2a-8dd8-737571eae415', '0.0000', NULL, '20', '0', '0', '0.000'),
  ('d3afbb2e-897d-4f69-8485-ea955625ddaa', '1ea549bb-8b50-4078-9301-479311d9fdec', '20201cf1-814b-49cc-933b-371b40db515c', '2.50', '0.000', '36.000', 'b1ee724a-8626-45ab-85d4-14a99e7cbc45', '0.0000', NULL, '14.99', '0', '0', '1.000'),
  ('d4136858-bf5e-4a0a-b7af-8bbb249f72d7', '1ea549bb-8b50-4078-9301-479311d9fdec', '6552b358-0453-4f0f-b915-f099e7e30e86', '0.00', '0.000', '1.000', 'd26926e6-e8e4-4b2a-8dd8-737571eae415', '0.0000', NULL, '0', '0', '0', '0.000'),
  ('d4943aba-c1c6-4358-81df-433eccc8b6c3', '1ea549bb-8b50-4078-9301-479311d9fdec', '4498705d-b6dc-45c2-a218-0d1889419474', '2.00', '0.000', '20.000', 'b1ee724a-8626-45ab-85d4-14a99e7cbc45', '0.0000', NULL, '20', '0', '0', '2.000'),
  ('d743b6d0-07e4-4f48-91e7-839440b22bf7', '1ea549bb-8b50-4078-9301-479311d9fdec', '9c4414c3-17e8-4a0a-bd6b-4130b812f39c', '8.75', '0.000', '5.000', '2ad3b369-d39d-443e-b291-48088cd63d08', '0.0000', NULL, '34.99', '0', '0', '0.000'),
  ('d823cff7-2b40-4bea-86ee-45a76b2a76b0', '1ea549bb-8b50-4078-9301-479311d9fdec', '26182be6-0835-4d0b-bd33-6fdddfd86475', '0.200000', '0.000', '2.000', 'd5e3adcc-61d0-4401-a391-542170496ad3', '0.0000', NULL, '50', '0', '0', '0.000'),
  ('dbf753a4-8e79-43cc-8609-4199a6200367', '1ea549bb-8b50-4078-9301-479311d9fdec', '61806f6a-f6d8-4dee-9305-c31e8851a14b', '2.500000', '0.000', '1.000', 'd26926e6-e8e4-4b2a-8dd8-737571eae415', '0.0000', NULL, '50', '0', '0', '0.000'),
  ('e08c1435-50a1-4397-80a0-b8a7a6e9d3e8', '1ea549bb-8b50-4078-9301-479311d9fdec', 'e30c2f0e-b903-4e23-95af-6220282c344c', '0.53', '0.000', '72.000', 'b1ee724a-8626-45ab-85d4-14a99e7cbc45', '0.0000', NULL, '19.02', '0', '0', '36.000'),
  ('e1ffba38-4808-4d3e-ad64-b93ffc3febeb', '1ea549bb-8b50-4078-9301-479311d9fdec', '738366a7-dada-4e1c-aa2a-83071ac177ea', '1.66', '0.000', '30.000', '81b34949-1fde-4237-9411-052cb8daaec9', '0.0000', NULL, '9.98', '0', '0', '0.000'),
  ('e564c66d-6013-4b29-b9fa-e28450150b42', '1ea549bb-8b50-4078-9301-479311d9fdec', '92e0d0fc-0e56-4674-bfee-dd33a36af0a8', '0.085877', '0.000', '1.000', '023cba00-1b67-4218-a906-cb18a8e62964', '0.0000', NULL, '58.73', '0', '0', '0.000'),
  ('eb101d0b-3b51-4981-8fac-8dd45d4a0b98', '1ea549bb-8b50-4078-9301-479311d9fdec', 'da7319cc-ade2-410d-80fc-72133d82ad5a', '0.58', '0.000', '70.000', 'b1ee724a-8626-45ab-85d4-14a99e7cbc45', '0.0000', NULL, '20.34', '0', '0', '70.000'),
  ('eb50a5ad-797c-4dc7-be95-8821e79927e0', '1ea549bb-8b50-4078-9301-479311d9fdec', 'de2debc5-3e8a-434a-ae78-4859c738fe5e', '0.53', '0.000', '0.000', NULL, '0.0000', NULL, '3.2', '0', '0', '0.000'),
  ('ec4e5223-7670-466b-b893-282908a9f33c', '1ea549bb-8b50-4078-9301-479311d9fdec', '823b460f-8281-42f9-a523-6e7854c53024', '0.245625', '0.000', '3.000', '81b34949-1fde-4237-9411-052cb8daaec9', '0.0000', NULL, '11.79', '0', '0', '0.000'),
  ('f287d7a6-939f-4b46-9280-605d58d0d25a', '1ea549bb-8b50-4078-9301-479311d9fdec', '35c97899-a13f-4167-9bb2-a1194f91a925', '3.21', '0.000', '4.000', 'ffcdf7bd-e6c9-4a32-bf77-ed95f84dee6d', '0.0000', NULL, '3.21', '0', '0', '2.000'),
  ('f2fe229e-2da8-46b4-b220-4cf6fe1663c3', '1ea549bb-8b50-4078-9301-479311d9fdec', 'd5626fc8-d58b-412b-b63d-29ba6f53171d', '0.10', '0.000', '2.000', 'd5e3adcc-61d0-4401-a391-542170496ad3', '0.0000', NULL, '25', '0', '0', '0.000'),
  ('f380a4cf-fdc0-4b6f-bd46-ad772e4ffd3e', '1ea549bb-8b50-4078-9301-479311d9fdec', 'c17f9b15-c0b2-4da3-a330-caad91f37714', '3.200000', '0.000', '4.000', '137f2d47-45dd-4ed7-bb29-9bfb9a6a00e9', '0.0000', NULL, '70.56', '0', '0', '0.000'),
  ('f3912991-0e7c-43a4-8450-4e05753039b1', '1ea549bb-8b50-4078-9301-479311d9fdec', '83b9b9c2-0243-4539-9eb4-320ce34cebeb', '1.328000', '0.000', '2.000', '023cba00-1b67-4218-a906-cb18a8e62964', '0.0000', NULL, '39.85', '0', '0', '0.000'),
  ('f69af9fd-9dd0-47b1-8cee-43ecc0fa5d93', '1ea549bb-8b50-4078-9301-479311d9fdec', '9a0d9074-282d-4190-a804-5c3ba87f1690', '3.33', '0.000', '8.000', 'd26926e6-e8e4-4b2a-8dd8-737571eae415', '0.0000', NULL, '20', '0', '0', '0.000'),
  ('fa2cc5b6-8a7a-4cdc-9178-c05d68092d67', '1ea549bb-8b50-4078-9301-479311d9fdec', 'ca22a93c-7059-42e8-9101-aae2e4946fd4', '22.43', '0.000', '1.000', '023cba00-1b67-4218-a906-cb18a8e62964', '0.0000', NULL, '89.72', '0', '0', '0.000'),
  ('fe3ef08c-9462-44fb-a664-e6703eb4d480', '1ea549bb-8b50-4078-9301-479311d9fdec', '222e9758-5b46-4d13-84cb-5ccc69ae4526', '1.000000', '0.000', '2.000', 'd26926e6-e8e4-4b2a-8dd8-737571eae415', '0.0000', NULL, '24', '0', '0', '0.000'),
  ('ff8d3cb9-9257-4903-8c37-f91b6dd26b86', '1ea549bb-8b50-4078-9301-479311d9fdec', 'f78722e0-84aa-48b6-8410-fa6d323702e8', '0.220000', '0.000', '7.000', '02dff3a5-e7b9-42ec-ba6d-0b3bc4bb6f99', '0.0000', NULL, '5.5', '0', '0', '0.000'),
  ('0227f430-00e7-427f-aac3-8d3b56b4f50c', '298e092c-3f6e-4626-a569-54fb8e72f649', '4498705d-b6dc-45c2-a218-0d1889419474', '2.00', '0.000', '20.000', 'b1ee724a-8626-45ab-85d4-14a99e7cbc45', '0.0000', NULL, '20', '0', '0', '0.000'),
  ('0352b682-037c-450e-9dcb-3ed2cc1d77a3', '298e092c-3f6e-4626-a569-54fb8e72f649', '33ce4244-d170-459f-9180-0e96870a2964', '0.11', '0.000', '3.000', '02dff3a5-e7b9-42ec-ba6d-0b3bc4bb6f99', '0.0000', NULL, '50', '0', '0', '0.000'),
  ('05e70315-cb9a-4fbc-9b6b-746e22938e28', '298e092c-3f6e-4626-a569-54fb8e72f649', 'e55173f3-1c47-4fcb-be56-b0e716fb02ae', '0.14', '0.000', '3.000', '02dff3a5-e7b9-42ec-ba6d-0b3bc4bb6f99', '0.0000', NULL, '43', '0', '0', '0.000'),
  ('06b3e30b-1691-49b5-997a-eab54f64e8c5', '298e092c-3f6e-4626-a569-54fb8e72f649', '4d8950d7-7538-4e66-9677-89525232932c', '3.300000', '0.000', '2.000', '137f2d47-45dd-4ed7-bb29-9bfb9a6a00e9', '0.0000', NULL, '79.2', '0', '0', '0.000'),
  ('070eb182-5cd7-47f3-b4dc-9e8e7851c5e4', '298e092c-3f6e-4626-a569-54fb8e72f649', 'f790805c-da45-442a-bd7d-8fb8a4ae475d', '0.098775', '0.000', '8.000', '81b34949-1fde-4237-9411-052cb8daaec9', '0.0000', NULL, '8.87', '0', '0', '0.000'),
  ('07989ce8-3249-4701-a0f6-e32389a554dc', '298e092c-3f6e-4626-a569-54fb8e72f649', 'a0417206-1a0f-43a9-b8ee-76a9928dacfc', '4.135000', '0.000', '2.000', '023cba00-1b67-4218-a906-cb18a8e62964', '0.0000', NULL, '165.39', '0', '0', '0.000'),
  ('079c8275-2457-4377-be12-da5b6323cd3c', '298e092c-3f6e-4626-a569-54fb8e72f649', '5e181526-f99c-451c-812a-7c8b39f1ca20', '4.870000', '0.000', '1.000', '023cba00-1b67-4218-a906-cb18a8e62964', '0.0000', NULL, '292.2', '0', '0', '0.000'),
  ('0c52ae27-5344-4562-b1b4-b1b59c948416', '298e092c-3f6e-4626-a569-54fb8e72f649', '782ba85b-539a-4142-831b-8f95a6aaa7af', '0.024500', '0.000', '2.000', '02dff3a5-e7b9-42ec-ba6d-0b3bc4bb6f99', '0.0000', NULL, '49', '0', '0', '0.000'),
  ('0e6b026e-b753-46f6-86a4-0383798e8678', '298e092c-3f6e-4626-a569-54fb8e72f649', '9ecc419c-db25-4428-a136-d1753acd1e6a', '12.700000', '0.000', '5.000', '023cba00-1b67-4218-a906-cb18a8e62964', '0.0000', NULL, '381', '0', '0', '0.000'),
  ('0f0f2c99-9e3a-4990-bf01-85f6eafb9572', '298e092c-3f6e-4626-a569-54fb8e72f649', '67d9e32e-66d9-41d2-87d7-4e0e5e1cdb16', '0.58', '0.000', '70.000', 'b1ee724a-8626-45ab-85d4-14a99e7cbc45', '0.0000', NULL, '20.34', '0', '0', '0.000'),
  ('1030c3ac-f4fe-4df3-909a-b4327666e3b8', '298e092c-3f6e-4626-a569-54fb8e72f649', '86ea75bb-c53b-483e-8147-bfdb69b7c557', '2.900000', '0.000', '1.000', 'd26926e6-e8e4-4b2a-8dd8-737571eae415', '0.0000', NULL, '58', '0', '0', '0.000'),
  ('103394de-d206-4d17-a64e-bf745a7e3bda', '298e092c-3f6e-4626-a569-54fb8e72f649', '927eba38-d969-424a-879f-5a87c56d9788', '24.59', '0.000', '1.000', '023cba00-1b67-4218-a906-cb18a8e62964', '0.0000', NULL, '49.17', '0', '0', '0.000'),
  ('185cd6ff-151c-4d9b-96e8-79649aa872f2', '298e092c-3f6e-4626-a569-54fb8e72f649', 'ca128ac1-cfe1-41df-b621-66e8e09a142c', '1.947000', '0.000', '8.000', '023cba00-1b67-4218-a906-cb18a8e62964', '0.0000', NULL, '77.87', '0', '0', '0.000'),
  ('19ee41b5-d12f-44f5-bfc9-2392be3fc5d1', '298e092c-3f6e-4626-a569-54fb8e72f649', '7b16fbf2-4335-4c5f-a4d7-d93687a70d3b', '4.388715', '0.000', '6.000', 'ffcdf7bd-e6c9-4a32-bf77-ed95f84dee6d', '0.0000', NULL, '14', '0', '0', '0.000'),
  ('1a851aa0-85ab-4dd0-b53f-384588d1ba1d', '298e092c-3f6e-4626-a569-54fb8e72f649', 'df80f14a-de16-49f0-848e-2dbfcccb106f', '4.49', '0.000', '4.000', 'd26926e6-e8e4-4b2a-8dd8-737571eae415', '0.0000', NULL, '4.49', '0', '0', '0.000'),
  ('1aedf8c6-b5f2-4486-b9f3-5bb72b5a0992', '298e092c-3f6e-4626-a569-54fb8e72f649', '5231eac2-406b-4f5d-96df-942e010c52b4', '12.16', '0.000', '24.000', '2ad3b369-d39d-443e-b291-48088cd63d08', '0.0000', NULL, '145.95', '0', '0', '0.000'),
  ('1cddf94d-05f1-4282-b58a-66b62a4384c3', '298e092c-3f6e-4626-a569-54fb8e72f649', 'db453c34-02ac-42ee-8e24-95249fce32f5', '7.150000', '0.000', '1.000', 'd5e3adcc-61d0-4401-a391-542170496ad3', '0.0000', NULL, '143', '0', '0', '0.000'),
  ('1ec49028-42d9-4e55-b728-899e00280473', '298e092c-3f6e-4626-a569-54fb8e72f649', '09000896-9ecf-4806-a4fc-f9d81838d624', '3.750000', '0.000', '2.000', 'd5e3adcc-61d0-4401-a391-542170496ad3', '0.0000', NULL, '75', '0', '0', '0.000'),
  ('22672435-1a7b-4c43-befb-9f8c5271b27f', '298e092c-3f6e-4626-a569-54fb8e72f649', '361607a8-3e51-4d63-908c-6a64b6ea6253', '3.000000', '0.000', '3.000', 'd26926e6-e8e4-4b2a-8dd8-737571eae415', '0.0000', NULL, '60', '0', '0', '0.000'),
  ('24c7f40b-a969-452d-b6bf-a0ee0fd5e328', '298e092c-3f6e-4626-a569-54fb8e72f649', '06c0244f-0aeb-4906-ae77-1a922bf341e3', '0.11', '0.000', '2.000', 'd5e3adcc-61d0-4401-a391-542170496ad3', '0.0000', NULL, '53', '0', '0', '0.000'),
  ('2b673b2d-150e-453d-949e-a8e50550e932', '298e092c-3f6e-4626-a569-54fb8e72f649', 'f373b8c4-539e-42d6-9462-65ca8e217b8a', '0.037500', '0.000', '2.000', '02dff3a5-e7b9-42ec-ba6d-0b3bc4bb6f99', '0.0000', NULL, '15', '0', '0', '0.000'),
  ('2e96f92d-2331-4238-a826-a2feee710ce1', '298e092c-3f6e-4626-a569-54fb8e72f649', '00fb5225-3af3-4512-80f4-ac58c5563d36', '1.797778', '0.000', '8.000', '2ad3b369-d39d-443e-b291-48088cd63d08', '0.0000', NULL, '48.55', '0', '0', '0.000'),
  ('33c3310b-f73d-4fbe-b446-c3ebf8c8beea', '298e092c-3f6e-4626-a569-54fb8e72f649', '92e0d0fc-0e56-4674-bfee-dd33a36af0a8', '0.085877', '0.000', '1.000', '023cba00-1b67-4218-a906-cb18a8e62964', '0.0000', NULL, '58.73', '0', '0', '0.000'),
  ('364859aa-ef86-4c84-bece-ad8ba62ce6bb', '298e092c-3f6e-4626-a569-54fb8e72f649', '0462cb93-3e14-4205-b955-e076b4e993e7', '2.925000', '0.000', '5.000', '2ad3b369-d39d-443e-b291-48088cd63d08', '0.0000', NULL, '117', '0', '0', '0.000'),
  ('380efc77-fdb4-48aa-923f-076a202b8591', '298e092c-3f6e-4626-a569-54fb8e72f649', '649d2897-67af-4d52-9157-0a43d1a8a8ea', '2.133333', '0.000', '1.500', 'd26926e6-e8e4-4b2a-8dd8-737571eae415', '0.0000', NULL, '32', '0', '0', '0.000'),
  ('38b3eef7-2c9c-4953-a242-b684dce9da93', '298e092c-3f6e-4626-a569-54fb8e72f649', 'ac061cac-05ec-499f-9707-cd1ffcadd3b5', '0.100000', '0.000', '3.000', '02dff3a5-e7b9-42ec-ba6d-0b3bc4bb6f99', '0.0000', NULL, '50', '0', '0', '0.000'),
  ('400ebb96-b259-4922-a6d0-fb65acfb3e84', '298e092c-3f6e-4626-a569-54fb8e72f649', '9e11bf29-221b-488e-92c2-2ba37d706068', '0.321724', '0.000', '2.000', '81b34949-1fde-4237-9411-052cb8daaec9', '0.0000', NULL, '56', '0', '0', '0.000'),
  ('4024dab1-f4db-439b-89b5-e19b2cf185f9', '298e092c-3f6e-4626-a569-54fb8e72f649', 'df58f173-3706-4f44-b0f6-a335e47e6f55', '15.50', '0.000', '1.000', '023cba00-1b67-4218-a906-cb18a8e62964', '0.0000', NULL, '62.01', '0', '0', '0.000'),
  ('416011fc-dad1-4f6e-bd57-c13e4b8f9ff5', '298e092c-3f6e-4626-a569-54fb8e72f649', '407dfd50-b005-4dd6-8e17-3fb7f5b63fe8', '12.000000', '0.000', '2.000', '137f2d47-45dd-4ed7-bb29-9bfb9a6a00e9', '0.0000', NULL, '240', '0', '0', '0.000'),
  ('426e4aff-f154-4972-a8a0-20d310e3d0b6', '298e092c-3f6e-4626-a569-54fb8e72f649', 'dd028a48-8c08-4505-b409-88ea0090a2fa', '0.056850', '0.000', '2.000', 'd26926e6-e8e4-4b2a-8dd8-737571eae415', '0.0000', NULL, '56.85', '0', '0', '0.000'),
  ('43a7a97b-d274-4c58-bb14-85e45fa3ba3f', '298e092c-3f6e-4626-a569-54fb8e72f649', 'c17f9b15-c0b2-4da3-a330-caad91f37714', '3.200000', '0.000', '4.000', '137f2d47-45dd-4ed7-bb29-9bfb9a6a00e9', '0.0000', NULL, '70.56', '0', '0', '0.000'),
  ('44c3388b-afdc-4b02-87c0-9eefc83d3939', '298e092c-3f6e-4626-a569-54fb8e72f649', 'b51cc9cf-18a7-4494-b804-19897e524395', '2.504000', '0.000', '2.000', '023cba00-1b67-4218-a906-cb18a8e62964', '0.0000', NULL, '25.03', '0', '0', '0.000'),
  ('451b6708-1413-40af-9210-aa29477bfced', '298e092c-3f6e-4626-a569-54fb8e72f649', '7a9f40de-8c8d-4c9c-bb38-ba5e76ed4874', '0.722500', '0.000', '24.000', '023cba00-1b67-4218-a906-cb18a8e62964', '0.0000', NULL, '23.13', '0', '0', '0.000'),
  ('47588065-0797-442b-a0d7-b028715a9f3e', '298e092c-3f6e-4626-a569-54fb8e72f649', '7833a31f-539b-4d72-bd19-e7038243e003', '33.95', '0.000', '5.000', 'd26926e6-e8e4-4b2a-8dd8-737571eae415', '0.0000', NULL, '33.95', '0', '0', '0.000'),
  ('49a7b98c-f900-4e65-b8c0-9df3f4f44d3f', '298e092c-3f6e-4626-a569-54fb8e72f649', '7e4a57ac-db4d-4883-a34f-4adca46d44b4', '0.043333', '0.000', '0.000', '023cba00-1b67-4218-a906-cb18a8e62964', '0.0000', NULL, '42.82', '0', '0', '0.000'),
  ('49b25f3a-79af-4249-8cfe-047f83ac4239', '298e092c-3f6e-4626-a569-54fb8e72f649', '8221c029-1930-45c4-9b83-433f5d4d7729', '5.150000', '0.000', '12.000', '137f2d47-45dd-4ed7-bb29-9bfb9a6a00e9', '0.0000', NULL, '103', '0', '0', '0.000'),
  ('4a88e4fa-9f87-46ea-bce7-222b11fe11b0', '298e092c-3f6e-4626-a569-54fb8e72f649', 'b8a59a52-bb93-4508-b1a0-3f0fc1ccf06a', '9.75', '0.000', '1.000', 'd5e3adcc-61d0-4401-a391-542170496ad3', '0.0000', NULL, '39', '0', '0', '0.000'),
  ('4df3405a-c9db-45ec-b714-78560ff7107d', '298e092c-3f6e-4626-a569-54fb8e72f649', 'bf54f8dd-43c1-4f21-bb4e-374963f7a301', '8.400000', '0.000', '2.000', 'd5e3adcc-61d0-4401-a391-542170496ad3', '0.0000', NULL, '42', '0', '0', '0.000'),
  ('4f6c270e-c919-4529-ba1b-e73130d00c9c', '298e092c-3f6e-4626-a569-54fb8e72f649', 'd8fa0788-c48c-4046-8dbe-e9072203620d', '18.53', '0.000', '1.000', '023cba00-1b67-4218-a906-cb18a8e62964', '0.0000', NULL, '74.12', '0', '0', '0.000'),
  ('51a4af6e-9659-4c05-b1e6-52f8ae5f356d', '298e092c-3f6e-4626-a569-54fb8e72f649', 'efe9bc67-110d-41c7-b686-4afd18176562', '5.266667', '0.000', '2.000', 'd5e3adcc-61d0-4401-a391-542170496ad3', '0.0000', NULL, '118.5', '0', '0', '0.000'),
  ('52bde3d2-244f-421b-a57a-0fabbad860e2', '298e092c-3f6e-4626-a569-54fb8e72f649', 'e30c2f0e-b903-4e23-95af-6220282c344c', '0.53', '0.000', '72.000', 'b1ee724a-8626-45ab-85d4-14a99e7cbc45', '0.0000', NULL, '19.02', '0', '0', '0.000'),
  ('559fda8f-7190-4c55-8e18-27954776130c', '298e092c-3f6e-4626-a569-54fb8e72f649', 'e7776e0a-38c9-4c59-b813-1a0ce467cf6f', '2.217000', '0.000', '4.000', 'd26926e6-e8e4-4b2a-8dd8-737571eae415', '0.0000', NULL, '88.68', '0', '0', '0.000'),
  ('57f41384-2687-4aab-ae26-891b02a1bb08', '298e092c-3f6e-4626-a569-54fb8e72f649', 'e57397cc-403c-4067-aacf-ebfc3eb7835a', '0.22', '0.000', '200.000', '81b34949-1fde-4237-9411-052cb8daaec9', '0.0000', NULL, '8.98', '0', '0', '0.000'),
  ('5880332c-0ec5-478c-a8bf-199b1bc95de9', '298e092c-3f6e-4626-a569-54fb8e72f649', '222e9758-5b46-4d13-84cb-5ccc69ae4526', '1.000000', '0.000', '2.000', 'd26926e6-e8e4-4b2a-8dd8-737571eae415', '0.0000', NULL, '24', '0', '0', '0.000'),
  ('5b7da4dd-9f9f-4f7e-96fa-a15329aff288', '298e092c-3f6e-4626-a569-54fb8e72f649', '7946c6d6-3797-420f-b1d0-fcd7dd34d0be', '0.540000', '0.000', '2.000', 'd26926e6-e8e4-4b2a-8dd8-737571eae415', '0.0000', NULL, '27', '0', '0', '0.000'),
  ('5c984d7b-abee-4d03-85ca-1fa39441eecf', '298e092c-3f6e-4626-a569-54fb8e72f649', '91293b02-3d69-4d80-b4e5-95e9373af57b', '10.11', '0.000', '5.000', '023cba00-1b67-4218-a906-cb18a8e62964', '0.0000', NULL, '40.45', '0', '0', '0.000'),
  ('610b3d57-1367-44ae-9202-a19cfa0ccdf6', '298e092c-3f6e-4626-a569-54fb8e72f649', '5b837e22-8286-44ca-a76d-e6d09b480131', '1.302222', '0.000', '96.000', '2ad3b369-d39d-443e-b291-48088cd63d08', '0.0000', NULL, '35.17', '0', '0', '0.000'),
  ('64992485-bb74-4c41-aec9-5bb76d3d3d53', '298e092c-3f6e-4626-a569-54fb8e72f649', 'e525ce29-acd4-4a3d-81ff-f796ecaa1f3b', '2.640000', '0.000', '1.000', 'd5e3adcc-61d0-4401-a391-542170496ad3', '0.0000', NULL, '66', '0', '0', '0.000'),
  ('64cfb1e4-43e7-4a1c-a306-7f15f81582b2', '298e092c-3f6e-4626-a569-54fb8e72f649', '41972334-6408-46d5-b6eb-a2f9fb84666b', '0.619000', '0.000', '3.000', 'd26926e6-e8e4-4b2a-8dd8-737571eae415', '0.0000', NULL, '30.95', '0', '0', '0.000'),
  ('64dddaac-d11d-4428-b907-4fd63618162a', '298e092c-3f6e-4626-a569-54fb8e72f649', 'c853edfc-682f-4557-8416-40841519b13e', '0.119758', '0.000', '8.000', '81b34949-1fde-4237-9411-052cb8daaec9', '0.0000', NULL, '9.88', '0', '0', '0.000'),
  ('6513f956-c787-4db5-bc41-d1cf83a63a40', '298e092c-3f6e-4626-a569-54fb8e72f649', '9ee3f545-3154-411b-9ff5-90ff32b1d834', '7.32', '0.000', '1.000', '023cba00-1b67-4218-a906-cb18a8e62964', '0.0000', NULL, '29.27', '0', '0', '0.000'),
  ('67fc06af-447d-4122-925a-b9ed7e70671e', '298e092c-3f6e-4626-a569-54fb8e72f649', 'f6af9c55-bf49-4bef-a0d2-ba9b69c544eb', '4.24', '0.000', '6.000', 'd26926e6-e8e4-4b2a-8dd8-737571eae415', '0.0000', NULL, '16.95', '0', '0', '0.000'),
  ('69d35613-0e62-4e1d-ba51-0971f15dc136', '298e092c-3f6e-4626-a569-54fb8e72f649', '39794817-cf16-4ebe-9ae1-402e36d73dc0', '0.317000', '0.000', '18.000', '2ad3b369-d39d-443e-b291-48088cd63d08', '0.0000', NULL, '37.99', '0', '0', '0.000'),
  ('6f21cd53-7a1a-4223-87bf-6d04487a4c44', '298e092c-3f6e-4626-a569-54fb8e72f649', 'e165d040-b694-4a89-95cd-7691e07a2433', '0.138889', '0.000', '2.000', 'd26926e6-e8e4-4b2a-8dd8-737571eae415', '0.0000', NULL, '50', '0', '0', '0.000'),
  ('6f645b43-fe7c-4ee0-bde7-b26f39ed4c8b', '298e092c-3f6e-4626-a569-54fb8e72f649', '78dcff40-8e5d-4628-b80c-f96097009615', '2.475000', '0.000', '1.000', '023cba00-1b67-4218-a906-cb18a8e62964', '0.0000', NULL, '98.99', '0', '0', '0.000'),
  ('6fff1145-3bf5-4aa7-b494-b1bd12da784e', '298e092c-3f6e-4626-a569-54fb8e72f649', 'e08a369c-dd00-43d6-9ee2-d3ee4af54c0e', '2.400000', '0.000', '5.000', '137f2d47-45dd-4ed7-bb29-9bfb9a6a00e9', '0.0000', NULL, '48', '0', '0', '0.000'),
  ('70a00550-7f75-4c94-ba9d-1e6ff95f91dd', '298e092c-3f6e-4626-a569-54fb8e72f649', 'cce48a4b-db9d-4d22-8341-803b0d0be6ef', '2.552000', '0.000', '3.000', '81b34949-1fde-4237-9411-052cb8daaec9', '0.0000', NULL, '12.76', '0', '0', '0.000'),
  ('74166743-2451-40f7-a1a0-5194cdc3724c', '298e092c-3f6e-4626-a569-54fb8e72f649', '84a323f2-4263-4a28-8146-2b5c94617dda', '1.000000', '0.000', '2.000', 'd26926e6-e8e4-4b2a-8dd8-737571eae415', '0.0000', NULL, '75', '0', '0', '0.000'),
  ('745edbb9-b58e-4a05-9d41-c73f87d13e12', '298e092c-3f6e-4626-a569-54fb8e72f649', 'e4c58c56-e046-467e-95d0-abcb172e85b7', '2.30', '0.000', '20.000', 'ffcdf7bd-e6c9-4a32-bf77-ed95f84dee6d', '0.0000', NULL, '22.99', '0', '0', '0.000'),
  ('75c324d7-a8f9-4b15-a4e4-8094e6cf42b4', '298e092c-3f6e-4626-a569-54fb8e72f649', 'eadfaf2c-b74f-437b-a6ac-89c73114426f', '1.579500', '0.000', '4.000', '2ad3b369-d39d-443e-b291-48088cd63d08', '0.0000', NULL, '63.18', '0', '0', '0.000'),
  ('77098d8a-f6f2-4418-80a0-7ab34624aa86', '298e092c-3f6e-4626-a569-54fb8e72f649', 'bff793b6-9562-4273-8d3c-78d5de8bc9a4', '0.050000', '0.000', '2.000', 'd5e3adcc-61d0-4401-a391-542170496ad3', '0.0000', NULL, '50', '0', '0', '0.000'),
  ('79b3039c-45ea-4e96-ba2b-8b472335291e', '298e092c-3f6e-4626-a569-54fb8e72f649', 'ff949320-38eb-4787-aa55-ef473e06d33f', '1.500870', '0.000', '3.000', '81b34949-1fde-4237-9411-052cb8daaec9', '0.0000', NULL, '34.5', '0', '0', '0.000'),
  ('7ab17b49-2f38-4011-8a2f-04f79d5875b4', '298e092c-3f6e-4626-a569-54fb8e72f649', '8518e0d9-5093-4483-9561-0b52f09eb109', '1.88', '0.000', '1.000', 'd26926e6-e8e4-4b2a-8dd8-737571eae415', '0.0000', NULL, '22.5', '0', '0', '0.000'),
  ('7c4d1b14-d1c7-4ed0-839d-cf1e98d9d4e8', '298e092c-3f6e-4626-a569-54fb8e72f649', '375c3f93-14d5-49cd-871c-7a370e9f34e1', '3.997500', '0.000', '4.000', 'd5e3adcc-61d0-4401-a391-542170496ad3', '0.0000', NULL, '15.99', '0', '0', '0.000'),
  ('7c544e3f-7215-4fa4-bad3-11d87836b9cb', '298e092c-3f6e-4626-a569-54fb8e72f649', 'da7319cc-ade2-410d-80fc-72133d82ad5a', '0.58', '0.000', '70.000', 'b1ee724a-8626-45ab-85d4-14a99e7cbc45', '0.0000', NULL, '20.34', '0', '0', '0.000'),
  ('7fd5f6ea-0004-4b4b-8b17-f64d4d7517bd', '298e092c-3f6e-4626-a569-54fb8e72f649', '4756068e-7f3f-4325-9fda-6dbb7f51d7e5', '1.000000', '0.000', '4.000', '137f2d47-45dd-4ed7-bb29-9bfb9a6a00e9', '0.0000', NULL, '30', '0', '0', '0.000'),
  ('823bba26-9e4a-4e3a-9f7d-18e76a7855d6', '298e092c-3f6e-4626-a569-54fb8e72f649', 'ba2714ca-7177-42f8-9924-7b6cc0eb48c7', '0.065175', '0.000', '1.000', '023cba00-1b67-4218-a906-cb18a8e62964', '0.0000', NULL, '44.55', '0', '0', '0.000'),
  ('844d2744-c629-4d9b-980b-627b12b962dd', '298e092c-3f6e-4626-a569-54fb8e72f649', '1f731dc4-a20a-4260-b81e-ebd41d50159a', '16.19', '0.000', '1.000', '023cba00-1b67-4218-a906-cb18a8e62964', '0.0000', NULL, '64.75', '0', '0', '0.000'),
  ('8569139d-85dd-452b-97e2-3f19db31af62', '298e092c-3f6e-4626-a569-54fb8e72f649', 'd2f08fce-1609-40a1-bc10-71f79ba9f8ce', '4.090000', '0.000', '2.000', '023cba00-1b67-4218-a906-cb18a8e62964', '0.0000', NULL, '40.9', '0', '0', '0.000'),
  ('85e75cba-faa8-48ce-a017-1fe3ea9ce582', '298e092c-3f6e-4626-a569-54fb8e72f649', 'b6af2284-62da-4d93-8397-3c4ae38b829d', '15.77', '0.000', '1.000', '023cba00-1b67-4218-a906-cb18a8e62964', '0.0000', NULL, '63.08', '0', '0', '0.000'),
  ('87a1f86d-5e26-4fd9-9f46-917517e1d4fc', '298e092c-3f6e-4626-a569-54fb8e72f649', '0a4c497f-1d74-4e44-9cce-705a0830535c', '13.13', '0.000', '24.000', '2ad3b369-d39d-443e-b291-48088cd63d08', '0.0000', NULL, '157.59', '0', '0', '0.000'),
  ('8a81d47b-6096-432a-98d0-e23222566d7e', '298e092c-3f6e-4626-a569-54fb8e72f649', '61806f6a-f6d8-4dee-9305-c31e8851a14b', '2.500000', '0.000', '1.000', 'd26926e6-e8e4-4b2a-8dd8-737571eae415', '0.0000', NULL, '50', '0', '0', '0.000'),
  ('8c62b1b0-8e23-4c22-9675-dc9f5ff5f10f', '298e092c-3f6e-4626-a569-54fb8e72f649', '61bcb565-c115-4b84-bd9d-b1b2a5120f6c', '1.910909', '0.000', '2.000', '023cba00-1b67-4218-a906-cb18a8e62964', '0.0000', NULL, '21.02', '0', '0', '0.000'),
  ('8c63ec12-642f-4bba-8f93-5b7e7e306305', '298e092c-3f6e-4626-a569-54fb8e72f649', '32419ad3-d6e1-4adc-8fcf-50f6368aede3', '40.00', '0.000', '2.000', 'd26926e6-e8e4-4b2a-8dd8-737571eae415', '0.0000', NULL, '40', '0', '0', '0.000'),
  ('8cb16ede-0e50-4721-9620-0cb768a51d74', '298e092c-3f6e-4626-a569-54fb8e72f649', '918c892d-85b0-4aae-b5b4-1be7ff2e5235', '0.04', '0.000', '2.000', 'd5e3adcc-61d0-4401-a391-542170496ad3', '0.0000', NULL, '86.99', '0', '0', '0.000'),
  ('8db06786-0d80-4bf2-80fb-bdf2c5a918d3', '298e092c-3f6e-4626-a569-54fb8e72f649', 'aee2644b-c234-4ee3-adc0-d10248118f29', '22.000000', '0.000', '2.000', '137f2d47-45dd-4ed7-bb29-9bfb9a6a00e9', '0.0000', NULL, '220', '0', '0', '0.000'),
  ('8db26ffb-3143-4c23-9fa2-1f94aeb7f40b', '298e092c-3f6e-4626-a569-54fb8e72f649', '81838a7b-7681-470c-a47c-1f7309017b31', '0.400000', '0.000', '2.000', 'd26926e6-e8e4-4b2a-8dd8-737571eae415', '0.0000', NULL, '20', '0', '0', '0.000'),
  ('8e3c9553-0d0b-4c61-9a48-bc6a58286c84', '298e092c-3f6e-4626-a569-54fb8e72f649', 'dc46d429-9ab6-4747-8e8a-9ecc002e235d', '3.547857', '0.000', '4.000', '023cba00-1b67-4218-a906-cb18a8e62964', '0.0000', NULL, '99.34', '0', '0', '0.000'),
  ('8e50e279-13f2-4e9e-92a1-119d23dc384d', '298e092c-3f6e-4626-a569-54fb8e72f649', 'e33af60e-2bb5-41f1-8f51-b970f8637e67', '2.118750', '0.000', '1.000', '2ad3b369-d39d-443e-b291-48088cd63d08', '0.0000', NULL, '16.95', '0', '0', '0.000'),
  ('928c591e-5449-45c6-9389-80107b3a915e', '298e092c-3f6e-4626-a569-54fb8e72f649', 'c70423a8-933a-4737-98fd-434c91ecf563', '0.020500', '0.000', '3.000', 'd26926e6-e8e4-4b2a-8dd8-737571eae415', '0.0000', NULL, '20.5', '0', '0', '0.000'),
  ('92aef410-1b8c-4f5b-9575-88f51b4eede2', '298e092c-3f6e-4626-a569-54fb8e72f649', 'ba306de2-27ba-44dc-b84f-3c6dee5d7c99', '3.686667', '0.000', '8.000', '2ad3b369-d39d-443e-b291-48088cd63d08', '0.0000', NULL, '33.18', '0', '0', '0.000'),
  ('941e30d0-913d-42ac-a055-1344dc965565', '298e092c-3f6e-4626-a569-54fb8e72f649', 'f643b4ca-2e8f-4bb2-875e-ad9db157cdbf', '0.440000', '0.000', '2.000', 'd26926e6-e8e4-4b2a-8dd8-737571eae415', '0.0000', NULL, '22', '0', '0', '0.000'),
  ('955d37b7-b504-4647-a97c-864788f56d41', '298e092c-3f6e-4626-a569-54fb8e72f649', 'af950cb6-9a59-4fed-9e27-5fe1b46304e1', '2.900000', '0.000', '2.000', '023cba00-1b67-4218-a906-cb18a8e62964', '0.0000', NULL, '15.95', '0', '0', '0.000'),
  ('98384c72-126a-49da-9b72-cd693d181d90', '298e092c-3f6e-4626-a569-54fb8e72f649', '6106cc35-b903-4105-918d-d6bbb09bc1c2', '0.072917', '0.000', '6.000', 'ffcdf7bd-e6c9-4a32-bf77-ed95f84dee6d', '0.0000', NULL, '7', '0', '0', '0.000'),
  ('99c4d807-2795-4d5d-9822-7c3600712303', '298e092c-3f6e-4626-a569-54fb8e72f649', 'bed4279d-8c68-4d76-81c2-6a43b798f123', '1.517778', '0.000', '12.000', '2ad3b369-d39d-443e-b291-48088cd63d08', '0.0000', NULL, '40.99', '0', '0', '0.000'),
  ('9dd80f82-cc10-425d-b8b3-aac340810fe8', '298e092c-3f6e-4626-a569-54fb8e72f649', 'a89beb1b-0a7c-477b-88a0-b45e9489c483', '0.21', '0.000', '4.000', 'd5e3adcc-61d0-4401-a391-542170496ad3', '0.0000', NULL, '31', '0', '0', '0.000'),
  ('a12c9c1e-81ed-49cc-ba6f-2e4da574a954', '298e092c-3f6e-4626-a569-54fb8e72f649', '35c97899-a13f-4167-9bb2-a1194f91a925', '3.21', '0.000', '4.000', 'ffcdf7bd-e6c9-4a32-bf77-ed95f84dee6d', '0.0000', NULL, '3.21', '0', '0', '0.000'),
  ('a5f470c5-e2d3-4148-9831-5832e7d450b3', '298e092c-3f6e-4626-a569-54fb8e72f649', 'baafd276-f6ab-44eb-9a12-4aa230507c91', '0.400000', '0.000', '1.000', 'd26926e6-e8e4-4b2a-8dd8-737571eae415', '0.0000', NULL, '20', '0', '0', '0.000'),
  ('aa84bc8c-79c4-481d-8abb-1de0be4d5ffe', '298e092c-3f6e-4626-a569-54fb8e72f649', 'f0b90741-8991-4d4f-be7f-47cdb18c7b55', '4.260000', '0.000', '1.000', '023cba00-1b67-4218-a906-cb18a8e62964', '0.0000', NULL, '153.36', '0', '0', '0.000'),
  ('ab4df46c-dffd-4508-8ac8-8357aaf6fe71', '298e092c-3f6e-4626-a569-54fb8e72f649', 'ecad4c33-f188-4153-ac67-992964dc284f', '18.47', '0.000', '1.000', '023cba00-1b67-4218-a906-cb18a8e62964', '0.0000', NULL, '73.89', '0', '0', '0.000'),
  ('ac014966-afdf-4d7c-a623-498751261463', '298e092c-3f6e-4626-a569-54fb8e72f649', '09de6c04-b0d0-4ea4-b03f-c16b5d063768', '3.000000', '0.000', '3.000', '137f2d47-45dd-4ed7-bb29-9bfb9a6a00e9', '0.0000', NULL, '30', '0', '0', '0.000'),
  ('ac574591-f954-4b6f-985c-5760b7a843cd', '298e092c-3f6e-4626-a569-54fb8e72f649', '9c4414c3-17e8-4a0a-bd6b-4130b812f39c', '8.75', '0.000', '5.000', '2ad3b369-d39d-443e-b291-48088cd63d08', '0.0000', NULL, '34.99', '0', '0', '0.000'),
  ('ae2901a5-49b5-41fb-9475-1fe9f4178f62', '298e092c-3f6e-4626-a569-54fb8e72f649', '20201cf1-814b-49cc-933b-371b40db515c', '2.50', '0.000', '36.000', 'b1ee724a-8626-45ab-85d4-14a99e7cbc45', '0.0000', NULL, '14.99', '0', '0', '0.000'),
  ('afcf2467-0a29-4801-83b2-73634566bf9a', '298e092c-3f6e-4626-a569-54fb8e72f649', '5a0f121e-a68e-440f-8a9c-d7a0d4ec08e2', '3.395714', '0.000', '4.000', '67b0d204-5e27-439a-bc06-3675444b3388', '0.0000', NULL, '95.08', '0', '0', '0.000'),
  ('b2c87cc7-bfa4-4ce1-8d0d-b670d23e57e9', '298e092c-3f6e-4626-a569-54fb8e72f649', 'e8df72a7-58e6-4a19-b132-64427bf54d3b', '3.072727', '0.000', '1.000', 'd5e3adcc-61d0-4401-a391-542170496ad3', '0.0000', NULL, '84.5', '0', '0', '0.000'),
  ('b4a3ae74-e836-4185-91c7-519327bd47e1', '298e092c-3f6e-4626-a569-54fb8e72f649', 'ca22a93c-7059-42e8-9101-aae2e4946fd4', '22.43', '0.000', '1.000', '023cba00-1b67-4218-a906-cb18a8e62964', '0.0000', NULL, '89.72', '0', '0', '0.000'),
  ('b4b36a31-a8c2-4d0f-b404-e42b4c4f05cb', '298e092c-3f6e-4626-a569-54fb8e72f649', 'dd1e1746-75b3-48f6-8fda-8e7632515453', '1.142857', '0.000', '4.000', '023cba00-1b67-4218-a906-cb18a8e62964', '0.0000', NULL, '39.99', '0', '0', '0.000'),
  ('b4b38769-099d-4ce2-85a3-8781af0b10c7', '298e092c-3f6e-4626-a569-54fb8e72f649', '4abf87ab-9a98-442d-8439-ca502a843299', '0.313636', '0.000', '24.000', '2ad3b369-d39d-443e-b291-48088cd63d08', '0.0000', NULL, '41.37', '0', '0', '0.000'),
  ('b5b1d689-0d44-427e-9aee-b0019af7754b', '298e092c-3f6e-4626-a569-54fb8e72f649', '738366a7-dada-4e1c-aa2a-83071ac177ea', '1.66', '0.000', '30.000', '81b34949-1fde-4237-9411-052cb8daaec9', '0.0000', NULL, '9.98', '0', '0', '0.000'),
  ('b6424d89-39a9-49b1-b93b-ca4d9a1decc5', '298e092c-3f6e-4626-a569-54fb8e72f649', '6d24e6b0-5bd9-4645-ad71-ad767836ee8b', '1.142857', '0.000', '1.000', 'd26926e6-e8e4-4b2a-8dd8-737571eae415', '0.0000', NULL, '40', '0', '0', '0.000'),
  ('b6436320-0359-4220-8b05-ae613e946a8e', '298e092c-3f6e-4626-a569-54fb8e72f649', 'e23fceba-a06a-469e-b3d2-b72d850454fa', '0.510000', '0.000', '40.000', '023cba00-1b67-4218-a906-cb18a8e62964', '0.0000', NULL, '20.41', '0', '0', '0.000'),
  ('b7f64f4e-9bba-4979-9940-44b576f9af7e', '298e092c-3f6e-4626-a569-54fb8e72f649', '18cb977c-8cfc-4e2b-9c91-a0ed23122467', '1.25', '0.000', '96.000', 'd26926e6-e8e4-4b2a-8dd8-737571eae415', '0.0000', NULL, '30', '0', '0', '0.000'),
  ('b922ce44-c02c-45a6-a88c-ccdf521ddb2f', '298e092c-3f6e-4626-a569-54fb8e72f649', 'dd243931-b4e4-4d4d-9bdb-20f0319bf61a', '0.016500', '0.000', '2.000', '02dff3a5-e7b9-42ec-ba6d-0b3bc4bb6f99', '0.0000', NULL, '33', '0', '0', '0.000'),
  ('bbcf6e17-3809-439c-84f6-3cba76e2cf35', '298e092c-3f6e-4626-a569-54fb8e72f649', 'c6d5c4d7-eacb-47ac-8692-f0618154057c', '0.00', '0.000', '3.000', 'd26926e6-e8e4-4b2a-8dd8-737571eae415', '0.0000', NULL, '32', '0', '0', '0.000'),
  ('c1542b86-8f81-4493-9cb7-460bd1837802', '298e092c-3f6e-4626-a569-54fb8e72f649', '9a0d9074-282d-4190-a804-5c3ba87f1690', '3.33', '0.000', '8.000', 'd26926e6-e8e4-4b2a-8dd8-737571eae415', '0.0000', NULL, '20', '0', '0', '0.000'),
  ('c179123a-5bf8-4c60-abef-7d7e87815447', '298e092c-3f6e-4626-a569-54fb8e72f649', 'c8875242-31a3-4fe1-9022-ded47106a5b8', '0.61', '0.000', '48.000', 'b1ee724a-8626-45ab-85d4-14a99e7cbc45', '0.0000', NULL, '14.62', '0', '0', '0.000'),
  ('c20bfabc-92e5-46bc-8f9c-642885ede82d', '298e092c-3f6e-4626-a569-54fb8e72f649', '1be4e212-c9c2-4c44-bf17-e643d86167a2', '0.640000', '0.000', '1.000', 'd26926e6-e8e4-4b2a-8dd8-737571eae415', '0.0000', NULL, '16', '0', '0', '0.000'),
  ('c2128eaa-6687-4c34-b356-b3f1ccff7469', '298e092c-3f6e-4626-a569-54fb8e72f649', '2558f9c2-fc3b-48d1-ba7b-12d2832a4bc8', '5.604000', '0.000', '0.250', '023cba00-1b67-4218-a906-cb18a8e62964', '0.0000', NULL, '112.09', '0', '0', '0.000'),
  ('c241e3fe-3361-4c7e-b9ef-1061c120cdb9', '298e092c-3f6e-4626-a569-54fb8e72f649', 'c021ac34-45ff-4874-a66f-e0d62443c307', '13.120000', '0.000', '1.000', '023cba00-1b67-4218-a906-cb18a8e62964', '0.0000', NULL, '26.24', '0', '0', '0.000'),
  ('c365885f-1791-4b63-a2f4-9d4fbf6ecdbd', '298e092c-3f6e-4626-a569-54fb8e72f649', '78494df8-fab5-4f41-8bcc-7d1cc15fd42f', '4.00', '0.000', '6.000', 'd26926e6-e8e4-4b2a-8dd8-737571eae415', '0.0000', NULL, '16', '0', '0', '0.000'),
  ('c4216ca1-0e3d-490f-8619-d8a3aff3e456', '298e092c-3f6e-4626-a569-54fb8e72f649', 'b5df0d22-7baa-4c5f-8cb9-d5361e307352', '0.305278', '0.000', '10.000', 'b1ee724a-8626-45ab-85d4-14a99e7cbc45', '0.0000', NULL, '10.99', '0', '0', '0.000'),
  ('c5310e0c-1232-4487-80a8-e56a35482b06', '298e092c-3f6e-4626-a569-54fb8e72f649', 'a3f2b936-07f8-4bdd-bfe8-e8030424d19a', '0.106980', '0.000', '3.000', 'd5e3adcc-61d0-4401-a391-542170496ad3', '0.0000', NULL, '53.49', '0', '0', '0.000'),
  ('c5684045-e15f-4f6b-b3f7-4defa8f4ffcd', '298e092c-3f6e-4626-a569-54fb8e72f649', '83b9b9c2-0243-4539-9eb4-320ce34cebeb', '1.328000', '0.000', '2.000', '023cba00-1b67-4218-a906-cb18a8e62964', '0.0000', NULL, '39.85', '0', '0', '0.000'),
  ('c650685c-ca7b-45f4-aaf8-a868afbaaf40', '298e092c-3f6e-4626-a569-54fb8e72f649', 'f78722e0-84aa-48b6-8410-fa6d323702e8', '0.220000', '0.000', '7.000', '02dff3a5-e7b9-42ec-ba6d-0b3bc4bb6f99', '0.0000', NULL, '5.5', '0', '0', '0.000'),
  ('c7dd859d-eace-482e-89ab-157f2911b7a0', '298e092c-3f6e-4626-a569-54fb8e72f649', '43829a50-b181-4297-a362-ba25606b658c', '3.140000', '0.000', '4.000', 'd5e3adcc-61d0-4401-a391-542170496ad3', '0.0000', NULL, '10.99', '0', '0', '0.000'),
  ('c8857185-b651-40cc-9b53-689031b70ca2', '298e092c-3f6e-4626-a569-54fb8e72f649', '34f80fe4-e0b2-4ec4-9637-07e6f7c1ba80', '0.67', '0.000', '36.000', 'b1ee724a-8626-45ab-85d4-14a99e7cbc45', '0.0000', NULL, '24', '0', '0', '0.000'),
  ('cb63b131-6448-43fd-88c8-5fe137e93224', '298e092c-3f6e-4626-a569-54fb8e72f649', '9bd04c02-821e-4dd0-b3d5-f9c3d5279362', '4.276087', '0.000', '6.000', 'd26926e6-e8e4-4b2a-8dd8-737571eae415', '0.0000', NULL, '19.67', '0', '0', '0.000'),
  ('cc074aac-597c-4ae9-af7a-77fa1286a442', '298e092c-3f6e-4626-a569-54fb8e72f649', '9d6d98d7-2c04-4d04-af68-e5820b65f474', '0.20', '0.000', '3.000', '02dff3a5-e7b9-42ec-ba6d-0b3bc4bb6f99', '0.0000', NULL, '39', '0', '0', '0.000'),
  ('ccc46001-31b6-4482-997d-a0277352963e', '298e092c-3f6e-4626-a569-54fb8e72f649', '961b39e4-dd53-4e56-bdaa-5f7d2d1f5729', '0.007000', '0.000', '2.000', '137f2d47-45dd-4ed7-bb29-9bfb9a6a00e9', '0.0000', NULL, '35', '0', '0', '0.000'),
  ('d0538260-e0e0-4598-96eb-6f2cb8f1bfc1', '298e092c-3f6e-4626-a569-54fb8e72f649', 'f523aa23-d871-41ea-a0ff-469cf7a497be', '4.000000', '0.000', '2.000', 'd5e3adcc-61d0-4401-a391-542170496ad3', '0.0000', NULL, '80', '0', '0', '0.000'),
  ('d1e52968-30e8-47a3-94a4-b6cebd8facc8', '298e092c-3f6e-4626-a569-54fb8e72f649', '8096f99c-351c-4694-9cc9-bc1aef229cee', '2.406667', '0.000', '3.000', '023cba00-1b67-4218-a906-cb18a8e62964', '0.0000', NULL, '72.19', '0', '0', '0.000'),
  ('d1fa8046-2f4e-4b63-9dbe-8aaa2a2bfa1e', '298e092c-3f6e-4626-a569-54fb8e72f649', 'bdc995cc-559a-46ed-8c02-91085ad91a1c', '4.498000', '0.000', '4.000', 'd5e3adcc-61d0-4401-a391-542170496ad3', '0.0000', NULL, '22.49', '0', '0', '0.000'),
  ('d4724b36-bf20-451a-8cbb-6377237ef7ab', '298e092c-3f6e-4626-a569-54fb8e72f649', 'a08bacbd-2776-4193-afc5-56e468a4143c', '2.726000', '0.000', '8.000', '2ad3b369-d39d-443e-b291-48088cd63d08', '0.0000', NULL, '54.52', '0', '0', '0.000'),
  ('d4afc71a-57ae-4902-994b-1c1d90356d13', '298e092c-3f6e-4626-a569-54fb8e72f649', '69bfd90a-4535-41d7-a1fc-b11ccde77d65', '0.044000', '0.000', '3.000', '02dff3a5-e7b9-42ec-ba6d-0b3bc4bb6f99', '0.0000', NULL, '22', '0', '0', '0.000'),
  ('d72250f7-acf2-4cec-b8fb-0946ade03ca5', '298e092c-3f6e-4626-a569-54fb8e72f649', '36659e79-0095-4d82-871d-3d097c2599a4', '1.54', '0.000', '6.000', 'ffcdf7bd-e6c9-4a32-bf77-ed95f84dee6d', '0.0000', NULL, '15.39', '0', '0', '0.000'),
  ('d84523be-9e50-4661-bde7-4f017b43b9fc', '298e092c-3f6e-4626-a569-54fb8e72f649', '26182be6-0835-4d0b-bd33-6fdddfd86475', '0.200000', '0.000', '2.000', 'd5e3adcc-61d0-4401-a391-542170496ad3', '0.0000', NULL, '50', '0', '0', '0.000'),
  ('dbb35569-3c7a-4d5f-831f-9c2dad16bf21', '298e092c-3f6e-4626-a569-54fb8e72f649', 'dc9ed6bc-6e26-4d3e-a99b-0615a614dcd6', '0.18', '0.000', '2.000', 'd5e3adcc-61d0-4401-a391-542170496ad3', '0.0000', NULL, '44.5', '0', '0', '0.000'),
  ('dc160a8a-81f3-4f95-a745-62b95bd7f13a', '298e092c-3f6e-4626-a569-54fb8e72f649', 'f42c72f3-aafa-4238-bdf6-46f00fd87ecf', '1.932000', '0.000', '5.000', '67b0d204-5e27-439a-bc06-3675444b3388', '0.0000', NULL, '29', '0', '0', '0.000'),
  ('dc248474-700f-447e-906c-1e703f0ce0f0', '298e092c-3f6e-4626-a569-54fb8e72f649', 'fb6eca7a-f7fe-4ef3-9894-3d9abac9055a', '0.562500', '0.000', '2.000', '81b34949-1fde-4237-9411-052cb8daaec9', '0.0000', NULL, '94.5', '0', '0', '0.000'),
  ('dce1109b-5370-4d1f-b23e-52613e5f5954', '298e092c-3f6e-4626-a569-54fb8e72f649', '34c2807e-2f85-4f8e-b084-ddac0e474b5b', '0.100000', '0.000', '2.000', '137f2d47-45dd-4ed7-bb29-9bfb9a6a00e9', '0.0000', NULL, '50', '0', '0', '0.000'),
  ('de3749a5-7f06-47dc-8074-e7a77466b9f9', '298e092c-3f6e-4626-a569-54fb8e72f649', '7efd5415-60c1-43bf-828d-3b885c5303f7', '0.10', '0.000', '2.000', 'd5e3adcc-61d0-4401-a391-542170496ad3', '0.0000', NULL, '25', '0', '0', '0.000'),
  ('dfc76025-8a9a-4f2f-b6df-c52a840f0eba', '298e092c-3f6e-4626-a569-54fb8e72f649', 'd5626fc8-d58b-412b-b63d-29ba6f53171d', '0.10', '0.000', '2.000', 'd5e3adcc-61d0-4401-a391-542170496ad3', '0.0000', NULL, '25', '0', '0', '0.000'),
  ('e5130309-9758-4421-a181-1c43455f8696', '298e092c-3f6e-4626-a569-54fb8e72f649', '823b460f-8281-42f9-a523-6e7854c53024', '0.245625', '0.000', '3.000', '81b34949-1fde-4237-9411-052cb8daaec9', '0.0000', NULL, '11.79', '0', '0', '0.000'),
  ('e5eb9da1-2ffe-4627-ab28-42985a6da4a0', '298e092c-3f6e-4626-a569-54fb8e72f649', '89d3ce2e-790b-4327-99be-47560c3aaf74', '0.00', '0.000', '1.000', 'd26926e6-e8e4-4b2a-8dd8-737571eae415', '0.0000', NULL, '0', '0', '0', '0.000'),
  ('e6b73e2d-fdcc-4954-ad9c-ede1b78094af', '298e092c-3f6e-4626-a569-54fb8e72f649', 'e396fd04-b7ad-472c-b9d0-cf225e27ccb6', '0.130625', '0.000', '2.000', '023cba00-1b67-4218-a906-cb18a8e62964', '0.0000', NULL, '25.09', '0', '0', '0.000'),
  ('e796131e-b459-4b75-9e60-bc141d303e66', '298e092c-3f6e-4626-a569-54fb8e72f649', '6552b358-0453-4f0f-b915-f099e7e30e86', '0.00', '0.000', '1.000', 'd26926e6-e8e4-4b2a-8dd8-737571eae415', '0.0000', NULL, '0', '0', '0', '0.000'),
  ('e9d9c1f4-094e-4dfd-b421-bb0ead114427', '298e092c-3f6e-4626-a569-54fb8e72f649', '6eee1bdc-fd68-471b-a1b5-2f2b39c08e28', '0.44', '0.000', '0.000', NULL, '0.0000', NULL, '5.3', '0', '0', '0.000'),
  ('eb108224-de0d-432c-bc72-de2df37a7302', '298e092c-3f6e-4626-a569-54fb8e72f649', 'a4e685e5-a8e2-428c-a577-45e8b595238b', '1.534000', '0.000', '4.000', 'd5e3adcc-61d0-4401-a391-542170496ad3', '0.0000', NULL, '46', '0', '0', '0.000'),
  ('eeea7eed-361f-4d44-816c-afbf11bf4b1d', '298e092c-3f6e-4626-a569-54fb8e72f649', '56260136-1283-4758-90de-97266d26ebbe', '0.11', '0.000', '160.000', 'ffcdf7bd-e6c9-4a32-bf77-ed95f84dee6d', '0.0000', NULL, '4.39', '0', '0', '0.000'),
  ('f30018ed-62bd-41f5-8437-0e51447fe06b', '298e092c-3f6e-4626-a569-54fb8e72f649', '48e44564-a282-41cc-9723-dbca88d8b554', '0.53', '0.000', '72.000', 'b1ee724a-8626-45ab-85d4-14a99e7cbc45', '0.0000', NULL, '19.02', '0', '0', '0.000'),
  ('f8ed7268-c07d-42fd-bda3-c8eb9a67c0b7', '298e092c-3f6e-4626-a569-54fb8e72f649', '5764257b-e8a4-4e62-8cc0-a2293762203c', '0.17', '0.000', '4.000', 'd5e3adcc-61d0-4401-a391-542170496ad3', '0.0000', NULL, '25.49', '0', '0', '0.000'),
  ('f99974dc-9364-42a5-bca5-8555d5cd1d35', '298e092c-3f6e-4626-a569-54fb8e72f649', 'd3398cb2-f287-4c67-8912-7049ba896d87', '13.74', '0.000', '6.000', '2ad3b369-d39d-443e-b291-48088cd63d08', '0.0000', NULL, '54.95', '0', '0', '0.000'),
  ('fd0e3501-f64e-4ff0-b946-f24cd8b53c06', '298e092c-3f6e-4626-a569-54fb8e72f649', 'de2debc5-3e8a-434a-ae78-4859c738fe5e', '0.53', '0.000', '0.000', NULL, '0.0000', NULL, '3.2', '0', '0', '0.000')
on conflict (id) do nothing;

-- ─── ingredient_conversions (4) ───────────────────────
insert into public.ingredient_conversions (id, catalog_id, purchase_unit, base_unit, conversion_factor, net_yield_pct) values
  ('5053afee-76a1-46c6-a4df-9b1d56a6304e', '18cb977c-8cfc-4e2b-9c91-a0ed23122467', 'each', 'g', '400.06814399999996', '100'),
  ('56b253ae-b3f4-4240-8f32-e457d988962d', '0a4c497f-1d74-4e44-9cce-705a0830535c', 'lbs', 'g', '453.592', '100'),
  ('ba2ba077-f90e-48f1-a2f3-0b3994055b8b', '5b837e22-8286-44ca-a76d-e6d09b480131', 'lbs', 'g', '272.1552', '100'),
  ('d223d5bf-244a-474a-85f5-65feb610c343', '5231eac2-406b-4f5d-96df-942e010c52b4', 'lbs', 'g', '453.592', '100')
on conflict (id) do nothing;

-- ─── recipes (41, brand-scoped) ────────────────────────
insert into public.recipes (id, brand_id, menu_item, category, sell_price) values
  ('330d2882-2ba6-4152-9720-02fc940cdd65', '2a000000-0000-0000-0000-000000000001', '2AM Cheeseburger', 'Sandwiches & Burgers', '12.00'),
  ('9d389748-0e85-46f3-8323-6207bdfe64ea', '2a000000-0000-0000-0000-000000000001', '2AM French Fries', 'Appetizer', '5.00'),
  ('18b9c716-1e25-4675-b543-a8bdb83d00c0', '2a000000-0000-0000-0000-000000000001', '2AM Fries', 'Sides', '5.00'),
  ('fe639674-0421-4887-ad98-e005e0aa8d82', '2a000000-0000-0000-0000-000000000001', 'Banana Pudding', 'Desserts', '6.00'),
  ('0f8aa428-756e-44f9-a1b1-9a73572abe0c', '2a000000-0000-0000-0000-000000000001', 'Cajun Fries', 'Appetizer', '6.00'),
  ('16fae221-842e-4175-bf1a-fd50f494901f', '2a000000-0000-0000-0000-000000000001', 'Caramel Mousse', 'Desserts', '6.00'),
  ('25911782-8bad-466d-bd62-4e037ef3e178', '2a000000-0000-0000-0000-000000000001', 'Carrot Cake', 'Desserts', '7.00'),
  ('de9b3f48-8322-4c25-985b-76166bc76f8c', '2a000000-0000-0000-0000-000000000001', 'Cheesecake Creme Brulee', 'Desserts', '9.00'),
  ('eded0d91-77b8-418c-b7dd-c0bb3ffde485', '2a000000-0000-0000-0000-000000000001', 'Cheesesteak Quesadilla', 'Appetizer', '14.00'),
  ('5b26c58e-3422-48a7-a1f0-679b25ff57a4', '2a000000-0000-0000-0000-000000000001', 'Chicken Cheesesteak', 'Sandwiches & Burgers', '12.00'),
  ('8bf22630-0d13-4c29-b722-7aa3105d5663', '2a000000-0000-0000-0000-000000000001', 'Chicken Gyro', 'Gyro', '10.00'),
  ('249a5ea1-600b-40f3-9da6-24cd41fcf536', '2a000000-0000-0000-0000-000000000001', 'Chicken Over Rice', 'Over Rice Platters', '12.00'),
  ('65053363-a551-4f51-8c23-eef408f08e97', '2a000000-0000-0000-0000-000000000001', 'Chicken Quesadilla', 'Appetizer', '11.00'),
  ('b70f26ad-3f92-46b5-a98c-ec010ba647b0', '2a000000-0000-0000-0000-000000000001', 'Chicken Sandwich', 'Sandwiches & Burgers', '12.00'),
  ('fb8e2849-d8fd-4a33-ac02-85d07da9b671', '2a000000-0000-0000-0000-000000000001', 'Chicken Tenders', 'Fries Basket', '12.00'),
  ('00f60cbb-7489-4f35-a690-c8e9aa02d015', '2a000000-0000-0000-0000-000000000001', 'Chocolate Cake', 'Desserts', '8.00'),
  ('a11ccb09-dae8-4e95-909c-e9cd62b8852a', '2a000000-0000-0000-0000-000000000001', 'Chocolate Mousse', 'Desserts', '6.00'),
  ('2d588ccd-455e-4a32-bc6c-cf415b8645a6', '2a000000-0000-0000-0000-000000000001', 'Combo Gyro', 'Gyro', '11.00'),
  ('c3b45846-3453-4c2f-bf41-0915483a6682', '2a000000-0000-0000-0000-000000000001', 'Combo Over Rice', 'Over Rice Platters', '13.00'),
  ('27ba94cf-8bb0-4b63-b260-9255af8fdfc5', '2a000000-0000-0000-0000-000000000001', 'Creme Brûlée', 'Desserts', '6.00'),
  ('faaa82b3-6181-4def-9473-d93f2d696399', '2a000000-0000-0000-0000-000000000001', 'Fish Sandwich', 'Sandwiches & Burgers', '12.00'),
  ('ad8a3cda-f14c-48ff-a616-78cb8eda6d3f', '2a000000-0000-0000-0000-000000000001', 'Fried Fish Basket', 'Fries Basket', '12.00'),
  ('feda61c7-e112-4095-95eb-5b84dc69cffd', '2a000000-0000-0000-0000-000000000001', 'Fried Shrimp Basket', 'Fries Basket', '12.00'),
  ('555fec08-2cb5-461e-8b3a-d37f3476ebf6', '2a000000-0000-0000-0000-000000000001', 'Hash Brown', 'Sides', '0.00'),
  ('ace7feb4-dac8-49e7-af96-447880851a7e', '2a000000-0000-0000-0000-000000000001', 'Imitation Crabmeat Fries', 'Sides', '11.00'),
  ('78ffe239-62c9-409f-9192-280804f51f5f', '2a000000-0000-0000-0000-000000000001', 'Lamb Gyro', 'Gyro', '10.00'),
  ('0597dc74-44d9-4f44-95b4-8895a2db6479', '2a000000-0000-0000-0000-000000000001', 'Lamb Over Rice', 'Over Rice Platters', '12.00'),
  ('b2931d11-7c05-47e1-9e9c-4001660d96ef', '2a000000-0000-0000-0000-000000000001', 'Lava Cake', 'Desserts', '10.00'),
  ('c493996d-ad43-4b49-9761-80e7590eb05b', '2a000000-0000-0000-0000-000000000001', 'Mac n Cheese', 'Appetizer', '8.00'),
  ('a5468f73-5251-4720-967b-d7826d390f49', '2a000000-0000-0000-0000-000000000001', 'Mac n Cheese Bite', 'Sides', '0.00'),
  ('e7084b8e-f2a0-4e8e-a756-e40f379e9b5b', '2a000000-0000-0000-0000-000000000001', 'Mozzarella', 'Sides', '7.00'),
  ('062a46bb-c9ea-4541-8c53-12afd73e78d8', '2a000000-0000-0000-0000-000000000001', 'Onion Ring', 'Sides', '7.00'),
  ('79f4c0bf-71f8-438e-88f0-47c9af326281', '2a000000-0000-0000-0000-000000000001', 'Philly Cheesesteak', 'Sandwiches & Burgers', '12.00'),
  ('3bd67ea5-275f-4b82-9715-a9bf982802c2', '2a000000-0000-0000-0000-000000000001', 'Real Crabmeat Fries', 'Appetizer', '17.00'),
  ('f6c898e5-eb60-425f-b922-affe836b49df', '2a000000-0000-0000-0000-000000000001', 'Shrimp Gyro', 'Gyro', '12.00'),
  ('1c845f7b-8997-4902-ac9a-a53f5917bf7a', '2a000000-0000-0000-0000-000000000001', 'Shrimp Over Rice', 'Over Rice Platters', '13.00'),
  ('122dfb17-1655-4691-9763-242e326e5191', '2a000000-0000-0000-0000-000000000001', 'Shrimp Po Boy', 'Sandwiches & Burgers', '12.00'),
  ('f33ba3b7-e769-469c-8d11-914a7ccc1b81', '2a000000-0000-0000-0000-000000000001', 'Steak Gyro', 'Gyro', '12.00'),
  ('4b037e79-d1a9-4cb5-bcb6-2a0b19717e9b', '2a000000-0000-0000-0000-000000000001', 'Steak Over Rice', 'Over Rice Platters', '14.00'),
  ('f43e39d7-c4f0-4d85-a95e-90ff230bfbf0', '2a000000-0000-0000-0000-000000000001', 'Sweet Potato Fries', 'Sides', '5.00'),
  ('52239809-19f8-48ff-9d67-303f62ae758b', '2a000000-0000-0000-0000-000000000001', 'Tres Leche', 'Desserts', '7.00')
on conflict (id) do nothing;

-- ─── prep_recipes (62 incl. version history) ──────────
insert into public.prep_recipes (id, brand_id, name, category, yield_quantity, yield_unit, notes, version, is_current, parent_id) values
  ('b1fb2af9-5943-46c3-8a34-ae2fdbbf8353', '2a000000-0000-0000-0000-000000000001', '2AM Sauce', 'Sauces', '51.664', 'lbs', '', '2', 'f', 'aa9a7772-8f4b-4ea9-845e-4480469f4124'),
  ('27cddb31-9b6a-4712-a8bf-175f91c3e90d', '2a000000-0000-0000-0000-000000000001', '2AM SAUCE', 'Sauces', '51.664', 'lbs', '', '2', 'f', 'a30f1703-2e10-4b16-9f3b-1372135f1b3c'),
  ('8b875d4b-97c0-4a39-9d0b-b979b3ea11fd', '2a000000-0000-0000-0000-000000000001', '2AM Sauce', 'Sauces', '51.664', 'lbs', '', '3', 'f', 'aa9a7772-8f4b-4ea9-845e-4480469f4124'),
  ('09d5c570-0e63-49de-a8d3-e95914e899b5', '2a000000-0000-0000-0000-000000000001', '2AM Sauce', 'Sauces', '51.664', 'lbs', '', '4', 'f', 'aa9a7772-8f4b-4ea9-845e-4480469f4124'),
  ('c483077b-b44b-45c8-af84-9018f6cbd00c', '2a000000-0000-0000-0000-000000000001', '2AM SAUCE', 'Sauces', '51.664', 'lbs', '', '2', 'f', 'e574652a-8cd7-4dd8-ab5d-3d99b1e4e905'),
  ('f9149325-deff-4381-b4d5-d67111ecee67', '2a000000-0000-0000-0000-000000000001', '2AM SAUCE', 'Sauces', '51.664', 'lbs', '', '1', 'f', NULL),
  ('b73c92ee-4ff3-4ae6-aa0a-e09dccadfc2e', '2a000000-0000-0000-0000-000000000001', '2AM SAUCE', 'Sauces', '51.664', 'lbs', '', '1', 'f', NULL),
  ('092cb71f-ec66-41f2-a906-a0d35ccb52bc', '2a000000-0000-0000-0000-000000000001', '2AM SAUCE', 'Sauces', '51.664', 'lbs', '', '1', 'f', NULL),
  ('b4e0eb04-dd7f-4004-83d1-8333197f5107', '2a000000-0000-0000-0000-000000000001', '2AM SAUCE', 'Sauces', '51.664', 'lbs', '', '3', 'f', 'e574652a-8cd7-4dd8-ab5d-3d99b1e4e905'),
  ('bfcd90f1-6d3f-49d5-9643-57bca5a088cc', '2a000000-0000-0000-0000-000000000001', '2AM SAUCE', 'Sauces', '51.664', 'lbs', '', '4', 'f', 'e574652a-8cd7-4dd8-ab5d-3d99b1e4e905'),
  ('920386ab-ec98-4b43-b41e-0775bd29a3b8', '2a000000-0000-0000-0000-000000000001', '2AM SAUCE', 'Sauces', '51.664', 'lbs', '', '1', 'f', NULL),
  ('d3f51df3-a02c-4dc8-a823-8ca5d211b057', '2a000000-0000-0000-0000-000000000001', '2AM SAUCE', 'Sauces', '51.664', 'lbs', '', '1', 'f', NULL),
  ('d250115d-9e9e-46d5-a987-d70778d623ab', '2a000000-0000-0000-0000-000000000001', '2AM SAUCE', 'Sauces', '51.664', 'lbs', '', '1', 'f', NULL),
  ('6f096aad-31d5-407d-b848-2bbbc7cb176d', '2a000000-0000-0000-0000-000000000001', '2AM SAUCE', 'Sauces', '51.664', 'lbs', '', '5', 'f', 'e574652a-8cd7-4dd8-ab5d-3d99b1e4e905'),
  ('d6e9684e-9909-4621-8ae4-20afa53b5b2d', '2a000000-0000-0000-0000-000000000001', '2AM SAUCE', 'Sauces', '51.664', 'lbs', '', '2', 'f', 'd250115d-9e9e-46d5-a987-d70778d623ab'),
  ('609f31c7-aed9-420c-af1e-f512e781bba5', '2a000000-0000-0000-0000-000000000001', '2AM SAUCE', 'Sauces', '51.664', 'lbs', '', '6', 'f', 'e574652a-8cd7-4dd8-ab5d-3d99b1e4e905'),
  ('ccb7ba5e-0496-4548-ad70-53f10ff7e66b', '2a000000-0000-0000-0000-000000000001', '2AM SAUCE', 'Sauces', '51.664', 'lbs', '', '2', 'f', 'd3f51df3-a02c-4dc8-a823-8ca5d211b057'),
  ('a9b72f44-227d-4ebc-93ba-96bd4e9aa15e', '2a000000-0000-0000-0000-000000000001', '2AM SAUCE', 'Sauces', '51.664', 'lbs', '', '2', 'f', '920386ab-ec98-4b43-b41e-0775bd29a3b8'),
  ('66d823bb-bad0-4f3e-9dd3-3ab378372cc4', '2a000000-0000-0000-0000-000000000001', '2AM SAUCE', 'Sauces', '51.672', 'lbs', '', '7', 't', 'e574652a-8cd7-4dd8-ab5d-3d99b1e4e905'),
  ('37df27ad-602a-4391-9212-b0aac38570db', '2a000000-0000-0000-0000-000000000001', '2AM SAUCE 10', 'Sauces', '51.664', 'lbs', '', '3', 'f', 'a30f1703-2e10-4b16-9f3b-1372135f1b3c'),
  ('156565d4-503f-4859-890a-6bd57c5b7036', '2a000000-0000-0000-0000-000000000001', 'Burger Patty', 'Marinades', '23.425', 'lbs', '', '1', 'f', NULL),
  ('cee2cc2a-a4f0-44a8-8824-bafba8755d9f', '2a000000-0000-0000-0000-000000000001', 'Burger Patty', 'Marinades', '23.425', 'lbs', '', '1', 'f', NULL),
  ('a3d56b0a-cebf-4008-8151-7dc39b458422', '2a000000-0000-0000-0000-000000000001', 'Burger Patty', 'Marinades', '23.425', 'lbs', '', '1', 'f', NULL),
  ('34c637a8-9d76-4f5f-9ca6-582e6638a671', '2a000000-0000-0000-0000-000000000001', 'Burger Patty', 'Marinades', '23.425', 'lbs', '', '1', 'f', NULL),
  ('500ef28d-3288-4fb8-accb-c3708d1491f9', '2a000000-0000-0000-0000-000000000001', 'Burger Patty', 'Marinades', '21.5', 'lbs', '', '2', 't', 'cee2cc2a-a4f0-44a8-8824-bafba8755d9f'),
  ('2003b388-5f24-449f-94b1-0c70811eae64', '2a000000-0000-0000-0000-000000000001', 'Cajun Seasoning (House Mix)', 'Seasonings', '28', 'lbs', '', '1', 'f', NULL),
  ('c97600b4-4f41-4385-8297-cda30264a796', '2a000000-0000-0000-0000-000000000001', 'Cajun Seasoning (House Mix)', 'Seasonings', '28', 'lbs', '', '1', 'f', NULL),
  ('e3ebbfb9-3c86-496c-b9f0-ab359b80eeaa', '2a000000-0000-0000-0000-000000000001', 'Cajun Seasoning (House Mix)', 'Seasonings', '28', 'lbs', '', '1', 'f', NULL),
  ('a5bbe575-5d8f-4863-a5c9-5b9c6748e336', '2a000000-0000-0000-0000-000000000001', 'Cajun Seasoning (House Mix)', 'Seasonings', '28', 'lbs', '', '1', 'f', NULL),
  ('8eedb8fa-e3a2-49f0-a53e-3b01c0b2d7a6', '2a000000-0000-0000-0000-000000000001', 'Cajun Seasoning (House Mix)', 'Seasonings', '28.4', 'lbs', '', '1', 'f', NULL),
  ('adf1bc4d-efd6-4438-a9e1-8232cbf73e6e', '2a000000-0000-0000-0000-000000000001', 'Cajun Seasoning (House Mix)', 'Seasonings', '28.4', 'lbs', '', '1', 'f', NULL),
  ('9e8d9d27-cc5f-45eb-8e96-1ec2a2ee0b9e', '2a000000-0000-0000-0000-000000000001', 'Cajun Seasoning (House Mix)', 'Seasonings', '28.4', 'lbs', '', '1', 'f', NULL),
  ('239fd7fe-3225-4570-82b6-8ce7237d3135', '2a000000-0000-0000-0000-000000000001', 'Cajun Seasoning (House Mix)', 'Seasonings', '28.4', 'lbs', '', '1', 'f', NULL),
  ('5d6a0ea2-d4cd-4b3c-88ff-080a2eceb382', '2a000000-0000-0000-0000-000000000001', 'Cajun Seasoning (House Mix)', 'Seasonings', '28.4', 'lbs', '', '2', 't', '239fd7fe-3225-4570-82b6-8ce7237d3135'),
  ('4fbd90cc-7e06-4eef-a462-82efd386bfef', '2a000000-0000-0000-0000-000000000001', 'House Special Blend (Sauce)', 'Sauces', '42.228', 'lbs', '', '1', 't', NULL),
  ('38678f33-66bf-420c-a50d-82899120aa9b', '2a000000-0000-0000-0000-000000000001', 'House Special Seasoning (House Mix)', 'Seasonings', '48.4', 'lbs', '', '2', 't', '4d722c62-8d55-48b8-a201-39fc5c2ae77c'),
  ('f8af3436-2014-4807-8890-5a90395a5989', '2a000000-0000-0000-0000-000000000001', 'House Special Seasoning Mix', 'Seasonings', '45.002', 'lbs', '', '1', 'f', NULL),
  ('03369027-052a-4692-ad36-0a1e4dab2c24', '2a000000-0000-0000-0000-000000000001', 'House Special Seasoning Mix', 'Seasonings', '45.002', 'lbs', '', '1', 'f', NULL),
  ('968c7be2-1c57-436b-9542-097929cbfcf9', '2a000000-0000-0000-0000-000000000001', 'House Special Seasoning Mix', 'Seasonings', '45.002', 'lbs', '', '1', 'f', NULL),
  ('52253671-4bc0-4b1c-aa4b-483e20255969', '2a000000-0000-0000-0000-000000000001', 'House Special Seasoning Mix', 'Seasonings', '45.002', 'lbs', '', '1', 'f', NULL),
  ('2f853ab3-10c8-4eca-b65c-366075855d05', '2a000000-0000-0000-0000-000000000001', 'House Special Seasoning Mix', 'Seasonings', '48.4', 'lbs', '', '1', 'f', NULL),
  ('d0eedac6-7a82-4623-9bb7-bc2f695a5fb0', '2a000000-0000-0000-0000-000000000001', 'House Special Seasoning Mix', 'Seasonings', '48.4', 'lbs', '', '1', 'f', NULL),
  ('05165811-2b25-4f49-822c-ad40bb742d4d', '2a000000-0000-0000-0000-000000000001', 'House Special Seasoning Mix', 'Seasonings', '48.4', 'lbs', '', '1', 'f', NULL),
  ('4d722c62-8d55-48b8-a201-39fc5c2ae77c', '2a000000-0000-0000-0000-000000000001', 'House Special Seasoning Mix', 'Seasonings', '48.4', 'lbs', '', '1', 'f', NULL),
  ('f4458024-0d5e-4c55-9d25-e5e55bad3410', '2a000000-0000-0000-0000-000000000001', 'Imitation Crabmeat Mix', 'Prep', '18.5', 'lbs', '', '1', 't', NULL),
  ('d89157e0-d8ef-46e1-9939-417715ffc81a', '2a000000-0000-0000-0000-000000000001', 'Marinade Chicken', 'Marinades', '54.302', 'lbs', '', '1', 't', NULL),
  ('489dd9e1-93d8-4ef5-b0a1-2a77f80bad91', '2a000000-0000-0000-0000-000000000001', 'Tumeric Mix', 'Marinades', '35', 'lbs', '', '1', 'f', NULL),
  ('3e8323fc-12c8-4873-9303-b17f3b5b64da', '2a000000-0000-0000-0000-000000000001', 'Tumeric Mix', 'Marinades', '35', 'lbs', '', '1', 'f', NULL),
  ('0f9b012b-adef-4e40-8b0a-197220adc0b6', '2a000000-0000-0000-0000-000000000001', 'Tumeric Mix', 'Marinades', '35', 'lbs', '', '1', 'f', NULL),
  ('b2e5208b-b2d5-4d77-b002-4d0f299a488f', '2a000000-0000-0000-0000-000000000001', 'Tumeric Mix', 'Marinades', '35', 'lbs', '', '1', 'f', NULL),
  ('7a6ecbee-1fff-4c07-b581-f394dc2e91fa', '2a000000-0000-0000-0000-000000000001', 'Tumeric Seasoning (House Mix)', 'Seasonings', '35', 'lbs', '', '2', 'f', 'b2e5208b-b2d5-4d77-b002-4d0f299a488f'),
  ('c7d9a94b-cf30-4bb7-9b2b-c2577ae7a10a', '2a000000-0000-0000-0000-000000000001', 'Tumeric Seasoning (House Mix)', 'Seasonings', '35', 'lbs', '', '3', 't', 'b2e5208b-b2d5-4d77-b002-4d0f299a488f'),
  ('228616dc-94ba-4135-92b6-4c8dcf9124ba', '2a000000-0000-0000-0000-000000000001', 'White Sauce', 'Sauces', '14.463', 'lbs', '', '1', 'f', NULL),
  ('54aa4781-645f-4226-925d-09facfa72cd4', '2a000000-0000-0000-0000-000000000001', 'White Sauce', 'Sauces', '14.463', 'lbs', '', '1', 'f', NULL),
  ('ada5d8ce-517d-4415-a5b3-0aa8ce6ab723', '2a000000-0000-0000-0000-000000000001', 'White Sauce', 'Sauces', '14.463', 'lbs', '', '1', 'f', NULL),
  ('b6f3f62c-b6b7-4e93-abd9-da23e5e34912', '2a000000-0000-0000-0000-000000000001', 'White Sauce', 'Sauces', '14.463', 'lbs', '', '1', 'f', NULL),
  ('8782cf2d-6bfc-4639-b95d-54ff0f8c3ef1', '2a000000-0000-0000-0000-000000000001', 'White Sauce', 'Sauces', '16.963', 'lbs', '', '1', 't', NULL),
  ('43223a80-1d18-4118-95c7-310bc52a8a86', '2a000000-0000-0000-0000-000000000001', 'Yellow Rice', 'Prep', '14.095', 'lbs', '', '1', 'f', NULL),
  ('7dd4e59a-8759-45e4-87a9-979ab5ced6b4', '2a000000-0000-0000-0000-000000000001', 'Yellow Rice', 'Prep', '14.095', 'lbs', '', '1', 'f', NULL),
  ('15ca949c-b806-490a-8625-6153277bb165', '2a000000-0000-0000-0000-000000000001', 'Yellow Rice', 'Prep', '14.095', 'lbs', '', '1', 'f', NULL),
  ('bfedaf6c-f08e-462b-bb0b-cf76dcf609c7', '2a000000-0000-0000-0000-000000000001', 'Yellow Rice', 'Prep', '14.095', 'lbs', '', '1', 'f', NULL),
  ('fb1e76b4-f8f2-40bb-ae1b-faf6534dfbf5', '2a000000-0000-0000-0000-000000000001', 'Yellow Rice', 'Prep', '15.095', 'lbs', '', '2', 't', '7dd4e59a-8759-45e4-87a9-979ab5ced6b4')
on conflict (id) do nothing;

-- ─── recipe_ingredients (152) ─────────────────────────
insert into public.recipe_ingredients (id, recipe_id, catalog_id, quantity, unit, base_quantity, base_unit) values
  ('1b2a5fee-4ec5-4f88-bfb6-052ee9ba4139', '00f60cbb-7489-4f35-a690-c8e9aa02d015', 'e4c58c56-e046-467e-95d0-abcb172e85b7', '1.0000', 'each', '0', 'g'),
  ('04ec6e54-cbfa-4e53-8cec-2ff242e8c7e4', '0597dc74-44d9-4f44-95b4-8895a2db6479', '18cb977c-8cfc-4e2b-9c91-a0ed23122467', '80.0000', 'g', '0', 'g'),
  ('15551642-bd6b-466a-be0c-94ed8f6064c0', '0597dc74-44d9-4f44-95b4-8895a2db6479', 'a0417206-1a0f-43a9-b8ee-76a9928dacfc', '160.0000', 'g', '0', 'g'),
  ('1f16950b-6c30-416b-a09e-d09dcb422117', '0597dc74-44d9-4f44-95b4-8895a2db6479', '361607a8-3e51-4d63-908c-6a64b6ea6253', '60.0000', 'g', '0', 'g'),
  ('2d00a863-610e-46e0-9d9a-9715679a21cf', '0597dc74-44d9-4f44-95b4-8895a2db6479', '5764257b-e8a4-4e62-8cc0-a2293762203c', '1.0000', 'each', '0', 'g'),
  ('7a490904-38c2-4426-b014-d4d10e6ee934', '0597dc74-44d9-4f44-95b4-8895a2db6479', '9e11bf29-221b-488e-92c2-2ba37d706068', '8.0000', 'g', '0', 'g'),
  ('7f17436c-b8b8-4f75-b9ce-6df9d2246e8c', '0597dc74-44d9-4f44-95b4-8895a2db6479', '6d24e6b0-5bd9-4645-ad71-ad767836ee8b', '50.0000', 'g', '0', 'g'),
  ('31d8eba4-1354-42f3-a406-878c80e8aa41', '062a46bb-c9ea-4541-8c53-12afd73e78d8', 'b51cc9cf-18a7-4494-b804-19897e524395', '275.0000', 'g', '0', 'g'),
  ('2335b40f-336b-4477-99da-f43b11ee037b', '0f8aa428-756e-44f9-a1b1-9a73572abe0c', 'a3f2b936-07f8-4bdd-bfe8-e8030424d19a', '1.0000', 'each', '0', 'g'),
  ('5560e389-c0b9-43cf-97ee-83412146c09b', '0f8aa428-756e-44f9-a1b1-9a73572abe0c', '5b837e22-8286-44ca-a76d-e6d09b480131', '156.0000', 'g', '0', 'g'),
  ('06441fce-ce8f-4206-8d9d-b2e93394d27d', '122dfb17-1655-4691-9763-242e326e5191', 'de2debc5-3e8a-434a-ae78-4859c738fe5e', '1.0000', 'each', '0', 'g'),
  ('0fd7c69b-d3fe-4b17-bdbd-89404c86fb01', '122dfb17-1655-4691-9763-242e326e5191', '18cb977c-8cfc-4e2b-9c91-a0ed23122467', '80.0000', 'g', '0', 'g'),
  ('0ff2c52f-9678-4fa3-bc83-9241400fa04e', '122dfb17-1655-4691-9763-242e326e5191', '361607a8-3e51-4d63-908c-6a64b6ea6253', '50.0000', 'g', '0', 'g'),
  ('40c7a84f-2eba-47d5-b4ed-ac15ef7b0b0f', '122dfb17-1655-4691-9763-242e326e5191', '8221c029-1930-45c4-9b83-433f5d4d7729', '8.0000', 'oz', '0', 'g'),
  ('4bbe1024-79fb-4899-87e3-88220f4a92e0', '122dfb17-1655-4691-9763-242e326e5191', 'baafd276-f6ab-44eb-9a12-4aa230507c91', '45.0000', 'g', '0', 'g'),
  ('4e1a683b-6725-4547-84e2-458cbf42687f', '122dfb17-1655-4691-9763-242e326e5191', '9d6d98d7-2c04-4d04-af68-e5820b65f474', '1.0000', 'cases', '0', 'g'),
  ('189864de-6223-4d3c-a44f-9fbbdbb9a95f', '16fae221-842e-4175-bf1a-fd50f494901f', '20201cf1-814b-49cc-933b-371b40db515c', '1.0000', 'each', '0', 'g'),
  ('006a5ab5-7296-496e-ab8e-53c74e13d4d1', '1c845f7b-8997-4902-ac9a-a53f5917bf7a', '18cb977c-8cfc-4e2b-9c91-a0ed23122467', '80.0000', 'g', '0', 'g'),
  ('1f2c1721-e576-4b6a-97c8-89801b4e6fe6', '1c845f7b-8997-4902-ac9a-a53f5917bf7a', '5764257b-e8a4-4e62-8cc0-a2293762203c', '1.0000', 'each', '0', 'g'),
  ('317db6e7-0a09-476e-acee-2df2165de589', '1c845f7b-8997-4902-ac9a-a53f5917bf7a', '361607a8-3e51-4d63-908c-6a64b6ea6253', '60.0000', 'g', '0', 'g'),
  ('6a229d6a-777c-4c1d-9891-1fc260658747', '1c845f7b-8997-4902-ac9a-a53f5917bf7a', '8221c029-1930-45c4-9b83-433f5d4d7729', '150.0000', 'g', '0', 'g'),
  ('8b7e44a2-aac4-402e-b228-0bdd7d779799', '1c845f7b-8997-4902-ac9a-a53f5917bf7a', '9e11bf29-221b-488e-92c2-2ba37d706068', '8.0000', 'g', '0', 'g'),
  ('b5633212-e22b-4133-b3ba-e94984c8d055', '1c845f7b-8997-4902-ac9a-a53f5917bf7a', '6d24e6b0-5bd9-4645-ad71-ad767836ee8b', '50.0000', 'g', '0', 'g'),
  ('12118a7b-7a9f-4ab6-b589-226c859c4374', '249a5ea1-600b-40f3-9da6-24cd41fcf536', '9e11bf29-221b-488e-92c2-2ba37d706068', '8.0000', 'g', '0', 'g'),
  ('366be646-53f9-4296-9a4a-b1f8447a0269', '249a5ea1-600b-40f3-9da6-24cd41fcf536', '18cb977c-8cfc-4e2b-9c91-a0ed23122467', '80.0000', 'g', '0', 'g'),
  ('6aef8c4d-9c4a-4b25-9f04-ccea6d83b2e5', '249a5ea1-600b-40f3-9da6-24cd41fcf536', '361607a8-3e51-4d63-908c-6a64b6ea6253', '60.0000', 'g', '0', 'g'),
  ('759d370a-1a1a-4ea7-960d-8be4a20ffd6b', '249a5ea1-600b-40f3-9da6-24cd41fcf536', '6d24e6b0-5bd9-4645-ad71-ad767836ee8b', '50.0000', 'g', '0', 'g'),
  ('a529a6f0-34b8-492f-a2a5-a2ed459e564b', '249a5ea1-600b-40f3-9da6-24cd41fcf536', '5764257b-e8a4-4e62-8cc0-a2293762203c', '1.0000', 'each', '0', 'g'),
  ('3256c4ac-5a67-469f-82b2-db18ad8973fb', '25911782-8bad-466d-bd62-4e037ef3e178', '4498705d-b6dc-45c2-a218-0d1889419474', '1.0000', 'each', '0', 'g'),
  ('24455e83-2081-449c-a532-6785504805aa', '27ba94cf-8bb0-4b63-b260-9255af8fdfc5', '738366a7-dada-4e1c-aa2a-83071ac177ea', '1.0000', 'each', '0', 'g'),
  ('0bce7143-82d6-4b90-9d1e-fb9f5153cab9', '2d588ccd-455e-4a32-bc6c-cf415b8645a6', 'a0417206-1a0f-43a9-b8ee-76a9928dacfc', '80.0000', 'g', '0', 'g'),
  ('0ff2ab44-02a8-484c-bcda-97922214d2c3', '2d588ccd-455e-4a32-bc6c-cf415b8645a6', 'baafd276-f6ab-44eb-9a12-4aa230507c91', '50.0000', 'g', '0', 'g'),
  ('1155c690-d5a3-4089-99e8-07e6cd2bdaa5', '2d588ccd-455e-4a32-bc6c-cf415b8645a6', '18cb977c-8cfc-4e2b-9c91-a0ed23122467', '80.0000', 'g', '0', 'g'),
  ('192d9444-4050-457a-b3e6-b32bf1316c21', '2d588ccd-455e-4a32-bc6c-cf415b8645a6', '361607a8-3e51-4d63-908c-6a64b6ea6253', '60.0000', 'g', '0', 'g'),
  ('03a6412c-58d4-411b-aa3c-4904db4acec0', '330d2882-2ba6-4152-9720-02fc940cdd65', '18cb977c-8cfc-4e2b-9c91-a0ed23122467', '80.0000', 'g', '0', 'g'),
  ('0a7a4ad8-2818-4b9b-a9e4-24a7742d5882', '330d2882-2ba6-4152-9720-02fc940cdd65', 'a3f2b936-07f8-4bdd-bfe8-e8030424d19a', '1.0000', 'each', '0', 'g'),
  ('181753ce-13ae-4caa-89be-fe7ebd1bf806', '330d2882-2ba6-4152-9720-02fc940cdd65', '9e11bf29-221b-488e-92c2-2ba37d706068', '5.0000', 'g', '0', 'g'),
  ('1c812955-aa83-4a20-95d2-39ccbf7d53bf', '330d2882-2ba6-4152-9720-02fc940cdd65', '6eee1bdc-fd68-471b-a1b5-2f2b39c08e28', '1.0000', 'each', '0', 'g'),
  ('3c1cea6f-90b1-44bb-a152-ae6e4965d808', '330d2882-2ba6-4152-9720-02fc940cdd65', '5b837e22-8286-44ca-a76d-e6d09b480131', '230.0000', 'g', '0', 'g'),
  ('3f57822b-1fda-456e-8914-b6d34e0fa9d0', '330d2882-2ba6-4152-9720-02fc940cdd65', '7efd5415-60c1-43bf-828d-3b885c5303f7', '1.0000', 'each', '0', 'g'),
  ('807e3af7-5028-4f1c-aeba-8d335432926b', '330d2882-2ba6-4152-9720-02fc940cdd65', 'a08bacbd-2776-4193-afc5-56e468a4143c', '45.0000', 'g', '0', 'g'),
  ('aa9c64a2-a32c-47a8-a17f-55ad59178abf', '330d2882-2ba6-4152-9720-02fc940cdd65', 'baafd276-f6ab-44eb-9a12-4aa230507c91', '45.0000', 'g', '0', 'g'),
  ('08eb748d-5d0a-46fd-967f-57965ebcd688', '3bd67ea5-275f-4b82-9715-a9bf982802c2', '5b837e22-8286-44ca-a76d-e6d09b480131', '393.0000', 'g', '0', 'g'),
  ('2269803d-4b16-4c77-9a7e-af43663b524d', '3bd67ea5-275f-4b82-9715-a9bf982802c2', '61bcb565-c115-4b84-bd9d-b1b2a5120f6c', '1.0000', 'g', '0', 'g'),
  ('5e733899-19c8-4d43-8c1d-a5754c5a10e7', '3bd67ea5-275f-4b82-9715-a9bf982802c2', 'e55173f3-1c47-4fcb-be56-b0e716fb02ae', '1.0000', 'each', '0', 'g'),
  ('866211f5-213e-4956-8358-8a7541fe06e2', '3bd67ea5-275f-4b82-9715-a9bf982802c2', '0a4c497f-1d74-4e44-9cce-705a0830535c', '160.0000', 'g', '0', 'g'),
  ('06910683-3bf0-4623-a980-9c03b964f3dd', '4b037e79-d1a9-4cb5-bcb6-2a0b19717e9b', '5764257b-e8a4-4e62-8cc0-a2293762203c', '1.0000', 'each', '0', 'g'),
  ('0774534b-85e9-4e2c-8c29-e77391a6268a', '4b037e79-d1a9-4cb5-bcb6-2a0b19717e9b', '6d24e6b0-5bd9-4645-ad71-ad767836ee8b', '50.0000', 'g', '0', 'g'),
  ('148c579f-a7a3-43bf-bd1d-122dfeb09e96', '4b037e79-d1a9-4cb5-bcb6-2a0b19717e9b', '7e4a57ac-db4d-4883-a34f-4adca46d44b4', '9.0000', 'oz', '0', 'g'),
  ('1c93a100-83cc-46e1-80f0-ad70f3daa817', '4b037e79-d1a9-4cb5-bcb6-2a0b19717e9b', '361607a8-3e51-4d63-908c-6a64b6ea6253', '60.0000', 'g', '0', 'g'),
  ('25dacd5d-ef8a-479e-9f22-5640855783e2', '4b037e79-d1a9-4cb5-bcb6-2a0b19717e9b', '18cb977c-8cfc-4e2b-9c91-a0ed23122467', '80.0000', 'g', '0', 'g'),
  ('6868b846-9582-42b0-81fc-3ae458eb9086', '4b037e79-d1a9-4cb5-bcb6-2a0b19717e9b', '9e11bf29-221b-488e-92c2-2ba37d706068', '5.0000', 'g', '0', 'g'),
  ('325c2f3c-4cf8-45d3-ac1b-fa584a91114d', '52239809-19f8-48ff-9d67-303f62ae758b', '8096f99c-351c-4694-9cc9-bc1aef229cee', '1.0000', 'each', '0', 'g'),
  ('240ae60c-cd08-4a8b-91a2-b74186e039b8', '555fec08-2cb5-461e-8b3a-d37f3476ebf6', '83b9b9c2-0243-4539-9eb4-320ce34cebeb', '6.0000', 'oz', '0', 'g'),
  ('032e9a2b-7beb-4a6f-a43c-908a434ca3a5', '5b26c58e-3422-48a7-a1f0-679b25ff57a4', 'a89beb1b-0a7c-477b-88a0-b45e9489c483', '1.0000', 'each', '0', 'g'),
  ('0978fdb6-3fa6-4bcf-846e-c8ae31a6548a', '5b26c58e-3422-48a7-a1f0-679b25ff57a4', '18cb977c-8cfc-4e2b-9c91-a0ed23122467', '80.0000', 'g', '0', 'g'),
  ('174a0aae-096c-4ade-827c-221c4f76f605', '5b26c58e-3422-48a7-a1f0-679b25ff57a4', '61806f6a-f6d8-4dee-9305-c31e8851a14b', '45.0000', 'g', '0', 'g'),
  ('1f357db4-1a69-4616-b022-73a77b41f52d', '5b26c58e-3422-48a7-a1f0-679b25ff57a4', '91293b02-3d69-4d80-b4e5-95e9373af57b', '1.0000', 'fl_oz', '0', 'g'),
  ('342553c3-90a4-45a1-b4ad-9b46b412264f', '5b26c58e-3422-48a7-a1f0-679b25ff57a4', '361607a8-3e51-4d63-908c-6a64b6ea6253', '50.0000', 'g', '0', 'g'),
  ('4022ae0d-0d8f-45ad-bb17-9624fca23328', '5b26c58e-3422-48a7-a1f0-679b25ff57a4', 'a08bacbd-2776-4193-afc5-56e468a4143c', '45.0000', 'g', '0', 'g'),
  ('4debfbf3-adc1-4cf5-b6c2-3342ae3f40bf', '5b26c58e-3422-48a7-a1f0-679b25ff57a4', 'de2debc5-3e8a-434a-ae78-4859c738fe5e', '1.0000', 'each', '0', 'g'),
  ('5ddeb84e-191e-47c5-bf57-4cc5248bef7f', '5b26c58e-3422-48a7-a1f0-679b25ff57a4', 'baafd276-f6ab-44eb-9a12-4aa230507c91', '45.0000', 'g', '0', 'g'),
  ('0b50a910-ddab-4fca-84b8-989e2bc8a184', '65053363-a551-4f51-8c23-eef408f08e97', 'bed4279d-8c68-4d76-81c2-6a43b798f123', '2.0000', 'oz', '0', 'g'),
  ('104c6398-6f3f-4204-a850-d571fa1356f1', '65053363-a551-4f51-8c23-eef408f08e97', '92e0d0fc-0e56-4674-bfee-dd33a36af0a8', '2.0000', 'fl_oz', '0', 'g'),
  ('24953a63-74d1-4e4c-a3bd-4546ad1f9a6e', '65053363-a551-4f51-8c23-eef408f08e97', 'cce48a4b-db9d-4d22-8341-803b0d0be6ef', '250.0000', 'g', '0', 'g'),
  ('5d019369-51c8-4871-ae69-1436c38b85d7', '65053363-a551-4f51-8c23-eef408f08e97', 'e57397cc-403c-4067-aacf-ebfc3eb7835a', '1.0000', 'bags', '0', 'g'),
  ('7f6f8b54-8e29-4f16-a09c-6bfafee19f03', '65053363-a551-4f51-8c23-eef408f08e97', 'e55173f3-1c47-4fcb-be56-b0e716fb02ae', '1.0000', 'cases', '0', 'g'),
  ('1a389a27-c1f7-436c-a70d-89c06d72ed96', '78ffe239-62c9-409f-9192-280804f51f5f', '9e11bf29-221b-488e-92c2-2ba37d706068', '8.0000', 'g', '0', 'g'),
  ('1b016d79-3025-46d0-a007-15bad8d76927', '78ffe239-62c9-409f-9192-280804f51f5f', '361607a8-3e51-4d63-908c-6a64b6ea6253', '60.0000', 'g', '0', 'g'),
  ('23390740-a7ea-4381-b312-b5abfdb5d2f9', '78ffe239-62c9-409f-9192-280804f51f5f', 'a0417206-1a0f-43a9-b8ee-76a9928dacfc', '160.0000', 'g', '0', 'g'),
  ('45f7ed77-3f8c-45b5-9674-7eb986b31c92', '78ffe239-62c9-409f-9192-280804f51f5f', '18cb977c-8cfc-4e2b-9c91-a0ed23122467', '80.0000', 'g', '0', 'g'),
  ('4966e038-c95b-4791-8df5-5ffee60cffcb', '78ffe239-62c9-409f-9192-280804f51f5f', 'baafd276-f6ab-44eb-9a12-4aa230507c91', '55.0000', 'g', '0', 'g'),
  ('07768a61-f802-40c6-ac0d-4868d1370b5c', '79f4c0bf-71f8-438e-88f0-47c9af326281', '7e4a57ac-db4d-4883-a34f-4adca46d44b4', '9.0000', 'oz', '0', 'g'),
  ('08281936-b775-4af0-af78-474c7c8ff975', '79f4c0bf-71f8-438e-88f0-47c9af326281', '361607a8-3e51-4d63-908c-6a64b6ea6253', '50.0000', 'g', '0', 'g'),
  ('0f374180-d0b5-45a4-b263-77e6b1c32118', '79f4c0bf-71f8-438e-88f0-47c9af326281', 'ba306de2-27ba-44dc-b84f-3c6dee5d7c99', '50.0000', 'g', '0', 'g'),
  ('1aa1a68a-a4d4-45b8-b739-5f0eafab10fd', '79f4c0bf-71f8-438e-88f0-47c9af326281', '18cb977c-8cfc-4e2b-9c91-a0ed23122467', '80.0000', 'g', '0', 'g'),
  ('21d4598a-b51f-419a-8229-98d27fb277b7', '79f4c0bf-71f8-438e-88f0-47c9af326281', 'de2debc5-3e8a-434a-ae78-4859c738fe5e', '1.0000', 'each', '0', 'g'),
  ('41d36d67-14ad-4d4e-81ce-bb5ad8628c07', '79f4c0bf-71f8-438e-88f0-47c9af326281', 'a89beb1b-0a7c-477b-88a0-b45e9489c483', '1.0000', 'each', '0', 'g'),
  ('51b959ff-4d45-4ee9-b160-e1214ac85b15', '79f4c0bf-71f8-438e-88f0-47c9af326281', 'baafd276-f6ab-44eb-9a12-4aa230507c91', '45.0000', 'g', '0', 'g'),
  ('70110280-1a11-4c8f-aaa9-7bb9bd3384b9', '79f4c0bf-71f8-438e-88f0-47c9af326281', '9e11bf29-221b-488e-92c2-2ba37d706068', '5.0000', 'g', '0', 'g'),
  ('7366b8d9-8397-4ee5-94c1-6740bf757306', '79f4c0bf-71f8-438e-88f0-47c9af326281', '61806f6a-f6d8-4dee-9305-c31e8851a14b', '45.0000', 'g', '0', 'g'),
  ('7cd49f7e-2848-437f-a12a-01d90100464e', '79f4c0bf-71f8-438e-88f0-47c9af326281', 'a3f2b936-07f8-4bdd-bfe8-e8030424d19a', '1.0000', 'each', '0', 'g'),
  ('9a47ac87-ef89-4709-b095-af68f6e8b53b', '79f4c0bf-71f8-438e-88f0-47c9af326281', '91293b02-3d69-4d80-b4e5-95e9373af57b', '2.0000', 'fl_oz', '0', 'g'),
  ('9f2c85e2-245d-48a3-8f2d-c5dce5fa4331', '79f4c0bf-71f8-438e-88f0-47c9af326281', '5b837e22-8286-44ca-a76d-e6d09b480131', '230.0000', 'g', '0', 'g'),
  ('2eef26e3-7725-4427-ab8e-414e4aba488e', '8bf22630-0d13-4c29-b722-7aa3105d5663', '18cb977c-8cfc-4e2b-9c91-a0ed23122467', '80.0000', 'g', '0', 'g'),
  ('34d77565-882c-4539-b435-bcb03bde2c38', '8bf22630-0d13-4c29-b722-7aa3105d5663', '39794817-cf16-4ebe-9ae1-402e36d73dc0', '1.0000', 'each', '0', 'g'),
  ('3f1c64e0-4c6f-4b24-bbb3-700c3cfde19b', '8bf22630-0d13-4c29-b722-7aa3105d5663', 'baafd276-f6ab-44eb-9a12-4aa230507c91', '45.0000', 'g', '0', 'g'),
  ('5219a9ab-4e64-41bc-a0a0-f75d4ae11650', '8bf22630-0d13-4c29-b722-7aa3105d5663', '9e11bf29-221b-488e-92c2-2ba37d706068', '8.0000', 'g', '0', 'g'),
  ('5454ea1e-437d-4128-ab5d-74ce38ae0396', '8bf22630-0d13-4c29-b722-7aa3105d5663', '361607a8-3e51-4d63-908c-6a64b6ea6253', '55.0000', 'g', '0', 'g'),
  ('08ae58a1-51bd-45ee-9616-005b936fcf52', '9d389748-0e85-46f3-8323-6207bdfe64ea', '5b837e22-8286-44ca-a76d-e6d09b480131', '156.0000', 'g', '0', 'g'),
  ('a2a23b76-27ec-41cb-9e2e-ecb2331857b0', '9d389748-0e85-46f3-8323-6207bdfe64ea', 'a3f2b936-07f8-4bdd-bfe8-e8030424d19a', '1.0000', 'each', '0', 'g'),
  ('421c947a-873c-4484-b22d-d9a973ddcea7', 'a11ccb09-dae8-4e95-909c-e9cd62b8852a', '7a9f40de-8c8d-4c9c-bb38-ba5e76ed4874', '1.0000', 'each', '0', 'g'),
  ('0ff8ec84-d7d7-4fe3-8c7b-5c023901a79d', 'a5468f73-5251-4720-967b-d7826d390f49', 'b5df0d22-7baa-4c5f-8cb9-d5361e307352', '234.0000', 'g', '0', 'g'),
  ('05334f2d-7aa8-451b-a2bb-1d4cdec3c834', 'ace7feb4-dac8-49e7-af96-447880851a7e', '61bcb565-c115-4b84-bd9d-b1b2a5120f6c', '3.0000', 'g', '0', 'g'),
  ('1b7a69bc-016e-4e1b-abc3-cdea8257313c', 'ace7feb4-dac8-49e7-af96-447880851a7e', '5b837e22-8286-44ca-a76d-e6d09b480131', '393.0000', 'g', '0', 'g'),
  ('5f7ca5ca-881e-483b-81e3-1108f9325857', 'ace7feb4-dac8-49e7-af96-447880851a7e', 'e55173f3-1c47-4fcb-be56-b0e716fb02ae', '1.0000', 'cases', '0', 'g'),
  ('2c84a48f-aefa-4ff6-bbba-2e18da0454bb', 'ad8a3cda-f14c-48ff-a616-78cb8eda6d3f', '81838a7b-7681-470c-a47c-1f7309017b31', '30.0000', 'g', '0', 'g'),
  ('39aa99a7-d080-4c39-b8e7-48ff08e5a704', 'ad8a3cda-f14c-48ff-a616-78cb8eda6d3f', '9d6d98d7-2c04-4d04-af68-e5820b65f474', '1.0000', 'each', '0', 'g'),
  ('6075550a-78de-4f67-9836-34458f4dd415', 'ad8a3cda-f14c-48ff-a616-78cb8eda6d3f', 'ff949320-38eb-4787-aa55-ef473e06d33f', '30.0000', 'g', '0', 'g'),
  ('64ab21d7-f05d-4dc4-ad1c-0854347bc748', 'ad8a3cda-f14c-48ff-a616-78cb8eda6d3f', '5b837e22-8286-44ca-a76d-e6d09b480131', '230.0000', 'g', '0', 'g'),
  ('b8f73656-48c0-4759-9e4d-5e86ba4f2cd6', 'ad8a3cda-f14c-48ff-a616-78cb8eda6d3f', '0462cb93-3e14-4205-b955-e076b4e993e7', '12.0000', 'oz', '0', 'g'),
  ('3b699669-579b-4c94-9597-50da983125af', 'b2931d11-7c05-47e1-9e9c-4001660d96ef', 'f0b90741-8991-4d4f-be7f-47cdb18c7b55', '1.0000', 'each', '0', 'g'),
  ('06e06424-24a9-4284-93a9-6cbb5c70f974', 'b70f26ad-3f92-46b5-a98c-ec010ba647b0', '5b837e22-8286-44ca-a76d-e6d09b480131', '230.0000', 'g', '0', 'g'),
  ('10456350-0cec-44ce-9a10-5c2106d5038c', 'b70f26ad-3f92-46b5-a98c-ec010ba647b0', 'd5626fc8-d58b-412b-b63d-29ba6f53171d', '1.0000', 'each', '0', 'g'),
  ('1b8dfc05-eb98-4506-bcd7-0bce56c8b142', 'b70f26ad-3f92-46b5-a98c-ec010ba647b0', '36659e79-0095-4d82-871d-3d097c2599a4', '1.0000', 'each', '0', 'g'),
  ('22d73516-2a5e-48ca-8e7b-5ec5a862bb0e', 'b70f26ad-3f92-46b5-a98c-ec010ba647b0', 'a3f2b936-07f8-4bdd-bfe8-e8030424d19a', '1.0000', 'each', '0', 'g'),
  ('2a2ed914-8ce6-49d5-b7ad-2e897411804e', 'b70f26ad-3f92-46b5-a98c-ec010ba647b0', '361607a8-3e51-4d63-908c-6a64b6ea6253', '25.0000', 'g', '0', 'g'),
  ('4b7411a7-666c-4e76-8dfc-a06c07b4fe1b', 'b70f26ad-3f92-46b5-a98c-ec010ba647b0', '18cb977c-8cfc-4e2b-9c91-a0ed23122467', '80.0000', 'g', '0', 'g'),
  ('50870201-4723-46e9-bf82-49ec05928fa6', 'b70f26ad-3f92-46b5-a98c-ec010ba647b0', '6eee1bdc-fd68-471b-a1b5-2f2b39c08e28', '1.0000', 'each', '0', 'g'),
  ('027ea0ef-0404-48dd-9b77-5d83f577c66b', 'c3b45846-3453-4c2f-bf41-0915483a6682', '361607a8-3e51-4d63-908c-6a64b6ea6253', '60.0000', 'g', '0', 'g'),
  ('0686b386-7d50-4172-b455-adcdab4e9a9e', 'c3b45846-3453-4c2f-bf41-0915483a6682', 'a0417206-1a0f-43a9-b8ee-76a9928dacfc', '80.0000', 'g', '0', 'g'),
  ('12d2ba59-f130-49d8-b0af-5346a12f2932', 'c3b45846-3453-4c2f-bf41-0915483a6682', '9e11bf29-221b-488e-92c2-2ba37d706068', '8.0000', 'g', '0', 'g'),
  ('12dad132-c340-42cd-be69-a355fd4b2f03', 'c3b45846-3453-4c2f-bf41-0915483a6682', '6d24e6b0-5bd9-4645-ad71-ad767836ee8b', '50.0000', 'g', '0', 'g'),
  ('2ae36bf3-aee0-4a86-9b10-d51caa032dc0', 'c3b45846-3453-4c2f-bf41-0915483a6682', '18cb977c-8cfc-4e2b-9c91-a0ed23122467', '80.0000', 'g', '0', 'g'),
  ('54ba63b3-d8c6-4639-b947-bcb2e937da21', 'c3b45846-3453-4c2f-bf41-0915483a6682', '5764257b-e8a4-4e62-8cc0-a2293762203c', '1.0000', 'each', '0', 'g'),
  ('2669e25e-352c-44f7-90b7-097d4da8d0b2', 'c493996d-ad43-4b49-9761-80e7590eb05b', '7b16fbf2-4335-4c5f-a4d7-d93687a70d3b', '12.0000', 'oz', '0', 'g'),
  ('69166c3a-5831-422d-9bb8-ef2659a5cbc3', 'de9b3f48-8322-4c25-985b-76166bc76f8c', 'dc46d429-9ab6-4747-8e8a-9ecc002e235d', '1.0000', 'each', '0', 'g'),
  ('3bdff740-ed6e-44b8-b072-e1df2082e209', 'e7084b8e-f2a0-4e8e-a756-e40f379e9b5b', '4abf87ab-9a98-442d-8439-ca502a843299', '6.0000', 'cases', '0', 'g'),
  ('1ba2c9aa-5662-4c0f-a176-540a4afb0d3c', 'eded0d91-77b8-418c-b7dd-c0bb3ffde485', 'e57397cc-403c-4067-aacf-ebfc3eb7835a', '1.0000', 'bags', '0', 'g'),
  ('2515c399-6d88-4485-ac68-55a98f8ad052', 'eded0d91-77b8-418c-b7dd-c0bb3ffde485', 'cce48a4b-db9d-4d22-8341-803b0d0be6ef', '250.0000', 'g', '0', 'g'),
  ('4a958653-625c-4ba0-8907-6b7b66ffed77', 'eded0d91-77b8-418c-b7dd-c0bb3ffde485', '7e4a57ac-db4d-4883-a34f-4adca46d44b4', '9.0000', 'oz', '0', 'g'),
  ('0a1fdc85-3072-4a02-a8e2-632f19d88b94', 'f33ba3b7-e769-469c-8d11-914a7ccc1b81', '9e11bf29-221b-488e-92c2-2ba37d706068', '60.0000', 'oz', '0', 'g'),
  ('3a53547d-c140-4ebd-a464-0d8b37506a64', 'f33ba3b7-e769-469c-8d11-914a7ccc1b81', '39794817-cf16-4ebe-9ae1-402e36d73dc0', '1.0000', 'each', '0', 'g'),
  ('3c23dafc-33b7-4390-a0ae-14c5eec800d6', 'f33ba3b7-e769-469c-8d11-914a7ccc1b81', 'baafd276-f6ab-44eb-9a12-4aa230507c91', '60.0000', 'g', '0', 'g'),
  ('3e3b2c29-acf9-4742-bf73-09c7b6cd1005', 'f33ba3b7-e769-469c-8d11-914a7ccc1b81', '361607a8-3e51-4d63-908c-6a64b6ea6253', '60.0000', 'g', '0', 'g'),
  ('82b72371-f64c-4ecf-814e-d1dccd987fc7', 'f33ba3b7-e769-469c-8d11-914a7ccc1b81', '18cb977c-8cfc-4e2b-9c91-a0ed23122467', '80.0000', 'g', '0', 'g'),
  ('0aeb83ca-c06f-45d2-a314-e16072ce69dc', 'f43e39d7-c4f0-4d85-a95e-90ff230bfbf0', 'f42c72f3-aafa-4238-bdf6-46f00fd87ecf', '230.0000', 'g', '0', 'g'),
  ('4dbaba88-f08e-459e-8049-44fd82c15eb1', 'f43e39d7-c4f0-4d85-a95e-90ff230bfbf0', 'a3f2b936-07f8-4bdd-bfe8-e8030424d19a', '1.0000', 'each', '0', 'g'),
  ('19ea6374-92e3-401a-8af4-186712d51b74', 'f6c898e5-eb60-425f-b922-affe836b49df', '9e11bf29-221b-488e-92c2-2ba37d706068', '8.0000', 'g', '0', 'g'),
  ('20087d6d-2f36-41cc-bcb0-c5a6cf422589', 'f6c898e5-eb60-425f-b922-affe836b49df', '361607a8-3e51-4d63-908c-6a64b6ea6253', '60.0000', 'g', '0', 'g'),
  ('22abd08e-ed29-4981-8393-10cd148abb69', 'f6c898e5-eb60-425f-b922-affe836b49df', 'baafd276-f6ab-44eb-9a12-4aa230507c91', '50.0000', 'g', '0', 'g'),
  ('23c43d23-0c71-453e-afb6-af91c5569177', 'f6c898e5-eb60-425f-b922-affe836b49df', '18cb977c-8cfc-4e2b-9c91-a0ed23122467', '80.0000', 'g', '0', 'g'),
  ('494dc976-bb0f-4b54-b9ef-379c3c4cc61e', 'f6c898e5-eb60-425f-b922-affe836b49df', '8221c029-1930-45c4-9b83-433f5d4d7729', '160.0000', 'g', '0', 'g'),
  ('03118dba-30f6-4578-86b1-2a48f1469197', 'faaa82b3-6181-4def-9473-d93f2d696399', '18cb977c-8cfc-4e2b-9c91-a0ed23122467', '80.0000', 'g', '0', 'g'),
  ('05526a48-4e77-417d-a819-41c475ec5a7d', 'faaa82b3-6181-4def-9473-d93f2d696399', 'b6af2284-62da-4d93-8397-3c4ae38b829d', '1.0000', 'fl_oz', '0', 'g'),
  ('07bb85f6-e720-4ca1-a1c0-74b39758aa8c', 'faaa82b3-6181-4def-9473-d93f2d696399', '361607a8-3e51-4d63-908c-6a64b6ea6253', '25.0000', 'g', '0', 'g'),
  ('07fa4c63-d2fa-45e2-80cc-9e2117a3fe9a', 'faaa82b3-6181-4def-9473-d93f2d696399', '6eee1bdc-fd68-471b-a1b5-2f2b39c08e28', '1.0000', 'each', '0', 'g'),
  ('16c58564-4156-4cd8-a7b2-4d24c280477e', 'faaa82b3-6181-4def-9473-d93f2d696399', '0462cb93-3e14-4205-b955-e076b4e993e7', '6.0000', 'oz', '0', 'g'),
  ('21be298b-57ba-4f25-ba27-94fb101e651b', 'faaa82b3-6181-4def-9473-d93f2d696399', '5b837e22-8286-44ca-a76d-e6d09b480131', '230.0000', 'g', '0', 'g'),
  ('27aec0ba-4a4d-4744-b657-4b01ec6a55ed', 'faaa82b3-6181-4def-9473-d93f2d696399', 'ff949320-38eb-4787-aa55-ef473e06d33f', '30.0000', 'g', '0', 'g'),
  ('36beb15c-947f-4981-bdd1-f3891bf0dc41', 'faaa82b3-6181-4def-9473-d93f2d696399', 'a3f2b936-07f8-4bdd-bfe8-e8030424d19a', '1.0000', 'each', '0', 'g'),
  ('05e24b7a-0eae-4d94-bff7-d074aca9aae6', 'fb8e2849-d8fd-4a33-ac02-85d07da9b671', '78dcff40-8e5d-4628-b80c-f96097009615', '320.0000', 'g', '0', 'g'),
  ('11ec9108-ad53-4036-aa55-fa2273318169', 'fb8e2849-d8fd-4a33-ac02-85d07da9b671', '5b837e22-8286-44ca-a76d-e6d09b480131', '230.0000', 'g', '0', 'g'),
  ('2dd46af0-e205-4745-845c-495df6df98ee', 'fb8e2849-d8fd-4a33-ac02-85d07da9b671', '9d6d98d7-2c04-4d04-af68-e5820b65f474', '1.0000', 'each', '0', 'g'),
  ('34973efc-8a02-4c76-9509-e3c00da5569b', 'fb8e2849-d8fd-4a33-ac02-85d07da9b671', '81838a7b-7681-470c-a47c-1f7309017b31', '60.0000', 'g', '0', 'g'),
  ('7b91d386-a99f-41bf-a3be-7c6565730a6f', 'fb8e2849-d8fd-4a33-ac02-85d07da9b671', 'a3f2b936-07f8-4bdd-bfe8-e8030424d19a', '1.0000', 'each', '0', 'g'),
  ('0f065e99-8688-491b-9132-39ae662d33ca', 'fe639674-0421-4887-ad98-e005e0aa8d82', 'e23fceba-a06a-469e-b3d2-b72d850454fa', '1.0000', 'each', '0', 'g'),
  ('06a0dbf0-cedd-4be7-a0ac-beca6aef4e56', 'feda61c7-e112-4095-95eb-5b84dc69cffd', 'ff949320-38eb-4787-aa55-ef473e06d33f', '30.0000', 'g', '0', 'g'),
  ('22848d0a-235e-4454-91ef-0ff097b82b0c', 'feda61c7-e112-4095-95eb-5b84dc69cffd', 'e55173f3-1c47-4fcb-be56-b0e716fb02ae', '1.0000', 'each', '0', 'g'),
  ('3453bd77-991a-4774-ad1c-aa27801cc9e0', 'feda61c7-e112-4095-95eb-5b84dc69cffd', '81838a7b-7681-470c-a47c-1f7309017b31', '30.0000', 'g', '0', 'g'),
  ('3c365934-5143-4e76-a59e-a57ccf3ef066', 'feda61c7-e112-4095-95eb-5b84dc69cffd', '8221c029-1930-45c4-9b83-433f5d4d7729', '200.0000', 'g', '0', 'g'),
  ('4959bfa7-9477-4d5c-beee-bb70dc635278', 'feda61c7-e112-4095-95eb-5b84dc69cffd', '5b837e22-8286-44ca-a76d-e6d09b480131', '230.0000', 'g', '0', 'g')
on conflict (id) do nothing;

-- ─── recipe_prep_items (41) ───────────────────────────
insert into public.recipe_prep_items (id, recipe_id, prep_recipe_id, quantity, unit) values
  ('08b9722f-d431-4a7e-9179-6181b26d27b9', '0597dc74-44d9-4f44-95b4-8895a2db6479', '66d823bb-bad0-4f3e-9dd3-3ab378372cc4', '50', 'g'),
  ('2c8fe25f-2d18-4e1a-abed-946b7e5e3430', '0597dc74-44d9-4f44-95b4-8895a2db6479', '8782cf2d-6bfc-4639-b95d-54ff0f8c3ef1', '50', 'g'),
  ('4282c899-2701-487d-b241-5fb4e1cdf117', '0597dc74-44d9-4f44-95b4-8895a2db6479', 'fb1e76b4-f8f2-40bb-ae1b-faf6534dfbf5', '350', 'g'),
  ('6470ccac-15dc-449b-b73e-cc9a940bb1a7', '0f8aa428-756e-44f9-a1b1-9a73572abe0c', '5d6a0ea2-d4cd-4b3c-88ff-080a2eceb382', '2', 'oz'),
  ('5dc99bab-effe-4357-96be-cdad63cb3a4f', '122dfb17-1655-4691-9763-242e326e5191', '66d823bb-bad0-4f3e-9dd3-3ab378372cc4', '50', 'g'),
  ('0ce5e0de-c2b2-4150-a121-73a1a786db4d', '1c845f7b-8997-4902-ac9a-a53f5917bf7a', 'fb1e76b4-f8f2-40bb-ae1b-faf6534dfbf5', '350', 'g'),
  ('2418e302-d57c-4349-9aa8-42bc7323912a', '1c845f7b-8997-4902-ac9a-a53f5917bf7a', '66d823bb-bad0-4f3e-9dd3-3ab378372cc4', '50', 'g'),
  ('7ae076e0-992c-4662-b0d2-37c854dde572', '1c845f7b-8997-4902-ac9a-a53f5917bf7a', '8782cf2d-6bfc-4639-b95d-54ff0f8c3ef1', '50', 'g'),
  ('0096be27-44c4-4921-b637-b1da010a4daa', '249a5ea1-600b-40f3-9da6-24cd41fcf536', '66d823bb-bad0-4f3e-9dd3-3ab378372cc4', '50', 'g'),
  ('10b0f435-c11e-437a-a239-16de2644109a', '249a5ea1-600b-40f3-9da6-24cd41fcf536', '8782cf2d-6bfc-4639-b95d-54ff0f8c3ef1', '50', 'g'),
  ('7b57798f-547b-480c-8124-945749ba58b8', '249a5ea1-600b-40f3-9da6-24cd41fcf536', 'd89157e0-d8ef-46e1-9939-417715ffc81a', '160', 'g'),
  ('8b9e06c3-6446-460f-bb9d-fd1f3d19dc59', '249a5ea1-600b-40f3-9da6-24cd41fcf536', 'fb1e76b4-f8f2-40bb-ae1b-faf6534dfbf5', '350', 'g'),
  ('1f56741b-d5bf-4ae5-a9fe-7cf4e1a56bfc', '2d588ccd-455e-4a32-bc6c-cf415b8645a6', 'd89157e0-d8ef-46e1-9939-417715ffc81a', '80', 'g'),
  ('23c5e708-cc16-43c3-8c06-2fe244c1b2ab', '2d588ccd-455e-4a32-bc6c-cf415b8645a6', '8782cf2d-6bfc-4639-b95d-54ff0f8c3ef1', '80', 'g'),
  ('b48dd093-f86f-4a5c-912f-28866e007bf0', '2d588ccd-455e-4a32-bc6c-cf415b8645a6', '66d823bb-bad0-4f3e-9dd3-3ab378372cc4', '80', 'g'),
  ('37413116-a846-4798-8467-b583f7a35051', '330d2882-2ba6-4152-9720-02fc940cdd65', '66d823bb-bad0-4f3e-9dd3-3ab378372cc4', '20', 'g'),
  ('54afff6c-9c5e-46c2-a8af-f35366f3133f', '330d2882-2ba6-4152-9720-02fc940cdd65', '34c637a8-9d76-4f5f-9ca6-582e6638a671', '6', 'oz'),
  ('564abd89-9f39-4089-8173-85be2990f83d', '330d2882-2ba6-4152-9720-02fc940cdd65', 'a3d56b0a-cebf-4008-8151-7dc39b458422', '6', 'oz'),
  ('bebd7ec1-e97a-479d-a69f-4e2a324396cc', '330d2882-2ba6-4152-9720-02fc940cdd65', '156565d4-503f-4859-890a-6bd57c5b7036', '6', 'oz'),
  ('dabe6838-707f-4872-9b58-e61d3c81701f', '330d2882-2ba6-4152-9720-02fc940cdd65', 'cee2cc2a-a4f0-44a8-8824-bafba8755d9f', '6', 'oz'),
  ('20396a5b-50fb-4943-a8d9-10a57bc81f95', '3bd67ea5-275f-4b82-9715-a9bf982802c2', '66d823bb-bad0-4f3e-9dd3-3ab378372cc4', '80', 'g'),
  ('62a2d213-70df-4861-b150-6823c4095173', '3bd67ea5-275f-4b82-9715-a9bf982802c2', '5d6a0ea2-d4cd-4b3c-88ff-080a2eceb382', '21', 'g'),
  ('13ce3c5d-88af-4f36-9bfa-034bc4fcdbff', '4b037e79-d1a9-4cb5-bcb6-2a0b19717e9b', 'fb1e76b4-f8f2-40bb-ae1b-faf6534dfbf5', '350', 'g'),
  ('420ec684-9a27-4b28-9a86-721241f46ed1', '4b037e79-d1a9-4cb5-bcb6-2a0b19717e9b', '8782cf2d-6bfc-4639-b95d-54ff0f8c3ef1', '50', 'g'),
  ('7054c033-af13-42c1-b9c3-b1c11e84281c', '4b037e79-d1a9-4cb5-bcb6-2a0b19717e9b', '66d823bb-bad0-4f3e-9dd3-3ab378372cc4', '50', 'g'),
  ('31f7686b-236a-493d-81a1-c1c8bab71f32', '5b26c58e-3422-48a7-a1f0-679b25ff57a4', 'd89157e0-d8ef-46e1-9939-417715ffc81a', '160', 'g'),
  ('004db0c5-c592-4ed8-acf8-64b880e4e6eb', '65053363-a551-4f51-8c23-eef408f08e97', 'd89157e0-d8ef-46e1-9939-417715ffc81a', '160', 'g'),
  ('582c224a-052f-4c48-8ad4-a6318126ba02', '78ffe239-62c9-409f-9192-280804f51f5f', '8782cf2d-6bfc-4639-b95d-54ff0f8c3ef1', '80', 'g'),
  ('7996b1c2-760f-46ea-8228-7985e7f9ceab', '78ffe239-62c9-409f-9192-280804f51f5f', '66d823bb-bad0-4f3e-9dd3-3ab378372cc4', '80', 'g'),
  ('14b7ff4d-ad77-4b7f-afee-510b06b2b9af', '8bf22630-0d13-4c29-b722-7aa3105d5663', 'd89157e0-d8ef-46e1-9939-417715ffc81a', '160', 'g'),
  ('21ac359e-59a6-4f69-aa7f-8a1fc0b07196', '8bf22630-0d13-4c29-b722-7aa3105d5663', '66d823bb-bad0-4f3e-9dd3-3ab378372cc4', '50', 'g'),
  ('347911b5-f9dd-4c8c-a655-a538fd4ec3f0', '8bf22630-0d13-4c29-b722-7aa3105d5663', '8782cf2d-6bfc-4639-b95d-54ff0f8c3ef1', '50', 'g'),
  ('09e623a0-a19e-4239-bc6e-49069b7cb27e', 'b70f26ad-3f92-46b5-a98c-ec010ba647b0', '66d823bb-bad0-4f3e-9dd3-3ab378372cc4', '20', 'g'),
  ('009c2c21-bd0b-4c42-bdf9-ed9814ef104c', 'c3b45846-3453-4c2f-bf41-0915483a6682', 'fb1e76b4-f8f2-40bb-ae1b-faf6534dfbf5', '350', 'g'),
  ('016b850a-6a5c-46c6-a3b3-b79f880c3fa4', 'c3b45846-3453-4c2f-bf41-0915483a6682', 'd89157e0-d8ef-46e1-9939-417715ffc81a', '80', 'g'),
  ('0a26f918-741e-4e2c-95f7-41cfb5d9324c', 'c3b45846-3453-4c2f-bf41-0915483a6682', '8782cf2d-6bfc-4639-b95d-54ff0f8c3ef1', '50', 'g'),
  ('53f6b082-482b-4ec9-be2e-ab887ee6a4b4', 'c3b45846-3453-4c2f-bf41-0915483a6682', '66d823bb-bad0-4f3e-9dd3-3ab378372cc4', '50', 'g'),
  ('02ad7092-f1e6-42f0-b1da-5c6b25305acd', 'f33ba3b7-e769-469c-8d11-914a7ccc1b81', '66d823bb-bad0-4f3e-9dd3-3ab378372cc4', '80', 'g'),
  ('c13ac720-df9d-45e3-9bd8-dc246c427589', 'f33ba3b7-e769-469c-8d11-914a7ccc1b81', '8782cf2d-6bfc-4639-b95d-54ff0f8c3ef1', '80', 'g'),
  ('2a7b42ea-9c2f-4aa0-924a-ed9e016a4b99', 'f6c898e5-eb60-425f-b922-affe836b49df', '66d823bb-bad0-4f3e-9dd3-3ab378372cc4', '60', 'g'),
  ('bb514fa3-3d78-46d6-8a01-a86294d231e1', 'f6c898e5-eb60-425f-b922-affe836b49df', '8782cf2d-6bfc-4639-b95d-54ff0f8c3ef1', '60', 'g')
on conflict (id) do nothing;

-- ─── prep_recipe_ingredients (464) ────────────────────
insert into public.prep_recipe_ingredients (id, prep_recipe_id, catalog_id, sub_recipe_id, type, quantity, unit, base_quantity, base_unit) values
  ('05b37884-22b2-4429-a4cf-be915c711b8c', '03369027-052a-4692-ad36-0a1e4dab2c24', '5a0f121e-a68e-440f-8a9c-d7a0d4ec08e2', NULL, 'raw', '5', 'lbs', '2267.96', 'g'),
  ('17b51d93-dfdb-4048-a33d-c2f521413d84', '03369027-052a-4692-ad36-0a1e4dab2c24', 'db453c34-02ac-42ee-8e24-95249fce32f5', NULL, 'raw', '1', 'g', '1', 'g'),
  ('1ae2e72c-e358-4eff-a538-318e22c5af47', '03369027-052a-4692-ad36-0a1e4dab2c24', 'e525ce29-acd4-4a3d-81ff-f796ecaa1f3b', NULL, 'raw', '320', 'oz', '9071.84', 'g'),
  ('1f37ebbc-1335-4499-a23e-d8b6ddae3121', '03369027-052a-4692-ad36-0a1e4dab2c24', '41972334-6408-46d5-b6eb-a2f9fb84666b', NULL, 'raw', '32', 'oz', '907.184', 'g'),
  ('9f021b1f-de32-465e-9f9a-b8d3ecdbe4f7', '03369027-052a-4692-ad36-0a1e4dab2c24', '9bd04c02-821e-4dd0-b3d5-f9c3d5279362', NULL, 'raw', '32', 'oz', '907.184', 'g'),
  ('ee62b02e-556f-49bf-9212-366369ab8743', '03369027-052a-4692-ad36-0a1e4dab2c24', '89d3ce2e-790b-4327-99be-47560c3aaf74', NULL, 'raw', '96', 'oz', '2721.5519999999997', 'g'),
  ('fce24590-654b-4110-be5f-488e7c129c8a', '03369027-052a-4692-ad36-0a1e4dab2c24', '09000896-9ecf-4806-a4fc-f9d81838d624', NULL, 'raw', '10', 'lbs', '4535.92', 'g'),
  ('212e4271-0637-47d4-8c86-6b939df0b179', '05165811-2b25-4f49-822c-ad40bb742d4d', '5a0f121e-a68e-440f-8a9c-d7a0d4ec08e2', NULL, 'raw', '7', 'lbs', '3175.144', 'g'),
  ('340929f0-8da9-4efc-8934-7b72ae4b299f', '05165811-2b25-4f49-822c-ad40bb742d4d', '09000896-9ecf-4806-a4fc-f9d81838d624', NULL, 'raw', '10', 'lbs', '4535.92', 'g'),
  ('62a858af-d4ff-45ae-b908-c405f5157063', '05165811-2b25-4f49-822c-ad40bb742d4d', 'db453c34-02ac-42ee-8e24-95249fce32f5', NULL, 'raw', '635', 'g', '635', 'g'),
  ('68e46a7b-e5c3-4977-aec4-e2a6708777dc', '05165811-2b25-4f49-822c-ad40bb742d4d', '9bd04c02-821e-4dd0-b3d5-f9c3d5279362', NULL, 'raw', '32', 'oz', '907.184', 'g'),
  ('8f9d7dcd-6f7e-460a-ae8f-034c6f9f2b18', '05165811-2b25-4f49-822c-ad40bb742d4d', '41972334-6408-46d5-b6eb-a2f9fb84666b', NULL, 'raw', '32', 'oz', '907.184', 'g'),
  ('94b83bea-4724-4260-b555-d01703255fc0', '05165811-2b25-4f49-822c-ad40bb742d4d', 'e525ce29-acd4-4a3d-81ff-f796ecaa1f3b', NULL, 'raw', '320', 'oz', '9071.84', 'g'),
  ('df2cb465-faf3-4baa-a136-b84245db76a1', '05165811-2b25-4f49-822c-ad40bb742d4d', '89d3ce2e-790b-4327-99be-47560c3aaf74', NULL, 'raw', '96', 'oz', '2721.5519999999997', 'g'),
  ('02958f85-872c-4e97-a91c-1465b6238a17', '092cb71f-ec66-41f2-a906-a0d35ccb52bc', 'e8df72a7-58e6-4a19-b132-64427bf54d3b', NULL, 'raw', '0.176', 'lbs', '79.83219199999999', 'g'),
  ('185f898a-f31d-44b7-923d-b0234e3f561c', '092cb71f-ec66-41f2-a906-a0d35ccb52bc', '09000896-9ecf-4806-a4fc-f9d81838d624', NULL, 'raw', '8', 'oz', '226.796', 'g'),
  ('2b261f4b-98ff-4c06-9442-95f3ae8de828', '092cb71f-ec66-41f2-a906-a0d35ccb52bc', 'e33af60e-2bb5-41f1-8f51-b970f8637e67', NULL, 'raw', '24', 'oz', '680.3879999999999', 'g'),
  ('386ba6af-22cf-4497-b02e-d1d4e6b5111b', '092cb71f-ec66-41f2-a906-a0d35ccb52bc', '91293b02-3d69-4d80-b4e5-95e9373af57b', NULL, 'raw', '4', 'gal', '512', 'fl_oz'),
  ('5afbb325-9984-43f9-9a88-87898987c409', '092cb71f-ec66-41f2-a906-a0d35ccb52bc', 'ba2714ca-7177-42f8-9924-7b6cc0eb48c7', NULL, 'raw', '114', 'oz', '3231.843', 'g'),
  ('a3e37530-ff12-46e8-a944-9acdbf76320e', '092cb71f-ec66-41f2-a906-a0d35ccb52bc', '41972334-6408-46d5-b6eb-a2f9fb84666b', NULL, 'raw', '48', 'oz', '1360.7759999999998', 'g'),
  ('c947b407-f17f-40d1-bbfa-68534c14d423', '092cb71f-ec66-41f2-a906-a0d35ccb52bc', '61bcb565-c115-4b84-bd9d-b1b2a5120f6c', NULL, 'raw', '12', 'oz', '340.19399999999996', 'g'),
  ('d18e68e2-874f-4726-8a60-b657c556a46a', '092cb71f-ec66-41f2-a906-a0d35ccb52bc', 'f523aa23-d871-41ea-a0ff-469cf7a497be', NULL, 'raw', '1.058', 'lbs', '480', 'g'),
  ('d19dfaf9-4200-465e-9f07-d97195ec19c8', '092cb71f-ec66-41f2-a906-a0d35ccb52bc', '9ee3f545-3154-411b-9ff5-90ff32b1d834', NULL, 'raw', '24', 'fl_oz', '24', 'fl_oz'),
  ('f95a2492-5b5b-4c2b-9c0c-260313c5a6c3', '092cb71f-ec66-41f2-a906-a0d35ccb52bc', '9c4414c3-17e8-4a0a-bd6b-4130b812f39c', NULL, 'raw', '40', 'fl_oz', '40', 'fl_oz'),
  ('1170e11b-b37d-4eec-abce-34c30d7faec8', '09d5c570-0e63-49de-a8d3-e95914e899b5', 'ba2714ca-7177-42f8-9924-7b6cc0eb48c7', NULL, 'raw', '114', 'oz', '3231.843', 'g'),
  ('2915f206-7af8-415c-9dd0-522d97e39e37', '09d5c570-0e63-49de-a8d3-e95914e899b5', '9c4414c3-17e8-4a0a-bd6b-4130b812f39c', NULL, 'raw', '0.313', 'gal', '40', 'fl_oz'),
  ('39cb5325-4740-4ab5-8a00-701ffdde673e', '09d5c570-0e63-49de-a8d3-e95914e899b5', 'e8df72a7-58e6-4a19-b132-64427bf54d3b', NULL, 'raw', '0.176', 'lbs', '79.83219199999999', 'g'),
  ('48e08ebf-7ce6-4370-a599-922c81b4b3b8', '09d5c570-0e63-49de-a8d3-e95914e899b5', 'e33af60e-2bb5-41f1-8f51-b970f8637e67', NULL, 'raw', '24', 'oz', '680.3879999999999', 'g'),
  ('6c9a379c-7aae-43f7-a877-12501274d8b1', '09d5c570-0e63-49de-a8d3-e95914e899b5', '41972334-6408-46d5-b6eb-a2f9fb84666b', NULL, 'raw', '48', 'oz', '1360.7759999999998', 'g'),
  ('8efa780c-ca5e-4ade-87cf-e9de562a9088', '09d5c570-0e63-49de-a8d3-e95914e899b5', '91293b02-3d69-4d80-b4e5-95e9373af57b', NULL, 'raw', '4', 'gal', '512', 'fl_oz'),
  ('cbbd3c31-66ba-45b1-9696-10262b1476b3', '09d5c570-0e63-49de-a8d3-e95914e899b5', '61bcb565-c115-4b84-bd9d-b1b2a5120f6c', NULL, 'raw', '12', 'oz', '340.19399999999996', 'g'),
  ('d116d048-11de-43cc-a9d6-323b5515bf6c', '09d5c570-0e63-49de-a8d3-e95914e899b5', '09000896-9ecf-4806-a4fc-f9d81838d624', NULL, 'raw', '8', 'oz', '226.796', 'g'),
  ('d238b687-9bfa-43a8-a83b-ae58563e5e6b', '09d5c570-0e63-49de-a8d3-e95914e899b5', 'f523aa23-d871-41ea-a0ff-469cf7a497be', NULL, 'raw', '1.058', 'lbs', '480', 'g'),
  ('db3bbff7-709d-4580-84ef-789fb1f401f2', '09d5c570-0e63-49de-a8d3-e95914e899b5', '9ee3f545-3154-411b-9ff5-90ff32b1d834', NULL, 'raw', '0.188', 'gal', '24', 'fl_oz'),
  ('0f951a23-1625-46c9-9e76-d7727141bee5', '0f9b012b-adef-4e40-8b0a-197220adc0b6', '375c3f93-14d5-49cd-871c-7a370e9f34e1', NULL, 'raw', '5', 'lbs', '2267.96', 'g'),
  ('463caeff-3c4c-483a-a969-5a9aa728bba5', '0f9b012b-adef-4e40-8b0a-197220adc0b6', '43829a50-b181-4297-a362-ba25606b658c', NULL, 'raw', '10', 'lbs', '4535.92', 'g'),
  ('84f73d4e-fb02-4b09-bef6-9ff6e3d28442', '0f9b012b-adef-4e40-8b0a-197220adc0b6', '9bd04c02-821e-4dd0-b3d5-f9c3d5279362', NULL, 'raw', '64', 'oz', '1814.368', 'g'),
  ('c6fc3f8e-f5dd-4b2e-a955-40de2c913f29', '0f9b012b-adef-4e40-8b0a-197220adc0b6', '89d3ce2e-790b-4327-99be-47560c3aaf74', NULL, 'raw', '96', 'oz', '2721.5519999999997', 'g'),
  ('d4e2f64f-2aff-4c9c-93ef-3ce8a627a899', '0f9b012b-adef-4e40-8b0a-197220adc0b6', 'bdc995cc-559a-46ed-8c02-91085ad91a1c', NULL, 'raw', '10', 'lbs', '4535.92', 'g'),
  ('382fb2ca-0f1c-42d9-8b78-9d0eb7ab77a6', '156565d4-503f-4859-890a-6bd57c5b7036', '375c3f93-14d5-49cd-871c-7a370e9f34e1', NULL, 'raw', '8', 'oz', '226.796', 'g'),
  ('43f5a7fa-4d26-477b-9a15-fff709eb4b96', '156565d4-503f-4859-890a-6bd57c5b7036', 'e8df72a7-58e6-4a19-b132-64427bf54d3b', NULL, 'raw', '4', 'oz', '113.398', 'g'),
  ('4d756b21-e540-4928-aaa8-35dd71507b93', '156565d4-503f-4859-890a-6bd57c5b7036', 'bf54f8dd-43c1-4f21-bb4e-374963f7a301', NULL, 'raw', '8', 'oz', '226.796', 'g'),
  ('cf5d0b7c-7b5a-40e6-9dfb-29a31bb562c7', '156565d4-503f-4859-890a-6bd57c5b7036', 'f6af9c55-bf49-4bef-a0d2-ba9b69c544eb', NULL, 'raw', '16', 'fl_oz', '16', 'fl_oz'),
  ('e51437b5-8e05-4792-b720-f2af64b8d4d6', '156565d4-503f-4859-890a-6bd57c5b7036', '9e11bf29-221b-488e-92c2-2ba37d706068', NULL, 'raw', '4', 'oz', '113.398', 'g'),
  ('e8391b0f-7493-4c6f-b2f0-2b35fccb64ad', '156565d4-503f-4859-890a-6bd57c5b7036', 'e165d040-b694-4a89-95cd-7691e07a2433', NULL, 'raw', '400', 'g', '400', 'g'),
  ('f07626f6-bb23-4d2a-a9e4-6c680e1c44bf', '156565d4-503f-4859-890a-6bd57c5b7036', '5e181526-f99c-451c-812a-7c8b39f1ca20', NULL, 'raw', '20', 'lbs', '9071.84', 'g'),
  ('0cdb4e70-38d9-4ae8-bc90-33ff26d703ba', '15ca949c-b806-490a-8625-6153277bb165', 'eadfaf2c-b74f-437b-a6ac-89c73114426f', NULL, 'raw', '5', 'lbs', '2267.96', 'g'),
  ('166b62b5-2847-4df3-b7e2-d214314e0339', '15ca949c-b806-490a-8625-6153277bb165', '56260136-1283-4758-90de-97266d26ebbe', NULL, 'raw', '8.313', 'lbs', '3770.4835', 'g'),
  ('29d2573a-9347-42c6-9c54-0ddd93992672', '15ca949c-b806-490a-8625-6153277bb165', '6106cc35-b903-4105-918d-d6bbb09bc1c2', NULL, 'raw', '4', 'fl_oz', '4', 'fl_oz'),
  ('c252e25a-12cb-48d0-b056-e42b33b13db1', '15ca949c-b806-490a-8625-6153277bb165', '7833a31f-539b-4d72-bd19-e7038243e003', NULL, 'raw', '8', 'fl_oz', '8', 'fl_oz'),
  ('0c87a88e-b02c-4c65-93b6-6a793a6b8cfe', '2003b388-5f24-449f-94b1-0c70811eae64', '41972334-6408-46d5-b6eb-a2f9fb84666b', NULL, 'raw', '48', 'oz', '1360.7759999999998', 'g'),
  ('109398de-c547-48a7-b108-051f155e7e52', '2003b388-5f24-449f-94b1-0c70811eae64', '9bd04c02-821e-4dd0-b3d5-f9c3d5279362', NULL, 'raw', '16', 'oz', '453.592', 'g'),
  ('1bf02521-e232-442b-9175-f358bc7dec68', '2003b388-5f24-449f-94b1-0c70811eae64', '09000896-9ecf-4806-a4fc-f9d81838d624', NULL, 'raw', '10', 'lbs', '4535.92', 'g'),
  ('4f35b68a-5537-443f-a1e8-7934416ea953', '2003b388-5f24-449f-94b1-0c70811eae64', '89d3ce2e-790b-4327-99be-47560c3aaf74', NULL, 'raw', '32', 'oz', '907.184', 'g'),
  ('c745a4d7-7fb4-459c-b682-8881b5051fd5', '2003b388-5f24-449f-94b1-0c70811eae64', 'f523aa23-d871-41ea-a0ff-469cf7a497be', NULL, 'raw', '5', 'lbs', '2267.96', 'g'),
  ('ff04c3ef-67ee-4353-b37d-88b70c8ec346', '2003b388-5f24-449f-94b1-0c70811eae64', 'db453c34-02ac-42ee-8e24-95249fce32f5', NULL, 'raw', '112', 'oz', '3175.144', 'g'),
  ('04f7e190-4ecd-4caf-af33-7e5d802009f2', '228616dc-94ba-4135-92b6-4c8dcf9124ba', '6106cc35-b903-4105-918d-d6bbb09bc1c2', NULL, 'raw', '16', 'fl_oz', '16', 'fl_oz'),
  ('4fc8be73-70f4-4a47-b258-aa4d40ff2d2c', '228616dc-94ba-4135-92b6-4c8dcf9124ba', 'bed4279d-8c68-4d76-81c2-6a43b798f123', NULL, 'raw', '64', 'oz', '1814.368', 'g'),
  ('6470b2d6-5fa9-4d7d-9f0e-4297857f6d69', '228616dc-94ba-4135-92b6-4c8dcf9124ba', 'bf54f8dd-43c1-4f21-bb4e-374963f7a301', NULL, 'raw', '16', 'oz', '453.592', 'g'),
  ('9bcb1e06-04b4-4950-b593-74ac4e62965a', '228616dc-94ba-4135-92b6-4c8dcf9124ba', 'af950cb6-9a59-4fed-9e27-5fe1b46304e1', NULL, 'raw', '35', 'g', '35', 'g'),
  ('9e218516-92ac-4c65-9491-88a40673b240', '228616dc-94ba-4135-92b6-4c8dcf9124ba', '41972334-6408-46d5-b6eb-a2f9fb84666b', NULL, 'raw', '32', 'oz', '907.184', 'g'),
  ('c00460a2-0347-481b-98d2-ab7bddb3bc29', '228616dc-94ba-4135-92b6-4c8dcf9124ba', 'e8df72a7-58e6-4a19-b132-64427bf54d3b', NULL, 'raw', '4', 'oz', '113.398', 'g'),
  ('c7c299e0-e3e6-4de6-aa07-120302db16c8', '228616dc-94ba-4135-92b6-4c8dcf9124ba', 'e396fd04-b7ad-472c-b9d0-cf225e27ccb6', NULL, 'raw', '64', 'oz', '1814.368', 'g'),
  ('efd51fb5-2ff3-4ff9-bd80-d4fc985c92e8', '228616dc-94ba-4135-92b6-4c8dcf9124ba', '91293b02-3d69-4d80-b4e5-95e9373af57b', NULL, 'raw', '3', 'gal', '3', 'g'),
  ('f896e270-e869-49b3-8b74-64b315ece79f', '228616dc-94ba-4135-92b6-4c8dcf9124ba', '7833a31f-539b-4d72-bd19-e7038243e003', NULL, 'raw', '32', 'fl_oz', '32', 'fl_oz'),
  ('2714add4-9f63-4c18-8f3c-16c259e89ca0', '239fd7fe-3225-4570-82b6-8ce7237d3135', '09000896-9ecf-4806-a4fc-f9d81838d624', NULL, 'raw', '10', 'lbs', '4535.92', 'g'),
  ('4ae99277-f2f5-464f-b26a-51cba0994d68', '239fd7fe-3225-4570-82b6-8ce7237d3135', '9bd04c02-821e-4dd0-b3d5-f9c3d5279362', NULL, 'raw', '16', 'oz', '453.592', 'g'),
  ('5c0efa01-5c90-4404-9a56-a0ae9dd26ded', '239fd7fe-3225-4570-82b6-8ce7237d3135', 'db453c34-02ac-42ee-8e24-95249fce32f5', NULL, 'raw', '635', 'g', '635', 'g'),
  ('87a77ecb-3e21-469a-8b3a-ad98fa37dda0', '239fd7fe-3225-4570-82b6-8ce7237d3135', 'f523aa23-d871-41ea-a0ff-469cf7a497be', NULL, 'raw', '5', 'lbs', '2267.96', 'g'),
  ('b188877e-59e5-4650-9b7e-ddaab4cafb95', '239fd7fe-3225-4570-82b6-8ce7237d3135', '41972334-6408-46d5-b6eb-a2f9fb84666b', NULL, 'raw', '48', 'oz', '1360.7759999999998', 'g'),
  ('b3af8339-3b77-4750-967f-614926958de1', '239fd7fe-3225-4570-82b6-8ce7237d3135', '89d3ce2e-790b-4327-99be-47560c3aaf74', NULL, 'raw', '32', 'oz', '907.184', 'g'),
  ('00bde193-d12b-41b7-bc22-3089df2b8697', '27cddb31-9b6a-4712-a8bf-175f91c3e90d', '41972334-6408-46d5-b6eb-a2f9fb84666b', NULL, 'raw', '48', 'oz', '1360.7759999999998', 'g'),
  ('0246c715-8f73-4490-a770-f28b8af80801', '27cddb31-9b6a-4712-a8bf-175f91c3e90d', 'e8df72a7-58e6-4a19-b132-64427bf54d3b', NULL, 'raw', '0.176', 'lbs', '79.83219199999999', 'g'),
  ('042f8319-e966-4c78-8183-6494dd27ce34', '27cddb31-9b6a-4712-a8bf-175f91c3e90d', 'e33af60e-2bb5-41f1-8f51-b970f8637e67', NULL, 'raw', '24', 'oz', '680.3879999999999', 'g'),
  ('14d4c440-75c4-40e1-a98b-b73d0b5fc234', '27cddb31-9b6a-4712-a8bf-175f91c3e90d', '9ee3f545-3154-411b-9ff5-90ff32b1d834', NULL, 'raw', '24', 'fl_oz', '24', 'fl_oz'),
  ('3eefec93-4905-4b17-9a0c-0194afd6b6a4', '27cddb31-9b6a-4712-a8bf-175f91c3e90d', '09000896-9ecf-4806-a4fc-f9d81838d624', NULL, 'raw', '8', 'oz', '226.796', 'g'),
  ('8a1bee9a-3a48-43d0-8bf5-fe5d24c63ee3', '27cddb31-9b6a-4712-a8bf-175f91c3e90d', '9c4414c3-17e8-4a0a-bd6b-4130b812f39c', NULL, 'raw', '40', 'fl_oz', '40', 'fl_oz'),
  ('b31407fa-1a13-4491-8b78-4ef1f510a220', '27cddb31-9b6a-4712-a8bf-175f91c3e90d', 'ba2714ca-7177-42f8-9924-7b6cc0eb48c7', NULL, 'raw', '114', 'oz', '3231.843', 'g'),
  ('b9284a89-e77a-4b30-977e-435f82965351', '27cddb31-9b6a-4712-a8bf-175f91c3e90d', '61bcb565-c115-4b84-bd9d-b1b2a5120f6c', NULL, 'raw', '12', 'oz', '340.19399999999996', 'g'),
  ('c8915b97-cd6e-4ef5-9bcd-6df4570be273', '27cddb31-9b6a-4712-a8bf-175f91c3e90d', '91293b02-3d69-4d80-b4e5-95e9373af57b', NULL, 'raw', '4', 'gal', '512', 'fl_oz'),
  ('d5c01e6e-9806-4865-bc9f-bf28b2d1fd71', '27cddb31-9b6a-4712-a8bf-175f91c3e90d', 'f523aa23-d871-41ea-a0ff-469cf7a497be', NULL, 'raw', '1.058', 'lbs', '480', 'g'),
  ('4556e643-0523-4fb5-821e-cb0d6efdfbb9', '2f853ab3-10c8-4eca-b65c-366075855d05', '89d3ce2e-790b-4327-99be-47560c3aaf74', NULL, 'raw', '96', 'oz', '2721.5519999999997', 'g'),
  ('5c71755b-1875-4c65-98ce-6103034dc96f', '2f853ab3-10c8-4eca-b65c-366075855d05', '5a0f121e-a68e-440f-8a9c-d7a0d4ec08e2', NULL, 'raw', '7', 'lbs', '3175.144', 'g'),
  ('b406ce5c-275c-48b8-a865-ceb037db14f0', '2f853ab3-10c8-4eca-b65c-366075855d05', 'e525ce29-acd4-4a3d-81ff-f796ecaa1f3b', NULL, 'raw', '320', 'oz', '9071.84', 'g'),
  ('cf5b4070-0b6b-49be-8448-0e514804067e', '2f853ab3-10c8-4eca-b65c-366075855d05', '9bd04c02-821e-4dd0-b3d5-f9c3d5279362', NULL, 'raw', '32', 'oz', '907.184', 'g'),
  ('cfb017e8-afc7-43cd-9b88-f36be02a9935', '2f853ab3-10c8-4eca-b65c-366075855d05', '41972334-6408-46d5-b6eb-a2f9fb84666b', NULL, 'raw', '32', 'oz', '907.184', 'g'),
  ('d182b2e1-481d-4ebd-9f91-39818e853a84', '2f853ab3-10c8-4eca-b65c-366075855d05', '09000896-9ecf-4806-a4fc-f9d81838d624', NULL, 'raw', '10', 'lbs', '4535.92', 'g'),
  ('e7331e28-02ad-4796-96be-7404ae6ce5e7', '2f853ab3-10c8-4eca-b65c-366075855d05', 'db453c34-02ac-42ee-8e24-95249fce32f5', NULL, 'raw', '635', 'g', '635', 'g'),
  ('01500990-25b1-4f9d-9d98-82ec79f4d310', '34c637a8-9d76-4f5f-9ca6-582e6638a671', 'bf54f8dd-43c1-4f21-bb4e-374963f7a301', NULL, 'raw', '8', 'oz', '226.796', 'g'),
  ('1b7a8376-0c55-45d2-8ddc-ba0e380fe790', '34c637a8-9d76-4f5f-9ca6-582e6638a671', 'f6af9c55-bf49-4bef-a0d2-ba9b69c544eb', NULL, 'raw', '16', 'fl_oz', '16', 'fl_oz'),
  ('47e818e4-efde-4c52-8960-1807ce1bfa0e', '34c637a8-9d76-4f5f-9ca6-582e6638a671', 'e8df72a7-58e6-4a19-b132-64427bf54d3b', NULL, 'raw', '4', 'oz', '113.398', 'g'),
  ('4d560d64-6804-4df0-92aa-006989a7048f', '34c637a8-9d76-4f5f-9ca6-582e6638a671', 'e165d040-b694-4a89-95cd-7691e07a2433', NULL, 'raw', '400', 'g', '400', 'g'),
  ('6349843e-21c0-41a9-b63b-d1d49c53b8e4', '34c637a8-9d76-4f5f-9ca6-582e6638a671', '375c3f93-14d5-49cd-871c-7a370e9f34e1', NULL, 'raw', '8', 'oz', '226.796', 'g'),
  ('6a7c4790-a8d3-4e58-b37f-4fecc40b506d', '34c637a8-9d76-4f5f-9ca6-582e6638a671', '5e181526-f99c-451c-812a-7c8b39f1ca20', NULL, 'raw', '20', 'lbs', '9071.84', 'g'),
  ('7989fc69-2fd1-45ff-b1f3-ea2a05e71f1b', '34c637a8-9d76-4f5f-9ca6-582e6638a671', '9e11bf29-221b-488e-92c2-2ba37d706068', NULL, 'raw', '4', 'oz', '113.398', 'g'),
  ('05cae97e-8d97-4b4b-88a0-b99cde4f26c2', '37df27ad-602a-4391-9212-b0aac38570db', 'f523aa23-d871-41ea-a0ff-469cf7a497be', NULL, 'raw', '1.058', 'lbs', '480', 'g'),
  ('0d242549-01f2-4d3d-b09a-94054dacaefa', '37df27ad-602a-4391-9212-b0aac38570db', '9ee3f545-3154-411b-9ff5-90ff32b1d834', NULL, 'raw', '24', 'fl_oz', '24', 'fl_oz'),
  ('0dd5e3ab-5440-4735-97d1-e2b513539563', '37df27ad-602a-4391-9212-b0aac38570db', '09000896-9ecf-4806-a4fc-f9d81838d624', NULL, 'raw', '8', 'oz', '226.796', 'g'),
  ('0fb27b26-c05f-466f-a69c-4bc0c8b17678', '37df27ad-602a-4391-9212-b0aac38570db', '41972334-6408-46d5-b6eb-a2f9fb84666b', NULL, 'raw', '48', 'oz', '1360.7759999999998', 'g'),
  ('193ddcc6-76bb-4459-8908-6aec896787c9', '37df27ad-602a-4391-9212-b0aac38570db', '91293b02-3d69-4d80-b4e5-95e9373af57b', NULL, 'raw', '4', 'gal', '512', 'fl_oz'),
  ('4184aafc-5535-4317-acf3-7fb4a7189813', '37df27ad-602a-4391-9212-b0aac38570db', '9c4414c3-17e8-4a0a-bd6b-4130b812f39c', NULL, 'raw', '40', 'fl_oz', '40', 'fl_oz'),
  ('55b74315-d091-41ad-a0ac-b7749d6123e7', '37df27ad-602a-4391-9212-b0aac38570db', '61bcb565-c115-4b84-bd9d-b1b2a5120f6c', NULL, 'raw', '12', 'oz', '340.19399999999996', 'g'),
  ('975859ea-496d-469b-a1bb-8df4bd66957c', '37df27ad-602a-4391-9212-b0aac38570db', 'e8df72a7-58e6-4a19-b132-64427bf54d3b', NULL, 'raw', '0.176', 'lbs', '79.83219199999999', 'g'),
  ('9eed7c03-96c4-4cda-aeec-61480164ce86', '37df27ad-602a-4391-9212-b0aac38570db', 'ba2714ca-7177-42f8-9924-7b6cc0eb48c7', NULL, 'raw', '114', 'oz', '3231.843', 'g'),
  ('e4a8fa80-0244-4462-b33f-01bf73683cdc', '37df27ad-602a-4391-9212-b0aac38570db', 'e33af60e-2bb5-41f1-8f51-b970f8637e67', NULL, 'raw', '24', 'oz', '680.3879999999999', 'g'),
  ('00b9e6b6-b0a8-41dc-8210-eb0610e7f0b8', '38678f33-66bf-420c-a50d-82899120aa9b', '5a0f121e-a68e-440f-8a9c-d7a0d4ec08e2', NULL, 'raw', '7', 'lbs', '3175.144', 'g'),
  ('04f9e4f8-b210-40e8-a1af-cd2c825724c6', '38678f33-66bf-420c-a50d-82899120aa9b', 'e525ce29-acd4-4a3d-81ff-f796ecaa1f3b', NULL, 'raw', '320', 'oz', '9071.84', 'g'),
  ('1bbc738f-cec6-4e8d-9dcd-0df5b527fac0', '38678f33-66bf-420c-a50d-82899120aa9b', '41972334-6408-46d5-b6eb-a2f9fb84666b', NULL, 'raw', '32', 'oz', '907.184', 'g'),
  ('36f24d02-bd51-4704-b16e-3c7123840fb0', '38678f33-66bf-420c-a50d-82899120aa9b', 'db453c34-02ac-42ee-8e24-95249fce32f5', NULL, 'raw', '635', 'g', '635', 'g'),
  ('3d31b5d6-1e4b-4deb-9a83-b395d7ff911b', '38678f33-66bf-420c-a50d-82899120aa9b', '89d3ce2e-790b-4327-99be-47560c3aaf74', NULL, 'raw', '96', 'oz', '2721.5519999999997', 'g'),
  ('654cbabb-bd33-4a79-82d1-83c29be967c8', '38678f33-66bf-420c-a50d-82899120aa9b', '09000896-9ecf-4806-a4fc-f9d81838d624', NULL, 'raw', '10', 'lbs', '4535.92', 'g'),
  ('78dbb551-5b45-44c0-9f6f-853e5903fa3b', '38678f33-66bf-420c-a50d-82899120aa9b', '9bd04c02-821e-4dd0-b3d5-f9c3d5279362', NULL, 'raw', '32', 'oz', '907.184', 'g'),
  ('13a290eb-8a92-4df5-b531-f583a4863cd8', '3e8323fc-12c8-4873-9303-b17f3b5b64da', '89d3ce2e-790b-4327-99be-47560c3aaf74', NULL, 'raw', '96', 'oz', '2721.5519999999997', 'g'),
  ('4311811b-ed10-4f08-be24-40633e19b561', '3e8323fc-12c8-4873-9303-b17f3b5b64da', '9bd04c02-821e-4dd0-b3d5-f9c3d5279362', NULL, 'raw', '64', 'oz', '1814.368', 'g'),
  ('9321a5e4-a38f-45d8-9e49-7cf52c14da48', '3e8323fc-12c8-4873-9303-b17f3b5b64da', 'bdc995cc-559a-46ed-8c02-91085ad91a1c', NULL, 'raw', '10', 'lbs', '4535.92', 'g'),
  ('b9367e22-8c3a-4d6d-84c4-e95007595b6b', '3e8323fc-12c8-4873-9303-b17f3b5b64da', '43829a50-b181-4297-a362-ba25606b658c', NULL, 'raw', '10', 'lbs', '4535.92', 'g'),
  ('f10efcff-01d8-4de0-8716-89428c1bb833', '3e8323fc-12c8-4873-9303-b17f3b5b64da', '375c3f93-14d5-49cd-871c-7a370e9f34e1', NULL, 'raw', '5', 'lbs', '2267.96', 'g'),
  ('187d726d-ee71-4b2e-96c0-ee36c4e20155', '43223a80-1d18-4118-95c7-310bc52a8a86', '6106cc35-b903-4105-918d-d6bbb09bc1c2', NULL, 'raw', '4', 'fl_oz', '4', 'fl_oz'),
  ('292dcd4f-1039-4780-ad0d-7ade66c2bb76', '43223a80-1d18-4118-95c7-310bc52a8a86', '7833a31f-539b-4d72-bd19-e7038243e003', NULL, 'raw', '8', 'fl_oz', '8', 'fl_oz'),
  ('4e3d83d1-c952-4be7-8abf-5148f7d8f5cb', '43223a80-1d18-4118-95c7-310bc52a8a86', '56260136-1283-4758-90de-97266d26ebbe', NULL, 'raw', '8.313', 'lbs', '3770.4835', 'g'),
  ('746fafa9-08bc-4972-a71e-40c90cc31b8e', '43223a80-1d18-4118-95c7-310bc52a8a86', 'eadfaf2c-b74f-437b-a6ac-89c73114426f', NULL, 'raw', '5', 'lbs', '2267.96', 'g'),
  ('43cb3044-fd88-4757-9c8e-7cc8b5b4b1c8', '489dd9e1-93d8-4ef5-b0a1-2a77f80bad91', 'bdc995cc-559a-46ed-8c02-91085ad91a1c', NULL, 'raw', '10', 'lbs', '4535.92', 'g'),
  ('4b26fab7-00e2-48bb-a0aa-b40528d93cc9', '489dd9e1-93d8-4ef5-b0a1-2a77f80bad91', '9bd04c02-821e-4dd0-b3d5-f9c3d5279362', NULL, 'raw', '64', 'oz', '1814.368', 'g'),
  ('915d6ade-ab90-47a1-83fd-27de23b43a3c', '489dd9e1-93d8-4ef5-b0a1-2a77f80bad91', '375c3f93-14d5-49cd-871c-7a370e9f34e1', NULL, 'raw', '5', 'lbs', '2267.96', 'g'),
  ('b7fa8dbf-f189-4c46-9e50-ef0e5c905911', '489dd9e1-93d8-4ef5-b0a1-2a77f80bad91', '43829a50-b181-4297-a362-ba25606b658c', NULL, 'raw', '10', 'lbs', '4535.92', 'g'),
  ('f8402de1-66cf-4d35-a6cf-9b38d50995f1', '489dd9e1-93d8-4ef5-b0a1-2a77f80bad91', '89d3ce2e-790b-4327-99be-47560c3aaf74', NULL, 'raw', '96', 'oz', '2721.5519999999997', 'g'),
  ('06c4747e-b6db-4646-a57a-c2d579e92ec7', '4d722c62-8d55-48b8-a201-39fc5c2ae77c', '9bd04c02-821e-4dd0-b3d5-f9c3d5279362', NULL, 'raw', '32', 'oz', '907.184', 'g'),
  ('2907c454-d18b-4b23-935d-27e15ed76649', '4d722c62-8d55-48b8-a201-39fc5c2ae77c', '89d3ce2e-790b-4327-99be-47560c3aaf74', NULL, 'raw', '96', 'oz', '2721.5519999999997', 'g'),
  ('2a7d57c2-dcfe-4f13-b91e-f3533adf51c6', '4d722c62-8d55-48b8-a201-39fc5c2ae77c', '09000896-9ecf-4806-a4fc-f9d81838d624', NULL, 'raw', '10', 'lbs', '4535.92', 'g'),
  ('55f48531-5904-4a38-ad38-016349394913', '4d722c62-8d55-48b8-a201-39fc5c2ae77c', 'e525ce29-acd4-4a3d-81ff-f796ecaa1f3b', NULL, 'raw', '320', 'oz', '9071.84', 'g'),
  ('8979f32c-bce9-4061-b38e-5035c30aef31', '4d722c62-8d55-48b8-a201-39fc5c2ae77c', '41972334-6408-46d5-b6eb-a2f9fb84666b', NULL, 'raw', '32', 'oz', '907.184', 'g'),
  ('a5f83b5f-f26a-47cb-957e-a89a92c55a07', '4d722c62-8d55-48b8-a201-39fc5c2ae77c', '5a0f121e-a68e-440f-8a9c-d7a0d4ec08e2', NULL, 'raw', '7', 'lbs', '3175.144', 'g'),
  ('d5134542-c090-4a06-83f9-7130583029b7', '4d722c62-8d55-48b8-a201-39fc5c2ae77c', 'db453c34-02ac-42ee-8e24-95249fce32f5', NULL, 'raw', '635', 'g', '635', 'g'),
  ('0601eff5-a312-43ae-9add-a2ab21637329', '4fbd90cc-7e06-4eef-a462-82efd386bfef', '6106cc35-b903-4105-918d-d6bbb09bc1c2', NULL, 'raw', '16', 'fl_oz', '16', 'fl_oz'),
  ('094d18c7-0c96-4eb6-8038-62d09d3a0797', '4fbd90cc-7e06-4eef-a462-82efd386bfef', '2558f9c2-fc3b-48d1-ba7b-12d2832a4bc8', NULL, 'raw', '8', 'oz', '226.796', 'g'),
  ('15caa0f6-aa1a-4435-b0a1-d64d2035f551', '4fbd90cc-7e06-4eef-a462-82efd386bfef', 'dd1e1746-75b3-48f6-8fda-8e7632515453', NULL, 'raw', '26', 'lbs', '11793.392', 'g'),
  ('1ea7098a-b0b8-4dfa-b4ba-7d65ca6ba4d5', '4fbd90cc-7e06-4eef-a462-82efd386bfef', NULL, '38678f33-66bf-420c-a50d-82899120aa9b', 'prep', '2110', 'g', '2110', 'g'),
  ('24794453-90ed-4b34-9ff0-4efb6da82811', '4fbd90cc-7e06-4eef-a462-82efd386bfef', '35c97899-a13f-4167-9bb2-a1194f91a925', NULL, 'raw', '1', 'gal', '128', 'fl_oz'),
  ('2540e268-a37d-4a38-8eae-af13cf7eb16e', '4fbd90cc-7e06-4eef-a462-82efd386bfef', '86ea75bb-c53b-483e-8147-bfdb69b7c557', NULL, 'raw', '27', 'oz', '765.4365', 'g'),
  ('022c4616-0e60-4f33-88d0-04fad3db3e89', '500ef28d-3288-4fb8-accb-c3708d1491f9', 'bf54f8dd-43c1-4f21-bb4e-374963f7a301', NULL, 'raw', '8', 'oz', '226.796', 'g'),
  ('1025b114-76ba-4181-a481-3fc24651ed1c', '500ef28d-3288-4fb8-accb-c3708d1491f9', 'e8df72a7-58e6-4a19-b132-64427bf54d3b', NULL, 'raw', '4', 'oz', '113.398', 'g'),
  ('58a1d056-cb58-403c-bae6-d878e5659cbe', '500ef28d-3288-4fb8-accb-c3708d1491f9', '375c3f93-14d5-49cd-871c-7a370e9f34e1', NULL, 'raw', '8', 'oz', '226.796', 'g'),
  ('80135f7d-5d0d-44ff-9342-75ecfbe25532', '500ef28d-3288-4fb8-accb-c3708d1491f9', '9e11bf29-221b-488e-92c2-2ba37d706068', NULL, 'raw', '4', 'oz', '113.398', 'g'),
  ('82e055a4-a7fd-4a0a-9866-247e37a2d6c4', '500ef28d-3288-4fb8-accb-c3708d1491f9', '5e181526-f99c-451c-812a-7c8b39f1ca20', NULL, 'raw', '20', 'lbs', '9071.84', 'g'),
  ('214c2361-8841-43c4-9948-778dedff022f', '52253671-4bc0-4b1c-aa4b-483e20255969', '9bd04c02-821e-4dd0-b3d5-f9c3d5279362', NULL, 'raw', '32', 'oz', '907.184', 'g'),
  ('2d17816a-9cdf-43ff-8033-28deb539d788', '52253671-4bc0-4b1c-aa4b-483e20255969', '89d3ce2e-790b-4327-99be-47560c3aaf74', NULL, 'raw', '96', 'oz', '2721.5519999999997', 'g'),
  ('42b8e615-0637-4138-869a-59cefb56cf9c', '52253671-4bc0-4b1c-aa4b-483e20255969', 'e525ce29-acd4-4a3d-81ff-f796ecaa1f3b', NULL, 'raw', '320', 'oz', '9071.84', 'g'),
  ('4a71bf1a-50ad-472b-af9e-c8566a71c6ef', '52253671-4bc0-4b1c-aa4b-483e20255969', '09000896-9ecf-4806-a4fc-f9d81838d624', NULL, 'raw', '10', 'lbs', '4535.92', 'g'),
  ('586da868-87c0-48e6-ab05-b24338fb4152', '52253671-4bc0-4b1c-aa4b-483e20255969', '41972334-6408-46d5-b6eb-a2f9fb84666b', NULL, 'raw', '32', 'oz', '907.184', 'g'),
  ('a740fd10-448c-4a54-9b96-84e1f4d3c43d', '52253671-4bc0-4b1c-aa4b-483e20255969', 'db453c34-02ac-42ee-8e24-95249fce32f5', NULL, 'raw', '1', 'g', '1', 'g'),
  ('b9530c3f-3ff6-4513-9753-54c7938dc0cd', '52253671-4bc0-4b1c-aa4b-483e20255969', '5a0f121e-a68e-440f-8a9c-d7a0d4ec08e2', NULL, 'raw', '5', 'lbs', '2267.96', 'g'),
  ('16cb2b1f-d64c-451f-8a19-4a419b1b1234', '54aa4781-645f-4226-925d-09facfa72cd4', '6106cc35-b903-4105-918d-d6bbb09bc1c2', NULL, 'raw', '16', 'fl_oz', '16', 'fl_oz'),
  ('27e10a6f-2fe3-476e-a32f-2c142d2af45f', '54aa4781-645f-4226-925d-09facfa72cd4', 'e8df72a7-58e6-4a19-b132-64427bf54d3b', NULL, 'raw', '4', 'oz', '113.398', 'g'),
  ('591eb163-9c6f-439e-ba65-b97fbdea08dc', '54aa4781-645f-4226-925d-09facfa72cd4', '41972334-6408-46d5-b6eb-a2f9fb84666b', NULL, 'raw', '32', 'oz', '907.184', 'g'),
  ('7ef88f07-36f6-4355-a69e-53aadbc9b215', '54aa4781-645f-4226-925d-09facfa72cd4', 'af950cb6-9a59-4fed-9e27-5fe1b46304e1', NULL, 'raw', '35', 'g', '35', 'g'),
  ('8eabef52-8696-4615-8477-b52e2951fd8e', '54aa4781-645f-4226-925d-09facfa72cd4', '7833a31f-539b-4d72-bd19-e7038243e003', NULL, 'raw', '32', 'fl_oz', '32', 'fl_oz'),
  ('9ba17de2-2579-4ad9-a533-9d5b9717a675', '54aa4781-645f-4226-925d-09facfa72cd4', '91293b02-3d69-4d80-b4e5-95e9373af57b', NULL, 'raw', '3', 'gal', '3', 'g'),
  ('a8fadd94-9074-4282-9971-97e812d88cfa', '54aa4781-645f-4226-925d-09facfa72cd4', 'bf54f8dd-43c1-4f21-bb4e-374963f7a301', NULL, 'raw', '16', 'oz', '453.592', 'g'),
  ('b2ef0af0-fd8e-4305-8adb-8c82fdef2ba0', '54aa4781-645f-4226-925d-09facfa72cd4', 'e396fd04-b7ad-472c-b9d0-cf225e27ccb6', NULL, 'raw', '64', 'oz', '1814.368', 'g'),
  ('cb9991c4-6876-4526-a417-223eaace28a7', '54aa4781-645f-4226-925d-09facfa72cd4', 'bed4279d-8c68-4d76-81c2-6a43b798f123', NULL, 'raw', '64', 'oz', '1814.368', 'g'),
  ('05a0fa66-cf25-49f3-8875-3a4978a1d9b5', '5d6a0ea2-d4cd-4b3c-88ff-080a2eceb382', 'f523aa23-d871-41ea-a0ff-469cf7a497be', NULL, 'raw', '5', 'lbs', '2267.96', 'g'),
  ('31fa08f1-e68b-4f0e-bf7e-f1e372e6d07b', '5d6a0ea2-d4cd-4b3c-88ff-080a2eceb382', '9bd04c02-821e-4dd0-b3d5-f9c3d5279362', NULL, 'raw', '16', 'oz', '453.592', 'g'),
  ('4e95a1da-58cd-4cfd-a577-953cab07c57c', '5d6a0ea2-d4cd-4b3c-88ff-080a2eceb382', '41972334-6408-46d5-b6eb-a2f9fb84666b', NULL, 'raw', '48', 'oz', '1360.7759999999998', 'g'),
  ('7e063c12-23e6-4d9c-b95e-a890d0998ddf', '5d6a0ea2-d4cd-4b3c-88ff-080a2eceb382', 'db453c34-02ac-42ee-8e24-95249fce32f5', NULL, 'raw', '635', 'g', '635', 'g'),
  ('8e2d140d-a81e-4f76-a021-2c0340d49b16', '5d6a0ea2-d4cd-4b3c-88ff-080a2eceb382', '09000896-9ecf-4806-a4fc-f9d81838d624', NULL, 'raw', '10', 'lbs', '4535.92', 'g'),
  ('99e66a0c-d02b-43b1-a368-003ddcbd1489', '5d6a0ea2-d4cd-4b3c-88ff-080a2eceb382', '89d3ce2e-790b-4327-99be-47560c3aaf74', NULL, 'raw', '32', 'oz', '907.184', 'g'),
  ('34929ea3-f33d-4745-9867-655b3660944e', '609f31c7-aed9-420c-af1e-f512e781bba5', 'e33af60e-2bb5-41f1-8f51-b970f8637e67', NULL, 'raw', '24', 'oz', '680.3879999999999', 'g'),
  ('3b1af212-31b9-44e1-97cf-261c7ff0a4f7', '609f31c7-aed9-420c-af1e-f512e781bba5', '9ee3f545-3154-411b-9ff5-90ff32b1d834', NULL, 'raw', '0.188', 'gal', '24', 'fl_oz'),
  ('527275dd-037d-4656-823b-cef49213bd68', '609f31c7-aed9-420c-af1e-f512e781bba5', '61bcb565-c115-4b84-bd9d-b1b2a5120f6c', NULL, 'raw', '12', 'oz', '340.19399999999996', 'g'),
  ('6fbe9f0f-f3f5-4265-b0fe-191de224a4c6', '609f31c7-aed9-420c-af1e-f512e781bba5', 'ba2714ca-7177-42f8-9924-7b6cc0eb48c7', NULL, 'raw', '114', 'oz', '3231.843', 'g'),
  ('7b4bc690-f976-474c-95cb-6848295bf6cc', '609f31c7-aed9-420c-af1e-f512e781bba5', '91293b02-3d69-4d80-b4e5-95e9373af57b', NULL, 'raw', '4', 'gal', '512', 'fl_oz'),
  ('7f40b8e7-e055-48e9-b117-3b85c7c9910e', '609f31c7-aed9-420c-af1e-f512e781bba5', '9c4414c3-17e8-4a0a-bd6b-4130b812f39c', NULL, 'raw', '0.313', 'gal', '40', 'fl_oz'),
  ('8bc6fdad-b4de-4f82-9c65-87b6cffe31c4', '609f31c7-aed9-420c-af1e-f512e781bba5', 'e8df72a7-58e6-4a19-b132-64427bf54d3b', NULL, 'raw', '0.176', 'lbs', '79.83219199999999', 'g'),
  ('a4875a12-bf90-4c06-9dc1-b7cf9583896e', '609f31c7-aed9-420c-af1e-f512e781bba5', '41972334-6408-46d5-b6eb-a2f9fb84666b', NULL, 'raw', '48', 'oz', '1360.7759999999998', 'g'),
  ('b55ea2fa-a2a2-4761-b7cf-95ad8a39809a', '609f31c7-aed9-420c-af1e-f512e781bba5', '09000896-9ecf-4806-a4fc-f9d81838d624', NULL, 'raw', '8', 'oz', '226.796', 'g'),
  ('c2b01d17-c20e-4f77-9c72-f584c1c74564', '609f31c7-aed9-420c-af1e-f512e781bba5', 'f523aa23-d871-41ea-a0ff-469cf7a497be', NULL, 'raw', '1.058', 'lbs', '480', 'g'),
  ('0f0c6755-8dc3-4788-932b-bba1da573baf', '66d823bb-bad0-4f3e-9dd3-3ab378372cc4', 'f523aa23-d871-41ea-a0ff-469cf7a497be', NULL, 'raw', '1.058', 'lbs', '480', 'g'),
  ('101ec9ff-8a04-4af6-9188-f50923dbe52c', '66d823bb-bad0-4f3e-9dd3-3ab378372cc4', '9c4414c3-17e8-4a0a-bd6b-4130b812f39c', NULL, 'raw', '0.313', 'gal', '40', 'fl_oz'),
  ('180b8604-6f92-40a3-9998-d3e0c549eb7d', '66d823bb-bad0-4f3e-9dd3-3ab378372cc4', '41972334-6408-46d5-b6eb-a2f9fb84666b', NULL, 'raw', '48', 'oz', '1360.7759999999998', 'g'),
  ('1ba22c3f-8501-41fd-95e1-7dcded46876e', '66d823bb-bad0-4f3e-9dd3-3ab378372cc4', '61bcb565-c115-4b84-bd9d-b1b2a5120f6c', NULL, 'raw', '12', 'oz', '340.19399999999996', 'g'),
  ('20a9c7f4-9924-446f-b364-51306ff1b579', '66d823bb-bad0-4f3e-9dd3-3ab378372cc4', '91293b02-3d69-4d80-b4e5-95e9373af57b', NULL, 'raw', '4', 'gal', '512', 'fl_oz'),
  ('2ca0b6c7-e7a8-45d2-a7e9-8d765bc724ff', '66d823bb-bad0-4f3e-9dd3-3ab378372cc4', 'e33af60e-2bb5-41f1-8f51-b970f8637e67', NULL, 'raw', '24', 'oz', '680.3879999999999', 'g'),
  ('665fc165-f57e-4299-9844-c51781af0a81', '66d823bb-bad0-4f3e-9dd3-3ab378372cc4', '9ee3f545-3154-411b-9ff5-90ff32b1d834', NULL, 'raw', '0.188', 'gal', '24', 'fl_oz'),
  ('840860cc-95d6-435a-98f8-b2d3c442741f', '66d823bb-bad0-4f3e-9dd3-3ab378372cc4', 'e8df72a7-58e6-4a19-b132-64427bf54d3b', NULL, 'raw', '0.176', 'lbs', '79.83219199999999', 'g'),
  ('84c2260c-8fa5-4233-8e54-dce4459d936d', '66d823bb-bad0-4f3e-9dd3-3ab378372cc4', 'ba2714ca-7177-42f8-9924-7b6cc0eb48c7', NULL, 'raw', '114', 'oz', '3231.843', 'g'),
  ('9ef33489-8c05-4115-83f1-a945efc4f7f1', '66d823bb-bad0-4f3e-9dd3-3ab378372cc4', NULL, '5d6a0ea2-d4cd-4b3c-88ff-080a2eceb382', 'prep', '8', 'oz', '226.796', 'g'),
  ('1dd8ac00-3ba7-479d-9fc1-878cb847bc8a', '6f096aad-31d5-407d-b848-2bbbc7cb176d', 'ba2714ca-7177-42f8-9924-7b6cc0eb48c7', NULL, 'raw', '114', 'oz', '3231.843', 'g'),
  ('214a2cc6-61b9-4c09-8e97-22156771bdcd', '6f096aad-31d5-407d-b848-2bbbc7cb176d', '41972334-6408-46d5-b6eb-a2f9fb84666b', NULL, 'raw', '48', 'oz', '1360.7759999999998', 'g'),
  ('21c139de-251e-4831-9fde-6146e64a02ea', '6f096aad-31d5-407d-b848-2bbbc7cb176d', 'e33af60e-2bb5-41f1-8f51-b970f8637e67', NULL, 'raw', '24', 'oz', '680.3879999999999', 'g'),
  ('3de3b17f-ab8c-4801-bc0a-169c69f2caa1', '6f096aad-31d5-407d-b848-2bbbc7cb176d', '91293b02-3d69-4d80-b4e5-95e9373af57b', NULL, 'raw', '4', 'gal', '512', 'fl_oz'),
  ('4ffa2c90-adc7-429c-82d5-78ab74f2acbb', '6f096aad-31d5-407d-b848-2bbbc7cb176d', '61bcb565-c115-4b84-bd9d-b1b2a5120f6c', NULL, 'raw', '12', 'oz', '340.19399999999996', 'g'),
  ('75f6b494-fc12-4922-ac0c-ba3d11bf014f', '6f096aad-31d5-407d-b848-2bbbc7cb176d', '09000896-9ecf-4806-a4fc-f9d81838d624', NULL, 'raw', '8', 'oz', '226.796', 'g'),
  ('9d42cf1f-e4a8-492f-ab18-3c3ff30dc658', '6f096aad-31d5-407d-b848-2bbbc7cb176d', '9c4414c3-17e8-4a0a-bd6b-4130b812f39c', NULL, 'raw', '0.313', 'gal', '40', 'fl_oz'),
  ('f2f6ee26-0cc3-443a-9126-0e821da58687', '6f096aad-31d5-407d-b848-2bbbc7cb176d', 'e8df72a7-58e6-4a19-b132-64427bf54d3b', NULL, 'raw', '0.176', 'lbs', '79.83219199999999', 'g'),
  ('f381aa68-8211-4ad9-9b0a-199adbfb00eb', '6f096aad-31d5-407d-b848-2bbbc7cb176d', 'f523aa23-d871-41ea-a0ff-469cf7a497be', NULL, 'raw', '1.058', 'lbs', '480', 'g'),
  ('f3b733ad-963e-4288-86c3-aa0bb981134b', '6f096aad-31d5-407d-b848-2bbbc7cb176d', '9ee3f545-3154-411b-9ff5-90ff32b1d834', NULL, 'raw', '0.188', 'gal', '24', 'fl_oz'),
  ('0d416b49-2e42-4028-9e2f-0ebc6fd69cbe', '7a6ecbee-1fff-4c07-b581-f394dc2e91fa', '43829a50-b181-4297-a362-ba25606b658c', NULL, 'raw', '10', 'lbs', '4535.92', 'g'),
  ('25942ed3-764b-4a21-a4d2-27375bd504a2', '7a6ecbee-1fff-4c07-b581-f394dc2e91fa', 'bdc995cc-559a-46ed-8c02-91085ad91a1c', NULL, 'raw', '10', 'lbs', '4535.92', 'g'),
  ('30ea2df6-52b7-4a7f-8c08-569a8222b59d', '7a6ecbee-1fff-4c07-b581-f394dc2e91fa', '89d3ce2e-790b-4327-99be-47560c3aaf74', NULL, 'raw', '96', 'oz', '2721.5519999999997', 'g'),
  ('673225ee-b39c-4847-aa7b-1c08f439dff8', '7a6ecbee-1fff-4c07-b581-f394dc2e91fa', '9bd04c02-821e-4dd0-b3d5-f9c3d5279362', NULL, 'raw', '64', 'oz', '1814.368', 'g'),
  ('df25906d-9ea1-473d-80ba-868aab721445', '7a6ecbee-1fff-4c07-b581-f394dc2e91fa', '375c3f93-14d5-49cd-871c-7a370e9f34e1', NULL, 'raw', '5', 'lbs', '2267.96', 'g'),
  ('85cba70f-aff2-4e00-a220-84bbb6eac3a2', '7dd4e59a-8759-45e4-87a9-979ab5ced6b4', '7833a31f-539b-4d72-bd19-e7038243e003', NULL, 'raw', '8', 'fl_oz', '8', 'fl_oz'),
  ('b853afeb-87bb-488c-a954-8015e82dcb44', '7dd4e59a-8759-45e4-87a9-979ab5ced6b4', '56260136-1283-4758-90de-97266d26ebbe', NULL, 'raw', '8.313', 'lbs', '3770.4835', 'g'),
  ('bdfc2a03-535f-47d9-8f61-0521e3844c3c', '7dd4e59a-8759-45e4-87a9-979ab5ced6b4', 'eadfaf2c-b74f-437b-a6ac-89c73114426f', NULL, 'raw', '5', 'lbs', '2267.96', 'g'),
  ('cdbec7e4-c821-4409-aafe-d336de8a9f3e', '7dd4e59a-8759-45e4-87a9-979ab5ced6b4', '6106cc35-b903-4105-918d-d6bbb09bc1c2', NULL, 'raw', '4', 'fl_oz', '4', 'fl_oz'),
  ('0464bf1c-06e9-47c9-bacf-81c2cb3e4fa1', '8782cf2d-6bfc-4639-b95d-54ff0f8c3ef1', 'e8df72a7-58e6-4a19-b132-64427bf54d3b', NULL, 'raw', '4', 'oz', '113.398', 'g'),
  ('08a8c01f-afe0-4ca6-be5f-e645d63b0503', '8782cf2d-6bfc-4639-b95d-54ff0f8c3ef1', '41972334-6408-46d5-b6eb-a2f9fb84666b', NULL, 'raw', '16', 'oz', '453.592', 'g'),
  ('0c445a0f-0f77-426f-b3d5-86cffd6270e3', '8782cf2d-6bfc-4639-b95d-54ff0f8c3ef1', 'bed4279d-8c68-4d76-81c2-6a43b798f123', NULL, 'raw', '64', 'oz', '1814.368', 'g'),
  ('1ad1aadd-1d6f-4ea0-b75a-7035cef56eb8', '8782cf2d-6bfc-4639-b95d-54ff0f8c3ef1', 'e396fd04-b7ad-472c-b9d0-cf225e27ccb6', NULL, 'raw', '128', 'oz', '3628.736', 'g'),
  ('2fe467e0-4f6a-4b4c-9334-14f9e72f748e', '8782cf2d-6bfc-4639-b95d-54ff0f8c3ef1', 'bf54f8dd-43c1-4f21-bb4e-374963f7a301', NULL, 'raw', '8', 'oz', '226.796', 'g'),
  ('53c4b87c-4f5d-4cde-a2cb-4d6eb2184bdb', '8782cf2d-6bfc-4639-b95d-54ff0f8c3ef1', '7833a31f-539b-4d72-bd19-e7038243e003', NULL, 'raw', '32', 'fl_oz', '32', 'fl_oz'),
  ('53ed6c63-8a2b-42f0-a446-07e57db73ad8', '8782cf2d-6bfc-4639-b95d-54ff0f8c3ef1', 'af950cb6-9a59-4fed-9e27-5fe1b46304e1', NULL, 'raw', '35', 'g', '35', 'g'),
  ('5bf8a010-5043-4eb4-bfc9-3ba4bcca94ff', '8782cf2d-6bfc-4639-b95d-54ff0f8c3ef1', '91293b02-3d69-4d80-b4e5-95e9373af57b', NULL, 'raw', '3', 'gal', '3', 'g'),
  ('78512d54-c9de-4228-835b-ba641d45894e', '8782cf2d-6bfc-4639-b95d-54ff0f8c3ef1', '6106cc35-b903-4105-918d-d6bbb09bc1c2', NULL, 'raw', '16', 'fl_oz', '16', 'fl_oz'),
  ('06bcee4d-f057-41df-8f5f-81357e9b3fc0', '8b875d4b-97c0-4a39-9d0b-b979b3ea11fd', 'e8df72a7-58e6-4a19-b132-64427bf54d3b', NULL, 'raw', '0.176', 'lbs', '79.83219199999999', 'g'),
  ('21299083-47c6-4b34-9033-62ca607f479e', '8b875d4b-97c0-4a39-9d0b-b979b3ea11fd', '9c4414c3-17e8-4a0a-bd6b-4130b812f39c', NULL, 'raw', '0.313', 'gal', '40', 'fl_oz'),
  ('4254e45e-667e-4913-bf81-1699d4a64a1e', '8b875d4b-97c0-4a39-9d0b-b979b3ea11fd', '9ee3f545-3154-411b-9ff5-90ff32b1d834', NULL, 'raw', '0.188', 'gal', '24', 'fl_oz'),
  ('4306c066-0017-45e9-8c85-abdfa1abafa1', '8b875d4b-97c0-4a39-9d0b-b979b3ea11fd', '91293b02-3d69-4d80-b4e5-95e9373af57b', NULL, 'raw', '4', 'gal', '512', 'fl_oz'),
  ('61bfa7ad-79e9-4857-baf5-305706dbbe6b', '8b875d4b-97c0-4a39-9d0b-b979b3ea11fd', '61bcb565-c115-4b84-bd9d-b1b2a5120f6c', NULL, 'raw', '12', 'oz', '340.19399999999996', 'g'),
  ('685a2ae5-ba10-4500-9bbc-836ec28ab894', '8b875d4b-97c0-4a39-9d0b-b979b3ea11fd', '41972334-6408-46d5-b6eb-a2f9fb84666b', NULL, 'raw', '48', 'oz', '1360.7759999999998', 'g'),
  ('72e69cf5-9450-41b3-ab66-72aaf29ba462', '8b875d4b-97c0-4a39-9d0b-b979b3ea11fd', 'e33af60e-2bb5-41f1-8f51-b970f8637e67', NULL, 'raw', '24', 'oz', '680.3879999999999', 'g'),
  ('ced38256-2a97-47b5-b752-836cab0fc43e', '8b875d4b-97c0-4a39-9d0b-b979b3ea11fd', 'f523aa23-d871-41ea-a0ff-469cf7a497be', NULL, 'raw', '1.058', 'lbs', '480', 'g'),
  ('d36c16d9-cd5c-4d76-a13d-5aff2fa8a489', '8b875d4b-97c0-4a39-9d0b-b979b3ea11fd', 'ba2714ca-7177-42f8-9924-7b6cc0eb48c7', NULL, 'raw', '114', 'oz', '3231.843', 'g'),
  ('d98804bd-7c70-4552-bc26-e9fe652f244f', '8b875d4b-97c0-4a39-9d0b-b979b3ea11fd', '09000896-9ecf-4806-a4fc-f9d81838d624', NULL, 'raw', '8', 'oz', '226.796', 'g'),
  ('1e422e65-39ba-4796-bcea-b912a35bd43d', '8eedb8fa-e3a2-49f0-a53e-3b01c0b2d7a6', '89d3ce2e-790b-4327-99be-47560c3aaf74', NULL, 'raw', '32', 'oz', '907.184', 'g'),
  ('24898b00-cd26-46e4-93c6-139660fbf900', '8eedb8fa-e3a2-49f0-a53e-3b01c0b2d7a6', '09000896-9ecf-4806-a4fc-f9d81838d624', NULL, 'raw', '10', 'lbs', '4535.92', 'g'),
  ('b23d3ede-c1f9-4844-9900-abc944e4dd73', '8eedb8fa-e3a2-49f0-a53e-3b01c0b2d7a6', 'db453c34-02ac-42ee-8e24-95249fce32f5', NULL, 'raw', '635', 'g', '635', 'g'),
  ('b612cbac-062a-47ef-88b4-f46ab6fd4d1d', '8eedb8fa-e3a2-49f0-a53e-3b01c0b2d7a6', '41972334-6408-46d5-b6eb-a2f9fb84666b', NULL, 'raw', '48', 'oz', '1360.7759999999998', 'g'),
  ('c9b0ea2f-6043-4dbc-8452-8c2c71d0d8ad', '8eedb8fa-e3a2-49f0-a53e-3b01c0b2d7a6', '9bd04c02-821e-4dd0-b3d5-f9c3d5279362', NULL, 'raw', '16', 'oz', '453.592', 'g'),
  ('f23e527a-46a9-4e01-9881-a791f1d5674a', '8eedb8fa-e3a2-49f0-a53e-3b01c0b2d7a6', 'f523aa23-d871-41ea-a0ff-469cf7a497be', NULL, 'raw', '5', 'lbs', '2267.96', 'g'),
  ('0075f9f9-d435-4734-9833-65f67f71d7cb', '920386ab-ec98-4b43-b41e-0775bd29a3b8', 'f523aa23-d871-41ea-a0ff-469cf7a497be', NULL, 'raw', '1.058', 'lbs', '480', 'g'),
  ('0e72b24d-55b9-460f-b39c-894efafcc166', '920386ab-ec98-4b43-b41e-0775bd29a3b8', '09000896-9ecf-4806-a4fc-f9d81838d624', NULL, 'raw', '8', 'oz', '226.796', 'g'),
  ('0ea6e0a7-bc3d-4e96-a1d5-bbde64a206ce', '920386ab-ec98-4b43-b41e-0775bd29a3b8', 'e8df72a7-58e6-4a19-b132-64427bf54d3b', NULL, 'raw', '0.176', 'lbs', '79.83219199999999', 'g'),
  ('274cbb3d-fc18-4fa0-9971-9ddc2271b9d1', '920386ab-ec98-4b43-b41e-0775bd29a3b8', '41972334-6408-46d5-b6eb-a2f9fb84666b', NULL, 'raw', '48', 'oz', '1360.7759999999998', 'g'),
  ('5a9f7ef7-3805-473a-a5c5-0d1bee1c7f7c', '920386ab-ec98-4b43-b41e-0775bd29a3b8', 'ba2714ca-7177-42f8-9924-7b6cc0eb48c7', NULL, 'raw', '114', 'oz', '3231.843', 'g'),
  ('956f346c-0ed2-4c2d-9531-8fd86cf0ad92', '920386ab-ec98-4b43-b41e-0775bd29a3b8', '91293b02-3d69-4d80-b4e5-95e9373af57b', NULL, 'raw', '4', 'gal', '512', 'fl_oz'),
  ('9a6cdac5-b1a5-41ac-8821-01f347600b0f', '920386ab-ec98-4b43-b41e-0775bd29a3b8', '61bcb565-c115-4b84-bd9d-b1b2a5120f6c', NULL, 'raw', '12', 'oz', '340.19399999999996', 'g'),
  ('a3148178-295a-460d-957f-7dab134b38ec', '920386ab-ec98-4b43-b41e-0775bd29a3b8', '9c4414c3-17e8-4a0a-bd6b-4130b812f39c', NULL, 'raw', '0.313', 'gal', '40', 'fl_oz'),
  ('aaa9c77b-b7b3-4c39-a699-404df4320bd8', '920386ab-ec98-4b43-b41e-0775bd29a3b8', 'e33af60e-2bb5-41f1-8f51-b970f8637e67', NULL, 'raw', '24', 'oz', '680.3879999999999', 'g'),
  ('f8f10315-827c-43e4-9643-ad7bd47c301d', '920386ab-ec98-4b43-b41e-0775bd29a3b8', '9ee3f545-3154-411b-9ff5-90ff32b1d834', NULL, 'raw', '0.188', 'gal', '24', 'fl_oz'),
  ('3cd5895a-827d-439f-bb3d-ac926e85e1b2', '968c7be2-1c57-436b-9542-097929cbfcf9', '89d3ce2e-790b-4327-99be-47560c3aaf74', NULL, 'raw', '96', 'oz', '2721.5519999999997', 'g'),
  ('6cf624e6-9a7c-4df3-8367-e73a3be53fb2', '968c7be2-1c57-436b-9542-097929cbfcf9', '5a0f121e-a68e-440f-8a9c-d7a0d4ec08e2', NULL, 'raw', '5', 'lbs', '2267.96', 'g'),
  ('84d45569-0213-4f26-a19b-e9530a69de36', '968c7be2-1c57-436b-9542-097929cbfcf9', 'e525ce29-acd4-4a3d-81ff-f796ecaa1f3b', NULL, 'raw', '320', 'oz', '9071.84', 'g'),
  ('9a1624cb-36e4-4c37-9882-d5b24a074428', '968c7be2-1c57-436b-9542-097929cbfcf9', '41972334-6408-46d5-b6eb-a2f9fb84666b', NULL, 'raw', '32', 'oz', '907.184', 'g'),
  ('9e33ce13-5559-4a42-a243-5b09ad2f5676', '968c7be2-1c57-436b-9542-097929cbfcf9', '9bd04c02-821e-4dd0-b3d5-f9c3d5279362', NULL, 'raw', '32', 'oz', '907.184', 'g'),
  ('b3db7779-da5b-4b09-bade-97dd8ab2c048', '968c7be2-1c57-436b-9542-097929cbfcf9', '09000896-9ecf-4806-a4fc-f9d81838d624', NULL, 'raw', '10', 'lbs', '4535.92', 'g'),
  ('fd79df60-7366-44e5-adb2-a1f9ada57993', '968c7be2-1c57-436b-9542-097929cbfcf9', 'db453c34-02ac-42ee-8e24-95249fce32f5', NULL, 'raw', '1', 'g', '1', 'g'),
  ('1577836f-8ad2-4042-b67c-809eb333bb63', '9e8d9d27-cc5f-45eb-8e96-1ec2a2ee0b9e', '9bd04c02-821e-4dd0-b3d5-f9c3d5279362', NULL, 'raw', '16', 'oz', '453.592', 'g'),
  ('2f499b39-88c9-45ed-a735-1bd2732dcfa1', '9e8d9d27-cc5f-45eb-8e96-1ec2a2ee0b9e', '41972334-6408-46d5-b6eb-a2f9fb84666b', NULL, 'raw', '48', 'oz', '1360.7759999999998', 'g'),
  ('5a4d6756-d186-4e1f-98aa-1f67bcb8bc39', '9e8d9d27-cc5f-45eb-8e96-1ec2a2ee0b9e', '09000896-9ecf-4806-a4fc-f9d81838d624', NULL, 'raw', '10', 'lbs', '4535.92', 'g'),
  ('77d3e4b6-db0c-410a-a5df-9664ddd5f8a8', '9e8d9d27-cc5f-45eb-8e96-1ec2a2ee0b9e', '89d3ce2e-790b-4327-99be-47560c3aaf74', NULL, 'raw', '32', 'oz', '907.184', 'g'),
  ('87d22ec2-ead0-4bcc-ae2b-8557c20704ea', '9e8d9d27-cc5f-45eb-8e96-1ec2a2ee0b9e', 'f523aa23-d871-41ea-a0ff-469cf7a497be', NULL, 'raw', '5', 'lbs', '2267.96', 'g'),
  ('cbd99fbf-89af-425e-a00b-589282ffd817', '9e8d9d27-cc5f-45eb-8e96-1ec2a2ee0b9e', 'db453c34-02ac-42ee-8e24-95249fce32f5', NULL, 'raw', '635', 'g', '635', 'g'),
  ('447c4a25-3584-4e6e-b18c-c01fae86fb62', 'a3d56b0a-cebf-4008-8151-7dc39b458422', '5e181526-f99c-451c-812a-7c8b39f1ca20', NULL, 'raw', '20', 'lbs', '9071.84', 'g'),
  ('60a246d2-156b-44a3-b57e-71ee6e080a0b', 'a3d56b0a-cebf-4008-8151-7dc39b458422', '375c3f93-14d5-49cd-871c-7a370e9f34e1', NULL, 'raw', '8', 'oz', '226.796', 'g'),
  ('8856da9d-03fc-48b8-944f-efd6891a2f19', 'a3d56b0a-cebf-4008-8151-7dc39b458422', 'bf54f8dd-43c1-4f21-bb4e-374963f7a301', NULL, 'raw', '8', 'oz', '226.796', 'g'),
  ('ab81ef60-c2c4-40d2-acd7-b5a17680c7bd', 'a3d56b0a-cebf-4008-8151-7dc39b458422', 'f6af9c55-bf49-4bef-a0d2-ba9b69c544eb', NULL, 'raw', '16', 'fl_oz', '16', 'fl_oz'),
  ('b6cf4222-d1f7-4f03-bcbb-85a351e93ec8', 'a3d56b0a-cebf-4008-8151-7dc39b458422', '9e11bf29-221b-488e-92c2-2ba37d706068', NULL, 'raw', '4', 'oz', '113.398', 'g'),
  ('dc154c88-c567-4c2f-8257-f95afb59eeab', 'a3d56b0a-cebf-4008-8151-7dc39b458422', 'e165d040-b694-4a89-95cd-7691e07a2433', NULL, 'raw', '400', 'g', '400', 'g'),
  ('f21e4735-5c64-423c-8ea5-c19200ea7180', 'a3d56b0a-cebf-4008-8151-7dc39b458422', 'e8df72a7-58e6-4a19-b132-64427bf54d3b', NULL, 'raw', '4', 'oz', '113.398', 'g'),
  ('06f95c8c-5a9a-419d-9167-b9ecaac4b804', 'a5bbe575-5d8f-4863-a5c9-5b9c6748e336', 'f523aa23-d871-41ea-a0ff-469cf7a497be', NULL, 'raw', '5', 'lbs', '2267.96', 'g'),
  ('18e4a467-14d8-4b8b-ad00-e5c98b64fab4', 'a5bbe575-5d8f-4863-a5c9-5b9c6748e336', 'db453c34-02ac-42ee-8e24-95249fce32f5', NULL, 'raw', '112', 'oz', '3175.144', 'g'),
  ('1b4b818f-c891-407c-b795-6e6f8772da2e', 'a5bbe575-5d8f-4863-a5c9-5b9c6748e336', '9bd04c02-821e-4dd0-b3d5-f9c3d5279362', NULL, 'raw', '16', 'oz', '453.592', 'g'),
  ('d2ec64b2-2db5-48d4-9439-b69846c9dee4', 'a5bbe575-5d8f-4863-a5c9-5b9c6748e336', '89d3ce2e-790b-4327-99be-47560c3aaf74', NULL, 'raw', '32', 'oz', '907.184', 'g'),
  ('d8baade4-f4bf-49ce-8900-a5bc219e1936', 'a5bbe575-5d8f-4863-a5c9-5b9c6748e336', '41972334-6408-46d5-b6eb-a2f9fb84666b', NULL, 'raw', '48', 'oz', '1360.7759999999998', 'g'),
  ('d9a152a0-34ef-42c8-87ae-294754282558', 'a5bbe575-5d8f-4863-a5c9-5b9c6748e336', '09000896-9ecf-4806-a4fc-f9d81838d624', NULL, 'raw', '10', 'lbs', '4535.92', 'g'),
  ('0228ad37-f3b0-49a1-97bf-54e4a6d7315c', 'a9b72f44-227d-4ebc-93ba-96bd4e9aa15e', 'e8df72a7-58e6-4a19-b132-64427bf54d3b', NULL, 'raw', '0.176', 'lbs', '79.83219199999999', 'g'),
  ('39187fa4-79d1-4134-9aaa-e16f7e8c7dea', 'a9b72f44-227d-4ebc-93ba-96bd4e9aa15e', '91293b02-3d69-4d80-b4e5-95e9373af57b', NULL, 'raw', '4', 'gal', '512', 'fl_oz'),
  ('5e5b5953-1ecd-41ab-b649-7afa8a5224fe', 'a9b72f44-227d-4ebc-93ba-96bd4e9aa15e', '41972334-6408-46d5-b6eb-a2f9fb84666b', NULL, 'raw', '48', 'oz', '1360.7759999999998', 'g'),
  ('7d5d9095-3883-4c55-a1c5-cc981ea580a0', 'a9b72f44-227d-4ebc-93ba-96bd4e9aa15e', 'e33af60e-2bb5-41f1-8f51-b970f8637e67', NULL, 'raw', '24', 'oz', '680.3879999999999', 'g'),
  ('962b871e-1bd2-405e-83c6-33f194f76e83', 'a9b72f44-227d-4ebc-93ba-96bd4e9aa15e', '9ee3f545-3154-411b-9ff5-90ff32b1d834', NULL, 'raw', '0.188', 'gal', '24', 'fl_oz'),
  ('c59c422a-0d03-48a9-81e4-b332d95dd943', 'a9b72f44-227d-4ebc-93ba-96bd4e9aa15e', '61bcb565-c115-4b84-bd9d-b1b2a5120f6c', NULL, 'raw', '12', 'oz', '340.19399999999996', 'g'),
  ('d1c79ce6-8512-49c5-837d-417813f2e888', 'a9b72f44-227d-4ebc-93ba-96bd4e9aa15e', 'f523aa23-d871-41ea-a0ff-469cf7a497be', NULL, 'raw', '1.058', 'lbs', '480', 'g'),
  ('d4ad1f2b-e77b-4def-abff-5f2affdf4635', 'a9b72f44-227d-4ebc-93ba-96bd4e9aa15e', '09000896-9ecf-4806-a4fc-f9d81838d624', NULL, 'raw', '8', 'oz', '226.796', 'g'),
  ('e82af1b1-463c-495f-9d4f-35a8389c1078', 'a9b72f44-227d-4ebc-93ba-96bd4e9aa15e', '9c4414c3-17e8-4a0a-bd6b-4130b812f39c', NULL, 'raw', '0.313', 'gal', '40', 'fl_oz'),
  ('f63fa87b-3742-4417-a673-878cd44b1857', 'a9b72f44-227d-4ebc-93ba-96bd4e9aa15e', 'ba2714ca-7177-42f8-9924-7b6cc0eb48c7', NULL, 'raw', '114', 'oz', '3231.843', 'g'),
  ('24d34616-68a9-4f8f-ab3c-9e80f833d388', 'ada5d8ce-517d-4415-a5b3-0aa8ce6ab723', 'e396fd04-b7ad-472c-b9d0-cf225e27ccb6', NULL, 'raw', '64', 'oz', '1814.368', 'g'),
  ('2ae224ff-a802-4769-b71b-a511e62c168c', 'ada5d8ce-517d-4415-a5b3-0aa8ce6ab723', 'bed4279d-8c68-4d76-81c2-6a43b798f123', NULL, 'raw', '64', 'oz', '1814.368', 'g'),
  ('33f2a1f0-02cd-4844-98c2-6545bd1a7409', 'ada5d8ce-517d-4415-a5b3-0aa8ce6ab723', 'e8df72a7-58e6-4a19-b132-64427bf54d3b', NULL, 'raw', '4', 'oz', '113.398', 'g'),
  ('51deec81-85b6-4ceb-b8ee-a333cc8ff311', 'ada5d8ce-517d-4415-a5b3-0aa8ce6ab723', '91293b02-3d69-4d80-b4e5-95e9373af57b', NULL, 'raw', '3', 'gal', '3', 'g'),
  ('52e35b8e-164a-4459-8791-0d89b0a49e92', 'ada5d8ce-517d-4415-a5b3-0aa8ce6ab723', '41972334-6408-46d5-b6eb-a2f9fb84666b', NULL, 'raw', '32', 'oz', '907.184', 'g'),
  ('6fdec0f9-657b-4986-98d7-340c87980c00', 'ada5d8ce-517d-4415-a5b3-0aa8ce6ab723', 'bf54f8dd-43c1-4f21-bb4e-374963f7a301', NULL, 'raw', '16', 'oz', '453.592', 'g'),
  ('ac71d2d8-b286-4c44-9fb8-71c7ecdb01a9', 'ada5d8ce-517d-4415-a5b3-0aa8ce6ab723', '6106cc35-b903-4105-918d-d6bbb09bc1c2', NULL, 'raw', '16', 'fl_oz', '16', 'fl_oz'),
  ('cd6ddaf5-e4b2-4cf6-88d4-2e523fe59410', 'ada5d8ce-517d-4415-a5b3-0aa8ce6ab723', '7833a31f-539b-4d72-bd19-e7038243e003', NULL, 'raw', '32', 'fl_oz', '32', 'fl_oz'),
  ('ebfa3f77-a17b-400f-b4d6-caac495f11c3', 'ada5d8ce-517d-4415-a5b3-0aa8ce6ab723', 'af950cb6-9a59-4fed-9e27-5fe1b46304e1', NULL, 'raw', '35', 'g', '35', 'g'),
  ('18f0830e-fdd9-4d3c-8651-701a333d24c0', 'adf1bc4d-efd6-4438-a9e1-8232cbf73e6e', 'f523aa23-d871-41ea-a0ff-469cf7a497be', NULL, 'raw', '5', 'lbs', '2267.96', 'g'),
  ('73114e25-dc03-4534-b523-2bba1ea0c874', 'adf1bc4d-efd6-4438-a9e1-8232cbf73e6e', '9bd04c02-821e-4dd0-b3d5-f9c3d5279362', NULL, 'raw', '16', 'oz', '453.592', 'g'),
  ('a2ae43ea-275d-4f2e-8ab5-8e86574bdbd2', 'adf1bc4d-efd6-4438-a9e1-8232cbf73e6e', 'db453c34-02ac-42ee-8e24-95249fce32f5', NULL, 'raw', '635', 'g', '635', 'g'),
  ('e5308a3e-4d10-492c-b815-ad62f5c3d85a', 'adf1bc4d-efd6-4438-a9e1-8232cbf73e6e', '41972334-6408-46d5-b6eb-a2f9fb84666b', NULL, 'raw', '48', 'oz', '1360.7759999999998', 'g'),
  ('ee327db3-8b2a-436f-81ed-fd73e5533c4d', 'adf1bc4d-efd6-4438-a9e1-8232cbf73e6e', '89d3ce2e-790b-4327-99be-47560c3aaf74', NULL, 'raw', '32', 'oz', '907.184', 'g'),
  ('fc0b1ad9-ca88-40bc-9fce-8a91156fe315', 'adf1bc4d-efd6-4438-a9e1-8232cbf73e6e', '09000896-9ecf-4806-a4fc-f9d81838d624', NULL, 'raw', '10', 'lbs', '4535.92', 'g'),
  ('0825e60e-f9d7-40b0-a650-51350b3b02aa', 'b1fb2af9-5943-46c3-8a34-ae2fdbbf8353', 'ba2714ca-7177-42f8-9924-7b6cc0eb48c7', NULL, 'raw', '114', 'oz', '3231.843', 'g'),
  ('13a30792-aecb-40a8-bd43-3ce874d00396', 'b1fb2af9-5943-46c3-8a34-ae2fdbbf8353', '9c4414c3-17e8-4a0a-bd6b-4130b812f39c', NULL, 'raw', '40', 'fl_oz', '40', 'fl_oz'),
  ('3eaa5ef2-bebc-4ad5-9dfc-c9fb5dd4fd4a', 'b1fb2af9-5943-46c3-8a34-ae2fdbbf8353', '91293b02-3d69-4d80-b4e5-95e9373af57b', NULL, 'raw', '4', 'gal', '512', 'fl_oz'),
  ('4ca07f78-e4e6-4b98-a7d2-7a3633410b5f', 'b1fb2af9-5943-46c3-8a34-ae2fdbbf8353', 'e8df72a7-58e6-4a19-b132-64427bf54d3b', NULL, 'raw', '0.176', 'lbs', '79.83219199999999', 'g'),
  ('5062c3fb-92b4-42e7-b5c5-b0e0431e90e1', 'b1fb2af9-5943-46c3-8a34-ae2fdbbf8353', '41972334-6408-46d5-b6eb-a2f9fb84666b', NULL, 'raw', '48', 'oz', '1360.7759999999998', 'g'),
  ('521b8736-aa0d-4ffc-879a-0b60bc480160', 'b1fb2af9-5943-46c3-8a34-ae2fdbbf8353', 'e33af60e-2bb5-41f1-8f51-b970f8637e67', NULL, 'raw', '24', 'oz', '680.3879999999999', 'g'),
  ('6f4e7f70-5076-4f02-bbc7-199597ce75f6', 'b1fb2af9-5943-46c3-8a34-ae2fdbbf8353', '9ee3f545-3154-411b-9ff5-90ff32b1d834', NULL, 'raw', '24', 'fl_oz', '24', 'fl_oz'),
  ('753fc094-b35e-4e38-b766-8409217e01f4', 'b1fb2af9-5943-46c3-8a34-ae2fdbbf8353', '61bcb565-c115-4b84-bd9d-b1b2a5120f6c', NULL, 'raw', '12', 'oz', '340.19399999999996', 'g'),
  ('baa058f6-1e09-4e86-ae88-d78f4098d22c', 'b1fb2af9-5943-46c3-8a34-ae2fdbbf8353', 'f523aa23-d871-41ea-a0ff-469cf7a497be', NULL, 'raw', '1.058', 'lbs', '480', 'g'),
  ('f59ec82a-359e-4dd7-8736-177650e929ed', 'b1fb2af9-5943-46c3-8a34-ae2fdbbf8353', '09000896-9ecf-4806-a4fc-f9d81838d624', NULL, 'raw', '8', 'oz', '226.796', 'g'),
  ('0deb0612-4431-465a-9eb0-0253cc1e64b6', 'b2e5208b-b2d5-4d77-b002-4d0f299a488f', '89d3ce2e-790b-4327-99be-47560c3aaf74', NULL, 'raw', '96', 'oz', '2721.5519999999997', 'g'),
  ('18effc66-5d7a-476b-ae31-af4cfe5d3ce6', 'b2e5208b-b2d5-4d77-b002-4d0f299a488f', '375c3f93-14d5-49cd-871c-7a370e9f34e1', NULL, 'raw', '5', 'lbs', '2267.96', 'g'),
  ('338c7d76-4d40-4ec7-b4ee-9098066fac91', 'b2e5208b-b2d5-4d77-b002-4d0f299a488f', '43829a50-b181-4297-a362-ba25606b658c', NULL, 'raw', '10', 'lbs', '4535.92', 'g'),
  ('3c077ac5-9a49-46f5-aaa3-172df8f8f3ce', 'b2e5208b-b2d5-4d77-b002-4d0f299a488f', 'bdc995cc-559a-46ed-8c02-91085ad91a1c', NULL, 'raw', '10', 'lbs', '4535.92', 'g'),
  ('cbceaee5-53eb-4339-9de7-b0b0e8ddf4ce', 'b2e5208b-b2d5-4d77-b002-4d0f299a488f', '9bd04c02-821e-4dd0-b3d5-f9c3d5279362', NULL, 'raw', '64', 'oz', '1814.368', 'g'),
  ('20408433-31da-4d71-a206-2c4f6f7cea0d', 'b4e0eb04-dd7f-4004-83d1-8333197f5107', 'e33af60e-2bb5-41f1-8f51-b970f8637e67', NULL, 'raw', '24', 'oz', '680.3879999999999', 'g'),
  ('23de3abf-6a2d-4a49-807a-7c007d289c85', 'b4e0eb04-dd7f-4004-83d1-8333197f5107', '41972334-6408-46d5-b6eb-a2f9fb84666b', NULL, 'raw', '48', 'oz', '1360.7759999999998', 'g'),
  ('299856de-30c5-4ffc-a2c8-3bd612220393', 'b4e0eb04-dd7f-4004-83d1-8333197f5107', '09000896-9ecf-4806-a4fc-f9d81838d624', NULL, 'raw', '8', 'oz', '226.796', 'g'),
  ('8b7d0754-86aa-4bad-8ef2-11fb70cb21d2', 'b4e0eb04-dd7f-4004-83d1-8333197f5107', '9c4414c3-17e8-4a0a-bd6b-4130b812f39c', NULL, 'raw', '40', 'fl_oz', '40', 'fl_oz'),
  ('bb3f778e-4314-4521-85b7-df2853981ca5', 'b4e0eb04-dd7f-4004-83d1-8333197f5107', '91293b02-3d69-4d80-b4e5-95e9373af57b', NULL, 'raw', '4', 'gal', '512', 'fl_oz'),
  ('c7447bf1-9961-40dc-a574-3fb23068f6a5', 'b4e0eb04-dd7f-4004-83d1-8333197f5107', 'f523aa23-d871-41ea-a0ff-469cf7a497be', NULL, 'raw', '1.058', 'lbs', '480', 'g'),
  ('cb141a3e-058d-4edd-9587-3e302f9fc1d6', 'b4e0eb04-dd7f-4004-83d1-8333197f5107', 'ba2714ca-7177-42f8-9924-7b6cc0eb48c7', NULL, 'raw', '114', 'oz', '3231.843', 'g'),
  ('cb56a4db-bdba-4611-ab41-c4204588e918', 'b4e0eb04-dd7f-4004-83d1-8333197f5107', '61bcb565-c115-4b84-bd9d-b1b2a5120f6c', NULL, 'raw', '12', 'oz', '340.19399999999996', 'g'),
  ('cd59e17f-33a2-4620-84d4-3688c7631314', 'b4e0eb04-dd7f-4004-83d1-8333197f5107', 'e8df72a7-58e6-4a19-b132-64427bf54d3b', NULL, 'raw', '0.176', 'lbs', '79.83219199999999', 'g'),
  ('dfe80ffa-0a83-410c-bca5-0a7dbd2a5561', 'b4e0eb04-dd7f-4004-83d1-8333197f5107', '9ee3f545-3154-411b-9ff5-90ff32b1d834', NULL, 'raw', '24', 'fl_oz', '24', 'fl_oz'),
  ('0634e4c7-9bdb-4325-a3c4-a61547408b03', 'b6f3f62c-b6b7-4e93-abd9-da23e5e34912', '7833a31f-539b-4d72-bd19-e7038243e003', NULL, 'raw', '32', 'fl_oz', '32', 'fl_oz'),
  ('3149f8dc-4dd6-4f24-bf23-d6eed1e3bde6', 'b6f3f62c-b6b7-4e93-abd9-da23e5e34912', '6106cc35-b903-4105-918d-d6bbb09bc1c2', NULL, 'raw', '16', 'fl_oz', '16', 'fl_oz'),
  ('497a05b4-7392-4075-b3c9-545832a36ea5', 'b6f3f62c-b6b7-4e93-abd9-da23e5e34912', 'af950cb6-9a59-4fed-9e27-5fe1b46304e1', NULL, 'raw', '35', 'g', '35', 'g'),
  ('606d62d8-29dd-49a2-957c-b46aba85bfc6', 'b6f3f62c-b6b7-4e93-abd9-da23e5e34912', '91293b02-3d69-4d80-b4e5-95e9373af57b', NULL, 'raw', '3', 'gal', '3', 'g'),
  ('ae4fe5ed-2ad2-4b4e-9a31-48eef132a5bc', 'b6f3f62c-b6b7-4e93-abd9-da23e5e34912', 'bed4279d-8c68-4d76-81c2-6a43b798f123', NULL, 'raw', '64', 'oz', '1814.368', 'g'),
  ('bb266001-2fbb-424e-bf3f-95c8ae56d0df', 'b6f3f62c-b6b7-4e93-abd9-da23e5e34912', '41972334-6408-46d5-b6eb-a2f9fb84666b', NULL, 'raw', '32', 'oz', '907.184', 'g'),
  ('e3c25562-1fe0-442a-b161-b2f3cce6ffcf', 'b6f3f62c-b6b7-4e93-abd9-da23e5e34912', 'e8df72a7-58e6-4a19-b132-64427bf54d3b', NULL, 'raw', '4', 'oz', '113.398', 'g'),
  ('e3f16727-b688-49e7-b95b-779659dfbb2a', 'b6f3f62c-b6b7-4e93-abd9-da23e5e34912', 'e396fd04-b7ad-472c-b9d0-cf225e27ccb6', NULL, 'raw', '64', 'oz', '1814.368', 'g'),
  ('f5eb3113-8db5-44c9-9817-eb0d4c46d309', 'b6f3f62c-b6b7-4e93-abd9-da23e5e34912', 'bf54f8dd-43c1-4f21-bb4e-374963f7a301', NULL, 'raw', '16', 'oz', '453.592', 'g'),
  ('135218ba-b438-4179-aa4b-e68a65936783', 'b73c92ee-4ff3-4ae6-aa0a-e09dccadfc2e', '09000896-9ecf-4806-a4fc-f9d81838d624', NULL, 'raw', '8', 'oz', '226.796', 'g'),
  ('30e46b53-6ae4-4639-ab9c-79a302563afb', 'b73c92ee-4ff3-4ae6-aa0a-e09dccadfc2e', 'e33af60e-2bb5-41f1-8f51-b970f8637e67', NULL, 'raw', '24', 'oz', '680.3879999999999', 'g'),
  ('6c53378c-bf96-4ac0-aae0-776e611bfc81', 'b73c92ee-4ff3-4ae6-aa0a-e09dccadfc2e', '61bcb565-c115-4b84-bd9d-b1b2a5120f6c', NULL, 'raw', '12', 'oz', '340.19399999999996', 'g'),
  ('9b09180d-16f4-4fe3-9044-14314fa8ebc7', 'b73c92ee-4ff3-4ae6-aa0a-e09dccadfc2e', '9c4414c3-17e8-4a0a-bd6b-4130b812f39c', NULL, 'raw', '40', 'fl_oz', '40', 'fl_oz'),
  ('ac0ab1b3-1633-478c-beff-b53e4577765f', 'b73c92ee-4ff3-4ae6-aa0a-e09dccadfc2e', '91293b02-3d69-4d80-b4e5-95e9373af57b', NULL, 'raw', '4', 'gal', '512', 'fl_oz'),
  ('b9490680-6084-444a-8556-d459e7bc42ca', 'b73c92ee-4ff3-4ae6-aa0a-e09dccadfc2e', '41972334-6408-46d5-b6eb-a2f9fb84666b', NULL, 'raw', '48', 'oz', '1360.7759999999998', 'g'),
  ('c2f0c5ce-b9ee-4cdd-8ab4-956e4859fbcf', 'b73c92ee-4ff3-4ae6-aa0a-e09dccadfc2e', 'e8df72a7-58e6-4a19-b132-64427bf54d3b', NULL, 'raw', '0.176', 'lbs', '79.83219199999999', 'g'),
  ('de94edb9-5d97-4084-8b82-87e12db05185', 'b73c92ee-4ff3-4ae6-aa0a-e09dccadfc2e', 'f523aa23-d871-41ea-a0ff-469cf7a497be', NULL, 'raw', '1.058', 'lbs', '480', 'g'),
  ('e46502f6-d8c3-44cf-a246-508a0e80caab', 'b73c92ee-4ff3-4ae6-aa0a-e09dccadfc2e', 'ba2714ca-7177-42f8-9924-7b6cc0eb48c7', NULL, 'raw', '114', 'oz', '3231.843', 'g'),
  ('ee74a37c-e959-4cc8-881f-56d924493e0e', 'b73c92ee-4ff3-4ae6-aa0a-e09dccadfc2e', '9ee3f545-3154-411b-9ff5-90ff32b1d834', NULL, 'raw', '24', 'fl_oz', '24', 'fl_oz'),
  ('2fb35e07-28df-419b-91b0-7dbd21bd5f07', 'bfcd90f1-6d3f-49d5-9643-57bca5a088cc', 'ba2714ca-7177-42f8-9924-7b6cc0eb48c7', NULL, 'raw', '114', 'oz', '3231.843', 'g'),
  ('32475824-062f-400d-a712-c34027c15ce4', 'bfcd90f1-6d3f-49d5-9643-57bca5a088cc', '9ee3f545-3154-411b-9ff5-90ff32b1d834', NULL, 'raw', '0.188', 'gal', '24', 'fl_oz'),
  ('566039d1-945c-47fa-9110-43c427b95d53', 'bfcd90f1-6d3f-49d5-9643-57bca5a088cc', 'f523aa23-d871-41ea-a0ff-469cf7a497be', NULL, 'raw', '1.058', 'lbs', '480', 'g'),
  ('5b82dc18-e434-43b8-90de-0cebac6d11e3', 'bfcd90f1-6d3f-49d5-9643-57bca5a088cc', 'e8df72a7-58e6-4a19-b132-64427bf54d3b', NULL, 'raw', '0.176', 'lbs', '79.83219199999999', 'g'),
  ('6787f818-f0ec-4560-8b1e-34aa4695c3a1', 'bfcd90f1-6d3f-49d5-9643-57bca5a088cc', '91293b02-3d69-4d80-b4e5-95e9373af57b', NULL, 'raw', '4', 'gal', '512', 'fl_oz'),
  ('6c56d274-e8e8-4e43-b1aa-6dcd5f05bff8', 'bfcd90f1-6d3f-49d5-9643-57bca5a088cc', 'e33af60e-2bb5-41f1-8f51-b970f8637e67', NULL, 'raw', '24', 'oz', '680.3879999999999', 'g'),
  ('a352c889-2d3c-4c1a-baa5-4b4b0fb33383', 'bfcd90f1-6d3f-49d5-9643-57bca5a088cc', '9c4414c3-17e8-4a0a-bd6b-4130b812f39c', NULL, 'raw', '0.313', 'gal', '40', 'fl_oz'),
  ('d6c3de52-20e9-4310-92bd-0f32f2ef33be', 'bfcd90f1-6d3f-49d5-9643-57bca5a088cc', '09000896-9ecf-4806-a4fc-f9d81838d624', NULL, 'raw', '8', 'oz', '226.796', 'g'),
  ('e9aa81f3-16a5-4df5-88d0-2dab2942d404', 'bfcd90f1-6d3f-49d5-9643-57bca5a088cc', '61bcb565-c115-4b84-bd9d-b1b2a5120f6c', NULL, 'raw', '12', 'oz', '340.19399999999996', 'g'),
  ('f710d894-1f16-4c94-a587-2b97a030420d', 'bfcd90f1-6d3f-49d5-9643-57bca5a088cc', '41972334-6408-46d5-b6eb-a2f9fb84666b', NULL, 'raw', '48', 'oz', '1360.7759999999998', 'g'),
  ('2029dd09-54d4-4a09-9c2d-6395999d3a38', 'bfedaf6c-f08e-462b-bb0b-cf76dcf609c7', '56260136-1283-4758-90de-97266d26ebbe', NULL, 'raw', '8.313', 'lbs', '3770.4835', 'g'),
  ('53d3bce6-2ac3-44d3-bb81-82d329296fa2', 'bfedaf6c-f08e-462b-bb0b-cf76dcf609c7', '7833a31f-539b-4d72-bd19-e7038243e003', NULL, 'raw', '8', 'fl_oz', '8', 'fl_oz'),
  ('63a90759-09ee-40e2-a0fb-1148838bea68', 'bfedaf6c-f08e-462b-bb0b-cf76dcf609c7', 'eadfaf2c-b74f-437b-a6ac-89c73114426f', NULL, 'raw', '5', 'lbs', '2267.96', 'g'),
  ('e1531be7-be5e-467f-b670-cc0f24ff4a8f', 'bfedaf6c-f08e-462b-bb0b-cf76dcf609c7', '6106cc35-b903-4105-918d-d6bbb09bc1c2', NULL, 'raw', '4', 'fl_oz', '4', 'fl_oz'),
  ('4c23cbe0-ae44-4681-984a-70b60814ec2d', 'c483077b-b44b-45c8-af84-9018f6cbd00c', '9c4414c3-17e8-4a0a-bd6b-4130b812f39c', NULL, 'raw', '40', 'fl_oz', '40', 'fl_oz'),
  ('57e895ed-68f2-40a4-b442-e35f2877db26', 'c483077b-b44b-45c8-af84-9018f6cbd00c', '09000896-9ecf-4806-a4fc-f9d81838d624', NULL, 'raw', '8', 'oz', '226.796', 'g'),
  ('5b5d81d6-cd54-4f51-b99c-9b739c233651', 'c483077b-b44b-45c8-af84-9018f6cbd00c', 'e8df72a7-58e6-4a19-b132-64427bf54d3b', NULL, 'raw', '0.176', 'lbs', '79.83219199999999', 'g'),
  ('67ab790b-4be2-460d-893e-e8cbf63bc2d1', 'c483077b-b44b-45c8-af84-9018f6cbd00c', 'e33af60e-2bb5-41f1-8f51-b970f8637e67', NULL, 'raw', '24', 'oz', '680.3879999999999', 'g'),
  ('868885db-4fa6-4da9-b046-d99913496a7d', 'c483077b-b44b-45c8-af84-9018f6cbd00c', 'f523aa23-d871-41ea-a0ff-469cf7a497be', NULL, 'raw', '1.058', 'lbs', '480', 'g'),
  ('cda18b51-646e-4772-a5c4-2cb0909efb2c', 'c483077b-b44b-45c8-af84-9018f6cbd00c', '91293b02-3d69-4d80-b4e5-95e9373af57b', NULL, 'raw', '4', 'gal', '512', 'fl_oz'),
  ('dcc11a29-97cc-4199-ab9a-6aa4f1e1476f', 'c483077b-b44b-45c8-af84-9018f6cbd00c', 'ba2714ca-7177-42f8-9924-7b6cc0eb48c7', NULL, 'raw', '114', 'oz', '3231.843', 'g'),
  ('eda41b92-1b69-4a86-8063-500f8e789075', 'c483077b-b44b-45c8-af84-9018f6cbd00c', '61bcb565-c115-4b84-bd9d-b1b2a5120f6c', NULL, 'raw', '12', 'oz', '340.19399999999996', 'g'),
  ('fa214a3c-9fe6-41e4-92c5-c3f6e426f2b3', 'c483077b-b44b-45c8-af84-9018f6cbd00c', '41972334-6408-46d5-b6eb-a2f9fb84666b', NULL, 'raw', '48', 'oz', '1360.7759999999998', 'g'),
  ('fac3757d-51d0-47b6-a3cf-a5effcba0994', 'c483077b-b44b-45c8-af84-9018f6cbd00c', '9ee3f545-3154-411b-9ff5-90ff32b1d834', NULL, 'raw', '24', 'fl_oz', '24', 'fl_oz'),
  ('2ef59665-6cf6-40ae-b651-c23faf0e3d4f', 'c7d9a94b-cf30-4bb7-9b2b-c2577ae7a10a', '89d3ce2e-790b-4327-99be-47560c3aaf74', NULL, 'raw', '96', 'oz', '2721.5519999999997', 'g'),
  ('34483cda-3585-44ff-91f5-f42e2ec8a1c5', 'c7d9a94b-cf30-4bb7-9b2b-c2577ae7a10a', '9bd04c02-821e-4dd0-b3d5-f9c3d5279362', NULL, 'raw', '64', 'oz', '1814.368', 'g'),
  ('52878657-1a57-4914-805f-3a91d6ec90e7', 'c7d9a94b-cf30-4bb7-9b2b-c2577ae7a10a', '375c3f93-14d5-49cd-871c-7a370e9f34e1', NULL, 'raw', '5', 'lbs', '2267.96', 'g'),
  ('56cc1306-c9fb-4165-817a-8112538c8024', 'c7d9a94b-cf30-4bb7-9b2b-c2577ae7a10a', '43829a50-b181-4297-a362-ba25606b658c', NULL, 'raw', '10', 'lbs', '4535.92', 'g'),
  ('57464165-0894-4577-8a41-97f6b14a809e', 'c7d9a94b-cf30-4bb7-9b2b-c2577ae7a10a', 'bdc995cc-559a-46ed-8c02-91085ad91a1c', NULL, 'raw', '10', 'lbs', '4535.92', 'g'),
  ('1a9888c7-41e5-4c2e-95da-59fb2d6281d0', 'c97600b4-4f41-4385-8297-cda30264a796', '09000896-9ecf-4806-a4fc-f9d81838d624', NULL, 'raw', '10', 'lbs', '4535.92', 'g'),
  ('4177cc3d-9c21-44f1-a4cf-16d898c09389', 'c97600b4-4f41-4385-8297-cda30264a796', '89d3ce2e-790b-4327-99be-47560c3aaf74', NULL, 'raw', '32', 'oz', '907.184', 'g'),
  ('444f2b25-0f54-4fdb-bdb6-84caab9946b7', 'c97600b4-4f41-4385-8297-cda30264a796', 'f523aa23-d871-41ea-a0ff-469cf7a497be', NULL, 'raw', '5', 'lbs', '2267.96', 'g'),
  ('56ddfa3b-c394-473c-8804-5b126059a66f', 'c97600b4-4f41-4385-8297-cda30264a796', '41972334-6408-46d5-b6eb-a2f9fb84666b', NULL, 'raw', '48', 'oz', '1360.7759999999998', 'g'),
  ('6635c021-81be-4bb6-92bc-7893c0e310f5', 'c97600b4-4f41-4385-8297-cda30264a796', 'db453c34-02ac-42ee-8e24-95249fce32f5', NULL, 'raw', '112', 'oz', '3175.144', 'g'),
  ('ddaddc29-ed79-49f4-95f8-7307476b811b', 'c97600b4-4f41-4385-8297-cda30264a796', '9bd04c02-821e-4dd0-b3d5-f9c3d5279362', NULL, 'raw', '16', 'oz', '453.592', 'g'),
  ('2adf066f-6189-413e-8743-d1b385eda240', 'ccb7ba5e-0496-4548-ad70-53f10ff7e66b', 'e8df72a7-58e6-4a19-b132-64427bf54d3b', NULL, 'raw', '0.176', 'lbs', '79.83219199999999', 'g'),
  ('3a332b34-6a4d-470d-a840-4f1ce7c0f8eb', 'ccb7ba5e-0496-4548-ad70-53f10ff7e66b', 'e33af60e-2bb5-41f1-8f51-b970f8637e67', NULL, 'raw', '24', 'oz', '680.3879999999999', 'g'),
  ('4dd9ed87-cf44-46b2-b873-ea95c7e8296d', 'ccb7ba5e-0496-4548-ad70-53f10ff7e66b', '9ee3f545-3154-411b-9ff5-90ff32b1d834', NULL, 'raw', '0.188', 'gal', '24', 'fl_oz'),
  ('5ae24168-a4eb-4f08-81ae-28ea7cde39d0', 'ccb7ba5e-0496-4548-ad70-53f10ff7e66b', 'ba2714ca-7177-42f8-9924-7b6cc0eb48c7', NULL, 'raw', '114', 'oz', '3231.843', 'g'),
  ('7020fe4f-eb52-4448-af0f-a827e9bf775e', 'ccb7ba5e-0496-4548-ad70-53f10ff7e66b', '09000896-9ecf-4806-a4fc-f9d81838d624', NULL, 'raw', '8', 'oz', '226.796', 'g'),
  ('9bce2656-af31-46ff-b903-687483e2be0c', 'ccb7ba5e-0496-4548-ad70-53f10ff7e66b', '61bcb565-c115-4b84-bd9d-b1b2a5120f6c', NULL, 'raw', '12', 'oz', '340.19399999999996', 'g'),
  ('c20b7f29-3f9b-4b24-ab06-f1e24d46b5f7', 'ccb7ba5e-0496-4548-ad70-53f10ff7e66b', 'f523aa23-d871-41ea-a0ff-469cf7a497be', NULL, 'raw', '1.058', 'lbs', '480', 'g'),
  ('da745efe-1fe6-4426-ae23-e7fbbfb15f06', 'ccb7ba5e-0496-4548-ad70-53f10ff7e66b', '9c4414c3-17e8-4a0a-bd6b-4130b812f39c', NULL, 'raw', '0.313', 'gal', '40', 'fl_oz'),
  ('dceccbca-f6b7-42b0-b0ea-8b78b8cfe2c2', 'ccb7ba5e-0496-4548-ad70-53f10ff7e66b', '41972334-6408-46d5-b6eb-a2f9fb84666b', NULL, 'raw', '48', 'oz', '1360.7759999999998', 'g'),
  ('f583ca3f-6eeb-43bf-9e4d-5cc429f231b2', 'ccb7ba5e-0496-4548-ad70-53f10ff7e66b', '91293b02-3d69-4d80-b4e5-95e9373af57b', NULL, 'raw', '4', 'gal', '512', 'fl_oz'),
  ('02d7cc00-2656-4475-a4cc-7ae54d1affe1', 'cee2cc2a-a4f0-44a8-8824-bafba8755d9f', 'f6af9c55-bf49-4bef-a0d2-ba9b69c544eb', NULL, 'raw', '16', 'fl_oz', '16', 'fl_oz'),
  ('1307b4c1-2943-45e3-8760-280e75a5c0d0', 'cee2cc2a-a4f0-44a8-8824-bafba8755d9f', '5e181526-f99c-451c-812a-7c8b39f1ca20', NULL, 'raw', '20', 'lbs', '9071.84', 'g'),
  ('7a040bee-285b-47a4-a8fc-faacf24ed77f', 'cee2cc2a-a4f0-44a8-8824-bafba8755d9f', 'e165d040-b694-4a89-95cd-7691e07a2433', NULL, 'raw', '400', 'g', '400', 'g'),
  ('90bff908-f7e3-449a-9f9f-7b63819550bc', 'cee2cc2a-a4f0-44a8-8824-bafba8755d9f', '375c3f93-14d5-49cd-871c-7a370e9f34e1', NULL, 'raw', '8', 'oz', '226.796', 'g'),
  ('c1c89e7f-a336-438d-bdf8-5e3f0c389190', 'cee2cc2a-a4f0-44a8-8824-bafba8755d9f', 'bf54f8dd-43c1-4f21-bb4e-374963f7a301', NULL, 'raw', '8', 'oz', '226.796', 'g'),
  ('cffe6cdc-8dd8-4cd8-8c0c-fc9b067e019f', 'cee2cc2a-a4f0-44a8-8824-bafba8755d9f', 'e8df72a7-58e6-4a19-b132-64427bf54d3b', NULL, 'raw', '4', 'oz', '113.398', 'g'),
  ('f3a8669b-a5f4-42de-81f5-dba0a31abd27', 'cee2cc2a-a4f0-44a8-8824-bafba8755d9f', '9e11bf29-221b-488e-92c2-2ba37d706068', NULL, 'raw', '4', 'oz', '113.398', 'g'),
  ('1ac5754a-552c-4cd9-8801-a8f10fa969d5', 'd0eedac6-7a82-4623-9bb7-bc2f695a5fb0', '41972334-6408-46d5-b6eb-a2f9fb84666b', NULL, 'raw', '32', 'oz', '907.184', 'g'),
  ('41622a22-2f51-4803-be58-13aaa5222c5d', 'd0eedac6-7a82-4623-9bb7-bc2f695a5fb0', '89d3ce2e-790b-4327-99be-47560c3aaf74', NULL, 'raw', '96', 'oz', '2721.5519999999997', 'g'),
  ('63440281-f681-41cf-ac4d-7a0a750754e4', 'd0eedac6-7a82-4623-9bb7-bc2f695a5fb0', '5a0f121e-a68e-440f-8a9c-d7a0d4ec08e2', NULL, 'raw', '7', 'lbs', '3175.144', 'g'),
  ('745fcd29-ed98-4f07-94de-04597392aea4', 'd0eedac6-7a82-4623-9bb7-bc2f695a5fb0', 'db453c34-02ac-42ee-8e24-95249fce32f5', NULL, 'raw', '635', 'g', '635', 'g'),
  ('9f65cc28-676e-481f-a11e-59a0e5f43d4d', 'd0eedac6-7a82-4623-9bb7-bc2f695a5fb0', '09000896-9ecf-4806-a4fc-f9d81838d624', NULL, 'raw', '10', 'lbs', '4535.92', 'g'),
  ('b3c13f64-0f86-485d-95ba-23f0e58a1f9c', 'd0eedac6-7a82-4623-9bb7-bc2f695a5fb0', 'e525ce29-acd4-4a3d-81ff-f796ecaa1f3b', NULL, 'raw', '320', 'oz', '9071.84', 'g'),
  ('d9eb7634-d63b-4e7f-9f46-6a7a74d14d0b', 'd0eedac6-7a82-4623-9bb7-bc2f695a5fb0', '9bd04c02-821e-4dd0-b3d5-f9c3d5279362', NULL, 'raw', '32', 'oz', '907.184', 'g'),
  ('060cf563-cd84-4c7d-91a5-a4b02353a893', 'd250115d-9e9e-46d5-a987-d70778d623ab', 'ba2714ca-7177-42f8-9924-7b6cc0eb48c7', NULL, 'raw', '114', 'oz', '3231.843', 'g'),
  ('08903209-07e0-48d5-a47e-cbc8bd779995', 'd250115d-9e9e-46d5-a987-d70778d623ab', '91293b02-3d69-4d80-b4e5-95e9373af57b', NULL, 'raw', '4', 'gal', '512', 'fl_oz'),
  ('0a7c2af6-6722-4fda-b382-45396dd0bb1e', 'd250115d-9e9e-46d5-a987-d70778d623ab', 'e33af60e-2bb5-41f1-8f51-b970f8637e67', NULL, 'raw', '24', 'oz', '680.3879999999999', 'g'),
  ('0cd9de75-3c2f-429e-8b31-c889a49d535c', 'd250115d-9e9e-46d5-a987-d70778d623ab', '61bcb565-c115-4b84-bd9d-b1b2a5120f6c', NULL, 'raw', '12', 'oz', '340.19399999999996', 'g'),
  ('3b4fae01-a769-48db-afd9-3b038c5055e9', 'd250115d-9e9e-46d5-a987-d70778d623ab', '9c4414c3-17e8-4a0a-bd6b-4130b812f39c', NULL, 'raw', '0.313', 'gal', '40', 'fl_oz'),
  ('6a9db9ee-50e7-4e9a-927c-b60cbdb90561', 'd250115d-9e9e-46d5-a987-d70778d623ab', '9ee3f545-3154-411b-9ff5-90ff32b1d834', NULL, 'raw', '0.188', 'gal', '24', 'fl_oz'),
  ('8965f8d3-0741-4f2e-aebc-ad1067622975', 'd250115d-9e9e-46d5-a987-d70778d623ab', '41972334-6408-46d5-b6eb-a2f9fb84666b', NULL, 'raw', '48', 'oz', '1360.7759999999998', 'g'),
  ('8d1f499e-9397-4149-b2f1-21b450efef32', 'd250115d-9e9e-46d5-a987-d70778d623ab', 'e8df72a7-58e6-4a19-b132-64427bf54d3b', NULL, 'raw', '0.176', 'lbs', '79.83219199999999', 'g'),
  ('9681dcc3-358f-42e6-90e9-7327e5e15007', 'd250115d-9e9e-46d5-a987-d70778d623ab', '09000896-9ecf-4806-a4fc-f9d81838d624', NULL, 'raw', '8', 'oz', '226.796', 'g'),
  ('edad17d8-07c6-4417-b6ab-9282bacf2e9a', 'd250115d-9e9e-46d5-a987-d70778d623ab', 'f523aa23-d871-41ea-a0ff-469cf7a497be', NULL, 'raw', '1.058', 'lbs', '480', 'g'),
  ('23900c8a-7380-4f27-bbc5-a286d998d5ce', 'd3f51df3-a02c-4dc8-a823-8ca5d211b057', '9c4414c3-17e8-4a0a-bd6b-4130b812f39c', NULL, 'raw', '0.313', 'gal', '40', 'fl_oz'),
  ('2a8c4e27-b90a-4182-b261-3f11981770d2', 'd3f51df3-a02c-4dc8-a823-8ca5d211b057', '41972334-6408-46d5-b6eb-a2f9fb84666b', NULL, 'raw', '48', 'oz', '1360.7759999999998', 'g'),
  ('7c07ebce-7a0e-4a2f-81bb-037e12f64fcf', 'd3f51df3-a02c-4dc8-a823-8ca5d211b057', 'ba2714ca-7177-42f8-9924-7b6cc0eb48c7', NULL, 'raw', '114', 'oz', '3231.843', 'g'),
  ('827c5419-8d57-4651-8969-b828ab9149a5', 'd3f51df3-a02c-4dc8-a823-8ca5d211b057', '09000896-9ecf-4806-a4fc-f9d81838d624', NULL, 'raw', '8', 'oz', '226.796', 'g'),
  ('94905d46-0579-4de9-849b-5419cf9a2251', 'd3f51df3-a02c-4dc8-a823-8ca5d211b057', '9ee3f545-3154-411b-9ff5-90ff32b1d834', NULL, 'raw', '0.188', 'gal', '24', 'fl_oz'),
  ('b2b22d10-6d4f-48d5-a560-8fe4acff2ef1', 'd3f51df3-a02c-4dc8-a823-8ca5d211b057', '91293b02-3d69-4d80-b4e5-95e9373af57b', NULL, 'raw', '4', 'gal', '512', 'fl_oz'),
  ('ceb50e53-0d03-4f84-8113-4eef5cd9937b', 'd3f51df3-a02c-4dc8-a823-8ca5d211b057', 'f523aa23-d871-41ea-a0ff-469cf7a497be', NULL, 'raw', '1.058', 'lbs', '480', 'g'),
  ('e805f21e-ca07-4919-95af-820c85a66d75', 'd3f51df3-a02c-4dc8-a823-8ca5d211b057', 'e8df72a7-58e6-4a19-b132-64427bf54d3b', NULL, 'raw', '0.176', 'lbs', '79.83219199999999', 'g'),
  ('f0cf6b90-8573-47f6-959e-d7820e7d4b5b', 'd3f51df3-a02c-4dc8-a823-8ca5d211b057', '61bcb565-c115-4b84-bd9d-b1b2a5120f6c', NULL, 'raw', '12', 'oz', '340.19399999999996', 'g'),
  ('fb47b5d1-26dd-43e5-851a-5fcb750ab256', 'd3f51df3-a02c-4dc8-a823-8ca5d211b057', 'e33af60e-2bb5-41f1-8f51-b970f8637e67', NULL, 'raw', '24', 'oz', '680.3879999999999', 'g'),
  ('196bf38c-926b-456a-b590-409c89702bfd', 'd6e9684e-9909-4621-8ae4-20afa53b5b2d', 'ba2714ca-7177-42f8-9924-7b6cc0eb48c7', NULL, 'raw', '114', 'oz', '3231.843', 'g'),
  ('1e394bcb-0f37-4253-9fcd-2fbbabe46dad', 'd6e9684e-9909-4621-8ae4-20afa53b5b2d', '9ee3f545-3154-411b-9ff5-90ff32b1d834', NULL, 'raw', '0.188', 'gal', '24', 'fl_oz'),
  ('505b1dd0-8967-4fea-b125-b39ae7e9cee8', 'd6e9684e-9909-4621-8ae4-20afa53b5b2d', '09000896-9ecf-4806-a4fc-f9d81838d624', NULL, 'raw', '8', 'oz', '226.796', 'g'),
  ('585c21fd-62e9-4959-b39c-312e7903348a', 'd6e9684e-9909-4621-8ae4-20afa53b5b2d', 'e8df72a7-58e6-4a19-b132-64427bf54d3b', NULL, 'raw', '0.176', 'lbs', '79.83219199999999', 'g'),
  ('67f3be9a-cd98-46b6-95c3-4ed6806d6a36', 'd6e9684e-9909-4621-8ae4-20afa53b5b2d', '61bcb565-c115-4b84-bd9d-b1b2a5120f6c', NULL, 'raw', '12', 'oz', '340.19399999999996', 'g'),
  ('98b8c9f4-a5df-4ee1-8cb8-c95d178e7887', 'd6e9684e-9909-4621-8ae4-20afa53b5b2d', 'e33af60e-2bb5-41f1-8f51-b970f8637e67', NULL, 'raw', '24', 'oz', '680.3879999999999', 'g'),
  ('9aad0422-61aa-42f0-8605-e35e72fee44f', 'd6e9684e-9909-4621-8ae4-20afa53b5b2d', '91293b02-3d69-4d80-b4e5-95e9373af57b', NULL, 'raw', '4', 'gal', '512', 'fl_oz'),
  ('bc9d9034-21e0-4ec4-ab26-83746da3b5cf', 'd6e9684e-9909-4621-8ae4-20afa53b5b2d', '9c4414c3-17e8-4a0a-bd6b-4130b812f39c', NULL, 'raw', '0.313', 'gal', '40', 'fl_oz'),
  ('d9dbcfe5-90e3-4eac-8e58-8084ee73303a', 'd6e9684e-9909-4621-8ae4-20afa53b5b2d', '41972334-6408-46d5-b6eb-a2f9fb84666b', NULL, 'raw', '48', 'oz', '1360.7759999999998', 'g'),
  ('ea51a0b9-195e-495e-9cca-8d1324bfc3b2', 'd6e9684e-9909-4621-8ae4-20afa53b5b2d', 'f523aa23-d871-41ea-a0ff-469cf7a497be', NULL, 'raw', '1.058', 'lbs', '480', 'g'),
  ('036ff3bf-c56d-4565-843d-49d06f208d84', 'd89157e0-d8ef-46e1-9939-417715ffc81a', 'e7776e0a-38c9-4c59-b813-1a0ce467cf6f', NULL, 'raw', '40', 'lbs', '18143.68', 'g'),
  ('0500e1ad-8694-475c-9033-d5bdd9a26d44', 'd89157e0-d8ef-46e1-9939-417715ffc81a', '375c3f93-14d5-49cd-871c-7a370e9f34e1', NULL, 'raw', '8', 'oz', '226.796', 'g'),
  ('09c66563-fe2a-4c88-ba3c-4561b9f4d081', 'd89157e0-d8ef-46e1-9939-417715ffc81a', 'f6af9c55-bf49-4bef-a0d2-ba9b69c544eb', NULL, 'raw', '32', 'fl_oz', '32', 'fl_oz'),
  ('222a6508-d426-4ae5-85ae-d203b3bd9221', 'd89157e0-d8ef-46e1-9939-417715ffc81a', '6106cc35-b903-4105-918d-d6bbb09bc1c2', NULL, 'raw', '16', 'fl_oz', '16', 'fl_oz'),
  ('25ba4ed5-e3f7-40f4-b6d7-44b4d82c9a8e', 'd89157e0-d8ef-46e1-9939-417715ffc81a', 'bf54f8dd-43c1-4f21-bb4e-374963f7a301', NULL, 'raw', '8', 'oz', '226.796', 'g'),
  ('3ec6a563-2a4c-423d-a86a-c50d06b9a8c3', 'd89157e0-d8ef-46e1-9939-417715ffc81a', '56260136-1283-4758-90de-97266d26ebbe', NULL, 'raw', '64', 'oz', '1814.368', 'g'),
  ('575720fe-02d2-4b46-85e4-526301acf96d', 'd89157e0-d8ef-46e1-9939-417715ffc81a', NULL, 'c7d9a94b-cf30-4bb7-9b2b-c2577ae7a10a', 'prep', '16', 'oz', '453.592', 'g'),
  ('7e013c28-0bbb-4a1e-ad86-0d8ae730d1ca', 'd89157e0-d8ef-46e1-9939-417715ffc81a', '7833a31f-539b-4d72-bd19-e7038243e003', NULL, 'raw', '64', 'fl_oz', '64', 'fl_oz'),
  ('99061c80-6ec0-40c1-a3eb-b5ba0b882b96', 'd89157e0-d8ef-46e1-9939-417715ffc81a', 'f523aa23-d871-41ea-a0ff-469cf7a497be', NULL, 'raw', '16', 'oz', '453.592', 'g'),
  ('0af6269b-da47-4ec2-a958-f6d84075192e', 'e3ebbfb9-3c86-496c-b9f0-ab359b80eeaa', '89d3ce2e-790b-4327-99be-47560c3aaf74', NULL, 'raw', '32', 'oz', '907.184', 'g'),
  ('4574df22-83c8-4a44-8eb5-7783b3f79005', 'e3ebbfb9-3c86-496c-b9f0-ab359b80eeaa', 'f523aa23-d871-41ea-a0ff-469cf7a497be', NULL, 'raw', '5', 'lbs', '2267.96', 'g'),
  ('636824b2-dec6-4cda-b173-9197ce73d701', 'e3ebbfb9-3c86-496c-b9f0-ab359b80eeaa', '9bd04c02-821e-4dd0-b3d5-f9c3d5279362', NULL, 'raw', '16', 'oz', '453.592', 'g'),
  ('8bedcb38-e629-42dd-a12c-2bb926c98e36', 'e3ebbfb9-3c86-496c-b9f0-ab359b80eeaa', '09000896-9ecf-4806-a4fc-f9d81838d624', NULL, 'raw', '10', 'lbs', '4535.92', 'g'),
  ('b0914e5a-eae8-4ab9-a7e1-a8d0373bcfac', 'e3ebbfb9-3c86-496c-b9f0-ab359b80eeaa', 'db453c34-02ac-42ee-8e24-95249fce32f5', NULL, 'raw', '112', 'oz', '3175.144', 'g'),
  ('e3b4b565-a3a6-4b6a-a53a-c1a4ea64b158', 'e3ebbfb9-3c86-496c-b9f0-ab359b80eeaa', '41972334-6408-46d5-b6eb-a2f9fb84666b', NULL, 'raw', '48', 'oz', '1360.7759999999998', 'g'),
  ('08b90f3a-2b20-49dc-8f5a-d86d81f3907d', 'f4458024-0d5e-4c55-9d25-e5e55bad3410', NULL, '5d6a0ea2-d4cd-4b3c-88ff-080a2eceb382', 'prep', '8', 'oz', '226.796', 'g'),
  ('226f4e39-0904-4e53-ae98-09e0fc75fb5d', 'f4458024-0d5e-4c55-9d25-e5e55bad3410', '5231eac2-406b-4f5d-96df-942e010c52b4', NULL, 'raw', '6', 'lbs', '2721.5519999999997', 'g'),
  ('40e277c4-2fa5-4d7a-9b32-c9a1de5e4d6a', 'f4458024-0d5e-4c55-9d25-e5e55bad3410', '84a323f2-4263-4a28-8146-2b5c94617dda', NULL, 'raw', '12', 'lbs', '5443.103999999999', 'g'),
  ('05ec00b2-58a7-4df7-890f-242c116f49b4', 'f8af3436-2014-4807-8890-5a90395a5989', 'e525ce29-acd4-4a3d-81ff-f796ecaa1f3b', NULL, 'raw', '320', 'oz', '9071.84', 'g'),
  ('28d32506-1510-4724-9fc0-411d32b83acd', 'f8af3436-2014-4807-8890-5a90395a5989', '89d3ce2e-790b-4327-99be-47560c3aaf74', NULL, 'raw', '96', 'oz', '2721.5519999999997', 'g'),
  ('2e239386-fbe6-4fd8-a26d-0c213910fcc5', 'f8af3436-2014-4807-8890-5a90395a5989', '09000896-9ecf-4806-a4fc-f9d81838d624', NULL, 'raw', '10', 'lbs', '4535.92', 'g'),
  ('3d5cec71-f547-409b-a924-6ca8d4ef0dde', 'f8af3436-2014-4807-8890-5a90395a5989', '41972334-6408-46d5-b6eb-a2f9fb84666b', NULL, 'raw', '32', 'oz', '907.184', 'g'),
  ('49f91f2e-8e61-4a97-ac4f-adfce1d3d842', 'f8af3436-2014-4807-8890-5a90395a5989', '9bd04c02-821e-4dd0-b3d5-f9c3d5279362', NULL, 'raw', '32', 'oz', '907.184', 'g'),
  ('784ba1c4-f9cd-40d2-b1e9-6c7ee756ad01', 'f8af3436-2014-4807-8890-5a90395a5989', 'db453c34-02ac-42ee-8e24-95249fce32f5', NULL, 'raw', '1', 'g', '1', 'g'),
  ('c4d77168-edc8-4329-9fb4-48bcfe3fed78', 'f8af3436-2014-4807-8890-5a90395a5989', '5a0f121e-a68e-440f-8a9c-d7a0d4ec08e2', NULL, 'raw', '5', 'lbs', '2267.96', 'g'),
  ('61d10fff-0611-4aff-be87-167187720537', 'f9149325-deff-4381-b4d5-d67111ecee67', 'f523aa23-d871-41ea-a0ff-469cf7a497be', NULL, 'raw', '1.058', 'lbs', '480', 'g'),
  ('7d44d4c4-3981-44ba-915d-68df083cb65c', 'f9149325-deff-4381-b4d5-d67111ecee67', 'e8df72a7-58e6-4a19-b132-64427bf54d3b', NULL, 'raw', '0.176', 'lbs', '79.83219199999999', 'g'),
  ('867a188c-cf36-42ae-9c9e-1ab768eb8c59', 'f9149325-deff-4381-b4d5-d67111ecee67', '09000896-9ecf-4806-a4fc-f9d81838d624', NULL, 'raw', '8', 'oz', '226.796', 'g'),
  ('9fa7e094-b3e4-44bc-b3ac-8777782c5113', 'f9149325-deff-4381-b4d5-d67111ecee67', '9c4414c3-17e8-4a0a-bd6b-4130b812f39c', NULL, 'raw', '40', 'fl_oz', '40', 'fl_oz'),
  ('a3ae4cd6-4f6c-42e8-8336-b36003f6d4dc', 'f9149325-deff-4381-b4d5-d67111ecee67', '91293b02-3d69-4d80-b4e5-95e9373af57b', NULL, 'raw', '4', 'gal', '512', 'fl_oz'),
  ('b701ba71-b40b-41ea-8d30-6707df0e508c', 'f9149325-deff-4381-b4d5-d67111ecee67', '41972334-6408-46d5-b6eb-a2f9fb84666b', NULL, 'raw', '48', 'oz', '1360.7759999999998', 'g'),
  ('b70dc087-94e6-4522-be0e-71c829d8fd55', 'f9149325-deff-4381-b4d5-d67111ecee67', '9ee3f545-3154-411b-9ff5-90ff32b1d834', NULL, 'raw', '24', 'fl_oz', '24', 'fl_oz'),
  ('c090f2a1-03b9-4cf6-b3f0-1991afe0f92d', 'f9149325-deff-4381-b4d5-d67111ecee67', 'e33af60e-2bb5-41f1-8f51-b970f8637e67', NULL, 'raw', '24', 'oz', '680.3879999999999', 'g'),
  ('c46c5f5a-2cd6-4048-9128-bed44a5b2081', 'f9149325-deff-4381-b4d5-d67111ecee67', 'ba2714ca-7177-42f8-9924-7b6cc0eb48c7', NULL, 'raw', '114', 'oz', '3231.843', 'g'),
  ('f1cf4e86-59b4-4fd1-bbe8-30a2045510e3', 'f9149325-deff-4381-b4d5-d67111ecee67', '61bcb565-c115-4b84-bd9d-b1b2a5120f6c', NULL, 'raw', '12', 'oz', '340.19399999999996', 'g'),
  ('0792ad37-26e2-459b-835d-8738c95bd76b', 'fb1e76b4-f8f2-40bb-ae1b-faf6534dfbf5', '6106cc35-b903-4105-918d-d6bbb09bc1c2', NULL, 'raw', '4', 'fl_oz', '4', 'fl_oz'),
  ('15d5b167-692f-4c3a-a0b3-0a1ec9b03348', 'fb1e76b4-f8f2-40bb-ae1b-faf6534dfbf5', '7833a31f-539b-4d72-bd19-e7038243e003', NULL, 'raw', '8', 'fl_oz', '8', 'fl_oz'),
  ('3371fac1-8716-4927-9330-ebcec1a01435', 'fb1e76b4-f8f2-40bb-ae1b-faf6534dfbf5', NULL, 'c7d9a94b-cf30-4bb7-9b2b-c2577ae7a10a', 'prep', '16', 'oz', '453.592', 'g'),
  ('34c78ec1-0c28-4a6b-ad83-d50485c8b278', 'fb1e76b4-f8f2-40bb-ae1b-faf6534dfbf5', '56260136-1283-4758-90de-97266d26ebbe', NULL, 'raw', '8.313', 'lbs', '3770.4835', 'g'),
  ('84747e89-c70e-4ac1-846e-04ac1b556bd9', 'fb1e76b4-f8f2-40bb-ae1b-faf6534dfbf5', 'eadfaf2c-b74f-437b-a6ac-89c73114426f', NULL, 'raw', '5', 'lbs', '2267.96', 'g')
on conflict (id) do nothing;

