-- ============================================================
-- Local-dev seed. Runs automatically after migrations on
-- `supabase db reset`. NEVER applied to prod (Supabase ignores
-- supabase/seed.sql for remote pushes).
--
-- Login: admin@local.test / password
--
-- Stores / vendors / inventory_items below are PULLED FROM PROD
-- via read-only SELECT queries against the linked Supabase project,
-- formatted via Postgres `format('%L', ...)`. Vendor PII fields
-- (contact_name, phone, email) are masked with non-real
-- placeholders before being written to this file. Audit-log entries
-- at the bottom are still synthetic — they reference text item names
-- (no FK to inventory_items), so they keep working.
-- ============================================================

-- ─── admin user ──────────────────────────────────────────
-- gotrue's Go scanner cannot read NULL for the *_token columns even
-- though the columns are nullable. Setting them to '' (empty string)
-- avoids "Database error querying schema" on /token requests.
do $$
declare
  admin_id constant uuid := '11111111-1111-1111-1111-111111111111';
begin
  insert into auth.users (
    id, instance_id, aud, role,
    email, encrypted_password,
    email_confirmed_at, created_at, updated_at,
    raw_app_meta_data, raw_user_meta_data,
    is_super_admin, is_anonymous,
    confirmation_token, recovery_token,
    email_change_token_new, email_change,
    email_change_token_current, phone_change,
    phone_change_token, reauthentication_token
  ) values (
    admin_id,
    '00000000-0000-0000-0000-000000000000',
    'authenticated', 'authenticated',
    'admin@local.test',
    crypt('password', gen_salt('bf')),
    now(), now(), now(),
    jsonb_build_object(
      'provider', 'email',
      'providers', array['email'],
      'role', 'admin'
    ),
    '{}'::jsonb,
    false, false,
    '', '', '', '', '', '', '', ''
  )
  on conflict (id) do nothing;

  insert into auth.identities (
    id, user_id, provider_id, identity_data, provider,
    last_sign_in_at, created_at, updated_at
  ) values (
    gen_random_uuid(), admin_id, admin_id::text,
    jsonb_build_object('sub', admin_id::text, 'email', 'admin@local.test', 'email_verified', true),
    'email', now(), now(), now()
  )
  on conflict (provider_id, provider) do nothing;

  insert into public.profiles (id, name, role, initials, color, status)
  values (admin_id, 'Local Admin', 'admin', 'LA', '#378ADD', 'active')
  on conflict (id) do nothing;
end $$;

-- ─── real prod stores ────────────────────────────────────
-- 4 stores from prod. Towson's id matches what init_schema
-- already inserts; the ON CONFLICT makes that row a no-op.
-- Charles / Frederick / Reisters are added here.
insert into public.stores (id, name, address, status, eod_deadline_time) values
  ('1ea549bb-8b50-4078-9301-479311d9fdec', 'Charles',   '2018 N Charles St, Baltimore, MD 21218', 'active', '22:00'),
  ('0f240390-edda-4b25-8c72-45eeb2ce1988', 'Frederick', '2339 Frederick Ave, Baltimore, MD 21223', 'active', '22:00'),
  ('298e092c-3f6e-4626-a569-54fb8e72f649', 'Reisters',  '7000 Reisterstown, Baltimore, MD 21215',  'active', '22:00'),
  ('00000000-0000-0000-0000-000000000001', 'Towson',    '1234 York Rd, Towson MD 21204',           'active', '22:00')
on conflict (id) do nothing;

-- Drop the synthetic Baltimore store that init_schema seeds.
-- Real prod doesn't have it, so we keep local in sync.
delete from public.stores where id = '00000000-0000-0000-0000-000000000002';

-- ─── grant admin access to all real stores ───────────────
insert into public.user_stores (user_id, store_id)
select '11111111-1111-1111-1111-111111111111', id from public.stores
on conflict do nothing;

-- ─── real prod vendors (PII masked) ──────────────────────
-- 11 vendors. contact_name / phone / email replaced with
-- non-real placeholders. account_number, lead_time_days,
-- categories, delivery_days, order_cutoff_time kept real.
insert into public.vendors (id, name, contact_name, phone, email, account_number, lead_time_days, categories, delivery_days, order_cutoff_time) values
  ('b1ee724a-8626-45ab-85d4-14a99e7cbc45', 'BJs',                                  'Vendor Contact', '555-0000', 'vendor@example.com', '', '1', '{}', '{}', '14:00'),
  ('ffcdf7bd-e6c9-4a32-bf77-ed95f84dee6d', 'COSTCO',                               'Vendor Contact', '555-0000', 'vendor@example.com', '', '1', '{}', '{}', '14:00'),
  ('d26926e6-e8e4-4b2a-8dd8-737571eae415', 'GOLDEN CITY (CHINESE DISTRIBUTOR)',    'Vendor Contact', '555-0000', 'vendor@example.com', '', '1', '{}', '{}', '19:00'),
  ('6c499200-6bda-4b74-8dd3-8c7d6d619ecb', 'H&S BAKERY',                           'Vendor Contact', '555-0000', 'vendor@example.com', '', '1', '{}', '{}', NULL),
  ('137f2d47-45dd-4ed7-bb29-9bfb9a6a00e9', 'LEOPARD (SEAFOOD)',                    'Vendor Contact', '555-0000', 'vendor@example.com', '', '2', '{}', '{}', '19:00'),
  ('67b0d204-5e27-439a-bc06-3675444b3388', 'RESTAURANT DEPOT',                     'Vendor Contact', '555-0000', 'vendor@example.com', '', '1', '{}', '{}', '13:00'),
  ('81b34949-1fde-4237-9411-052cb8daaec9', 'SAMS CLUB',                            'Vendor Contact', '555-0000', 'vendor@example.com', '', '1', '{}', '{}', '14:00'),
  ('2ad3b369-d39d-443e-b291-48088cd63d08', 'SYSCO',                                'Vendor Contact', '555-0000', 'vendor@example.com', '', '2', '{}', '{}', '15:00'),
  ('02dff3a5-e7b9-42ec-ba6d-0b3bc4bb6f99', 'TAI TRADING COMPANY (TOGO-CONTAINER)', 'Vendor Contact', '555-0000', 'vendor@example.com', '', '1', '{}', '{}', '19:00'),
  ('023cba00-1b67-4218-a906-cb18a8e62964', 'US FOOD',                              'Vendor Contact', '555-0000', 'vendor@example.com', '', '2', '{}', '{}', '15:00'),
  ('d5e3adcc-61d0-4401-a391-542170496ad3', 'WEBSTAURANT',                          'Vendor Contact', '555-0000', 'vendor@example.com', '', '3', '{}', '{}', '19:00')
on conflict (id) do nothing;

-- ─── real prod inventory_items ───────────────────────────
-- 572 rows (143 per store × 4 stores).
insert into public.inventory_items (id, store_id, name, category, unit, cost_per_unit, current_stock, par_level, vendor_id, usage_per_portion, expiry_date, case_price, case_qty, sub_unit_size, sub_unit_unit, average_daily_usage, safety_stock) values
  ('1c9b93c1-c4a4-478b-b48b-61e6f396d76b', '00000000-0000-0000-0000-000000000001', '#1 Togo Box', 'Dry goods', 'each', '0.11', '0.000', '3.000', '02dff3a5-e7b9-42ec-ba6d-0b3bc4bb6f99', '0.0000', NULL, '50', '450', '1', 'each', '0', '0'),
  ('42bdc898-aa3d-4c8c-b977-7fb9beafcebc', '00000000-0000-0000-0000-000000000001', '#3 Togo Box', 'Dry goods', 'each', '0.20', '0.000', '3.000', '02dff3a5-e7b9-42ec-ba6d-0b3bc4bb6f99', '0.0000', NULL, '39', '200', '1', 'each', '0', '0'),
  ('d9942b65-de0d-4a00-8284-7423f6bbac87', '00000000-0000-0000-0000-000000000001', '#8 Togo Box', 'Protein', 'each', '0.14', '0.000', '3.000', '02dff3a5-e7b9-42ec-ba6d-0b3bc4bb6f99', '0.0000', NULL, '43', '300', '1', 'each', '0', '0'),
  ('4ce703a6-f5ce-4ecc-bef1-a70a6a760314', '00000000-0000-0000-0000-000000000001', '1/8 Brown Paper Bag', 'Dry goods', 'cases', '50.00', '0.000', '3.000', '02dff3a5-e7b9-42ec-ba6d-0b3bc4bb6f99', '0.0000', NULL, '50', '1', '500', 'each', '0', '0'),
  ('d156c69e-10ce-4073-b7dc-727e2751ff70', '00000000-0000-0000-0000-000000000001', '12LB Brown Paper Bag', 'Dry goods', 'cases', '22.00', '0.000', '3.000', '02dff3a5-e7b9-42ec-ba6d-0b3bc4bb6f99', '0.0000', NULL, '22', '1', '500', 'each', '0', '0'),
  ('79f88b5d-d33c-40cd-bf43-8889fb266401', '00000000-0000-0000-0000-000000000001', '16oz Fries Cup', 'Protein', 'cases', '53.49', '0.000', '3.000', 'd5e3adcc-61d0-4401-a391-542170496ad3', '0.0000', NULL, '53.49', '1', '500', 'each', '0', '0'),
  ('5be30d48-58d7-4251-9c40-714665da11a4', '00000000-0000-0000-0000-000000000001', '16oz Soup Cup w/ Lid', 'Dry goods', 'cases', '50.00', '0.000', '2.000', 'd5e3adcc-61d0-4401-a391-542170496ad3', '0.0000', NULL, '50', '1', '250', 'each', '0', '0'),
  ('f551cdef-3542-4313-96a0-78938032ca89', '00000000-0000-0000-0000-000000000001', '2oz Cup w/ Lid', 'Dry goods', 'cases', '33.00', '0.000', '2.000', '02dff3a5-e7b9-42ec-ba6d-0b3bc4bb6f99', '0.0000', NULL, '33', '1', '2000', 'each', '0', '0'),
  ('5007a3f4-9f4c-46dd-b55a-b347e3368798', '00000000-0000-0000-0000-000000000001', '3.25oz Cup w/ Lid', 'Dry goods', 'cases', '49.00', '0.000', '2.000', '02dff3a5-e7b9-42ec-ba6d-0b3bc4bb6f99', '0.0000', NULL, '49', '1', '2000', '', '0', '0'),
  ('0a4d0d8a-b452-4691-a0be-fe083fe776df', '00000000-0000-0000-0000-000000000001', '4LB Brown Paper Bag', 'Dry goods', 'cases', '15.00', '0.000', '2.000', '02dff3a5-e7b9-42ec-ba6d-0b3bc4bb6f99', '0.0000', NULL, '15', '1', '400', '', '0', '0'),
  ('8ee7cb64-93dd-4462-8f74-2f354784faa4', '00000000-0000-0000-0000-000000000001', '8oz Cup w/ Lid', 'Dry goods', 'cases', '0.18', '0.000', '2.000', 'd5e3adcc-61d0-4401-a391-542170496ad3', '0.0000', NULL, '44.5', '250', '1', 'each', '0', '0'),
  ('6d0da006-2533-40f9-a0a0-a48a118606e5', '00000000-0000-0000-0000-000000000001', 'Aluminum Foil 12" x 10 3/4"', 'Protein', 'cases', '0.04', '0.000', '2.000', 'd5e3adcc-61d0-4401-a391-542170496ad3', '0.0000', NULL, '86.99', '2400', '1', 'each', '0', '0'),
  ('347dd643-7dbb-44f5-875f-b633db039515', '00000000-0000-0000-0000-000000000001', 'American Cheese', 'Dairy & Sauce', 'cases', '13.63', '0.000', '8.000', '2ad3b369-d39d-443e-b291-48088cd63d08', '0.0000', NULL, '54.52', '4', '5', 'lbs', '0', '0'),
  ('37d98e55-7a78-486e-88c1-8dbc2814b58a', '00000000-0000-0000-0000-000000000001', 'Banana Pudding', 'Desserts', 'each', '2.55', '0.000', '40.000', '023cba00-1b67-4218-a906-cb18a8e62964', '0.0000', NULL, '20.41', '8', '5', 'oz', '0', '0'),
  ('d81adb8a-58fa-487c-b87d-dec1f6d664db', '00000000-0000-0000-0000-000000000001', 'Basmatic Rice', 'Condiments', 'bags', '63.18', '0.000', '4.000', '2ad3b369-d39d-443e-b291-48088cd63d08', '0.0000', NULL, '63.18', '1', '40', 'lbs', '0', '0'),
  ('6ad05a28-061d-4b19-a6f3-dd35bac0bbc4', '00000000-0000-0000-0000-000000000001', 'BBQ Sauce', 'Produce', 'cases', '15.50', '0.000', '1.000', '023cba00-1b67-4218-a906-cb18a8e62964', '0.0000', NULL, '62.01', '4', '1', 'gal', '0', '0'),
  ('162e4218-2f3d-4de2-8f81-9b566a1b4ae6', '00000000-0000-0000-0000-000000000001', 'Black Glove (For Workers)', 'Cleaning Supplies', 'bags', '5.00', '0.000', '2.000', 'd5e3adcc-61d0-4401-a391-542170496ad3', '0.0000', NULL, '50', '10', '100', 'each', '0', '0'),
  ('f2a68716-a45f-4e83-85fc-40bf09c9e914', '00000000-0000-0000-0000-000000000001', 'Black Pepper', 'Protein', 'each', '42.00', '0.000', '2.000', 'd5e3adcc-61d0-4401-a391-542170496ad3', '0.0000', NULL, '42', '1', '5', 'lbs', '0', '0'),
  ('81ffa4e7-ef0a-4d25-9f03-c890c35f66ac', '00000000-0000-0000-0000-000000000001', 'Black Togo Container 6" x 6" (Burger)', 'Dry goods', 'each', '0.10', '0.000', '2.000', 'd5e3adcc-61d0-4401-a391-542170496ad3', '0.0000', NULL, '25', '250', '1', 'each', '0', '0'),
  ('997d1738-0ed8-47d9-a766-f4ecbb291e12', '00000000-0000-0000-0000-000000000001', 'Black Togo Platter 9" x 6" (Rice Container)', 'Dry goods', 'each', '0.17', '0.000', '4.000', 'd5e3adcc-61d0-4401-a391-542170496ad3', '0.0000', NULL, '25.49', '150', '1', 'each', '0', '0'),
  ('70e1be6b-dee3-41fa-9c01-6e40ab4bd247', '00000000-0000-0000-0000-000000000001', 'Bleach', 'Cleaning Supplies', 'each', '3.33', '0.000', '8.000', 'd26926e6-e8e4-4b2a-8dd8-737571eae415', '0.0000', NULL, '20', '6', '1', 'gal', '0', '0'),
  ('ea1a73bc-4e34-43c4-a185-e8b7c76e29da', '00000000-0000-0000-0000-000000000001', 'Blue Cheese', 'Dairy', 'cases', '22.43', '0.000', '1.000', '023cba00-1b67-4218-a906-cb18a8e62964', '0.0000', NULL, '89.72', '4', '1', 'gal', '0', '0'),
  ('d01cac46-af5b-4247-8567-a1f6c12bdd02', '00000000-0000-0000-0000-000000000001', 'Brioche Bun 4”', 'Bread', 'each', '0.44', '0.000', '0.000', NULL, '0.0000', NULL, '5.3', '12', '1', 'each', '0', '0'),
  ('b63114a0-2f12-44d3-a1e0-1499d1cdcd98', '00000000-0000-0000-0000-000000000001', 'Broccoli', 'Vegetable & Produce', 'cases', '32.00', '0.000', '1.500', 'd26926e6-e8e4-4b2a-8dd8-737571eae415', '0.0000', NULL, '32', '1', '15', 'lbs', '0', '0'),
  ('ed73ba00-f6dc-4330-bf66-92b0ed125656', '00000000-0000-0000-0000-000000000001', 'Cajun Spice & Skillet', 'Protein', 'cases', '18.75', '0.000', '2.000', 'd5e3adcc-61d0-4401-a391-542170496ad3', '0.0000', NULL, '75', '4', '5', 'lbs', '0', '0'),
  ('daeebe9f-ed34-4c90-ba07-7be34014d295', '00000000-0000-0000-0000-000000000001', 'Caramel Mouse', 'Desserts', 'each', '2.50', '0.000', '36.000', 'b1ee724a-8626-45ab-85d4-14a99e7cbc45', '0.0000', NULL, '14.99', '6', '1', 'each', '0', '0'),
  ('939bb8cc-611e-453d-a849-92b7db954a9f', '00000000-0000-0000-0000-000000000001', 'Carrot Cake 8"', 'Desserts', 'each', '2.00', '0.000', '20.000', 'b1ee724a-8626-45ab-85d4-14a99e7cbc45', '0.0000', NULL, '20', '10', '1', 'each', '0', '0'),
  ('32dc2839-e142-4c90-af85-714206560f96', '00000000-0000-0000-0000-000000000001', 'Cheese Parmesan Grated', 'Dairy', 'cases', '28.02', '0.000', '0.250', '023cba00-1b67-4218-a906-cb18a8e62964', '0.0000', NULL, '112.09', '4', '5', 'lbs', '0', '0'),
  ('9abaa549-ae67-492c-84e9-1fdca4243b23', '00000000-0000-0000-0000-000000000001', 'Chicken Breast Patty', 'Protein', 'each', '1.54', '0.000', '6.000', 'ffcdf7bd-e6c9-4a32-bf77-ed95f84dee6d', '0.0000', NULL, '15.39', '10', '1', 'each', '0', '0'),
  ('c93a9e2a-9721-49b5-967c-e4d770dec494', '00000000-0000-0000-0000-000000000001', 'Chicken Leg', 'Protein', 'cases', '88.68', '0.000', '4.000', 'd26926e6-e8e4-4b2a-8dd8-737571eae415', '0.0000', NULL, '88.68', '1', '40', 'lbs', '0', '0'),
  ('3fd0fce0-3e7f-49c7-86f4-3f375472ba83', '00000000-0000-0000-0000-000000000001', 'Chicken Nugget', 'Appetizer', 'bags', '20.45', '0.000', '2.000', '023cba00-1b67-4218-a906-cb18a8e62964', '0.0000', NULL, '40.9', '2', '5', 'lbs', '0', '0'),
  ('342b2e95-8c79-44eb-9124-74e7ee77ea00', '00000000-0000-0000-0000-000000000001', 'Chicken Seasoning', 'Condiments', 'each', '15.75', '0.000', '2.000', '81b34949-1fde-4237-9411-052cb8daaec9', '0.0000', NULL, '94.5', '6', '28', 'oz', '0', '0'),
  ('c78b8920-3748-4c83-9580-53dca4a1443c', '00000000-0000-0000-0000-000000000001', 'Chicken Stock (Totole)', 'Condiments', 'each', '19.67', '0.000', '6.000', 'd26926e6-e8e4-4b2a-8dd8-737571eae415', '0.0000', NULL, '19.67', '1', '4.6', 'lbs', '0', '0'),
  ('892fe919-1a2a-45db-b1f7-0d4d793a8fdc', '00000000-0000-0000-0000-000000000001', 'Chicken Tenderloin', 'Protein', 'cases', '24.75', '0.000', '1.000', '023cba00-1b67-4218-a906-cb18a8e62964', '0.0000', NULL, '98.99', '4', '10', 'lbs', '0', '0'),
  ('c8444469-a740-4b47-baab-58e1afff4702', '00000000-0000-0000-0000-000000000001', 'Chocolate Cake', 'Desserts', 'each', '2.30', '0.000', '20.000', 'ffcdf7bd-e6c9-4a32-bf77-ed95f84dee6d', '0.0000', NULL, '22.99', '10', '1', 'each', '0', '0'),
  ('aaf59c2c-9a34-447b-8c68-b781d0e201ad', '00000000-0000-0000-0000-000000000001', 'Chocolate Mousse', 'Desserts', 'each', '2.89', '0.000', '24.000', '023cba00-1b67-4218-a906-cb18a8e62964', '0.0000', NULL, '23.13', '8', '4', 'oz', '0', '0'),
  ('d1d8bf01-8b17-4716-8354-9a0a7ea2ba79', '00000000-0000-0000-0000-000000000001', 'Clear Container 5" x 5"', 'Dry goods', 'each', '0.11', '0.000', '2.000', 'd5e3adcc-61d0-4401-a391-542170496ad3', '0.0000', NULL, '53', '500', '1', 'each', '0', '0'),
  ('e91d4f03-298f-48db-ad0b-6408834839d0', '00000000-0000-0000-0000-000000000001', 'Coca Cola', 'Drinks', 'each', '0.58', '0.000', '70.000', 'b1ee724a-8626-45ab-85d4-14a99e7cbc45', '0.0000', NULL, '20.34', '35', '1', 'each', '0', '0'),
  ('4a9a9e0c-a01a-416f-9390-2b4c8700a226', '00000000-0000-0000-0000-000000000001', 'Cocktail Sauce', 'Dairy', 'cases', '16.19', '0.000', '1.000', '023cba00-1b67-4218-a906-cb18a8e62964', '0.0000', NULL, '64.75', '4', '1', 'gal', '0', '0'),
  ('b62c91ad-8f90-4518-82c5-4af1fa5f2ab4', '00000000-0000-0000-0000-000000000001', 'Cooking Wine', 'Condiments', 'each', '4.24', '0.000', '6.000', 'd26926e6-e8e4-4b2a-8dd8-737571eae415', '0.0000', NULL, '16.95', '4', '1', 'gal', '0', '0'),
  ('fdfa0c4c-5a9e-438f-9e13-6444fea981fc', '00000000-0000-0000-0000-000000000001', 'Coriander', 'Condiments', 'each', '10.99', '0.000', '4.000', 'd5e3adcc-61d0-4401-a391-542170496ad3', '0.0000', NULL, '10.99', '1', '3.5', 'lbs', '0', '0'),
  ('1921b4c6-b006-4bdd-8190-19053b311292', '00000000-0000-0000-0000-000000000001', 'Corn On Cob 3"', 'Vegetable & Produce', 'cases', '30.00', '0.000', '4.000', '137f2d47-45dd-4ed7-bb29-9bfb9a6a00e9', '0.0000', NULL, '30', '1', '30', 'lbs', '0', '0'),
  ('6798486f-0ce2-4faf-88bb-6c982bd0a977', '00000000-0000-0000-0000-000000000001', 'Crabmeat (Claw)', 'Seafood', 'each', '12.16', '0.000', '24.000', '2ad3b369-d39d-443e-b291-48088cd63d08', '0.0000', NULL, '145.95', '12', '1', 'lbs', '0', '0'),
  ('a544def6-9fe4-4615-b759-47ad3ef480da', '00000000-0000-0000-0000-000000000001', 'Crabmeat (Lump)', 'Seafood', 'each', '13.13', '0.000', '24.000', '2ad3b369-d39d-443e-b291-48088cd63d08', '0.0000', NULL, '157.59', '12', '1', 'lbs', '0', '0'),
  ('7436ef5f-34b8-4691-a8d9-bd6d1a47dba0', '00000000-0000-0000-0000-000000000001', 'Crawfish', 'Seafood', 'cases', '48.00', '0.000', '5.000', '137f2d47-45dd-4ed7-bb29-9bfb9a6a00e9', '0.0000', NULL, '48', '1', '20', 'lbs', '0', '0'),
  ('50bc2e9b-aa5f-4d73-80ca-a12201cc7d85', '00000000-0000-0000-0000-000000000001', 'Creme Brulee', 'Desserts', 'each', '1.66', '0.000', '30.000', '81b34949-1fde-4237-9411-052cb8daaec9', '0.0000', NULL, '9.98', '6', '1', 'each', '0', '0'),
  ('e67ff85c-b92f-4f75-8519-2c209a475cb3', '00000000-0000-0000-0000-000000000001', 'Creme Brulee Cheesecake', 'Desserts', 'loaves', '49.67', '0.000', '4.000', '023cba00-1b67-4218-a906-cb18a8e62964', '0.0000', NULL, '99.34', '2', '14', 'each', '0', '0'),
  ('4928d39d-1081-4293-88c8-bfbebd85a085', '00000000-0000-0000-0000-000000000001', 'Cucumber', 'Vegetable & Produce', 'cases', '40.00', '0.000', '1.000', 'd26926e6-e8e4-4b2a-8dd8-737571eae415', '0.0000', NULL, '40', '1', '35', 'lbs', '0', '0'),
  ('713520d1-ffd6-4348-a6bf-a7d6f8fae5f3', '00000000-0000-0000-0000-000000000001', 'Deluxe Sub Rolls 8” (6)', 'Bread', 'each', '0.53', '0.000', '0.000', NULL, '0.0000', NULL, '3.2', '6', '1', 'each', '0', '0'),
  ('0d9dd87e-883f-4260-95fb-e7344e432492', '00000000-0000-0000-0000-000000000001', 'Diet Coke', 'Drinks', 'each', '0.58', '0.000', '70.000', 'b1ee724a-8626-45ab-85d4-14a99e7cbc45', '0.0000', NULL, '20.34', '35', '1', 'each', '0', '0'),
  ('1944e0ac-1516-4f31-b1ca-ce5ce52b1a07', '00000000-0000-0000-0000-000000000001', 'Dill Leaf Spice', 'Condiments', 'each', '15.95', '0.000', '2.000', '023cba00-1b67-4218-a906-cb18a8e62964', '0.0000', NULL, '15.95', '1', '5.5', 'oz', '0', '0'),
  ('e84d2887-8ded-4079-b283-f853e6cd3f68', '00000000-0000-0000-0000-000000000001', 'Dish Detergent', 'Cleaning Supplies', 'each', '4.00', '0.000', '6.000', 'd26926e6-e8e4-4b2a-8dd8-737571eae415', '0.0000', NULL, '16', '4', '1', 'gal', '0', '0'),
  ('af8df142-41d5-4248-a333-73cf861f43a5', '00000000-0000-0000-0000-000000000001', 'Dr Pepper', 'Drinks', 'each', '0.53', '0.000', '72.000', 'b1ee724a-8626-45ab-85d4-14a99e7cbc45', '0.0000', NULL, '19.02', '36', '1', 'each', '0', '0'),
  ('ecef0dc1-c531-4e79-b08a-e7149b74cd81', '00000000-0000-0000-0000-000000000001', 'Dungeness Crab Leg', 'Seafood', 'cases', '240.00', '0.000', '2.000', '137f2d47-45dd-4ed7-bb29-9bfb9a6a00e9', '0.0000', NULL, '240', '1', '20', 'lbs', '0', '0'),
  ('56de849a-b309-49d1-9448-e049f2762767', '00000000-0000-0000-0000-000000000001', 'Egg Large', 'Vegetable & Produce', 'cases', '50.00', '0.000', '2.000', 'd26926e6-e8e4-4b2a-8dd8-737571eae415', '0.0000', NULL, '50', '1', '360', 'each', '0', '0'),
  ('cd95b360-ba4c-4a5d-8fa7-0e992d586670', '00000000-0000-0000-0000-000000000001', 'Floor Cleaner Fabuloso', 'Cleaning Supplies', 'each', '4.49', '0.000', '4.000', 'd26926e6-e8e4-4b2a-8dd8-737571eae415', '0.0000', NULL, '4.49', '1', '1', 'gal', '0', '0'),
  ('02fe28a4-644b-41e6-b79e-e3ac87b41111', '00000000-0000-0000-0000-000000000001', 'Floor Cleaner Powder', 'Cleaning Supplies', 'bags', '0.00', '0.000', '1.000', 'd26926e6-e8e4-4b2a-8dd8-737571eae415', '0.0000', NULL, '0', '1', '50', 'lbs', '0', '0'),
  ('c23b90d0-2b53-4c4f-baa2-e82a9ca35164', '00000000-0000-0000-0000-000000000001', 'Flour (50lb)', 'Condiments', 'bags', '20.00', '0.000', '2.000', 'd26926e6-e8e4-4b2a-8dd8-737571eae415', '0.0000', NULL, '20', '1', '50', 'lbs', '0', '0'),
  ('badd2610-1996-46d2-b576-aa9a504e6033', '00000000-0000-0000-0000-000000000001', 'Fork (Plastic Black)', 'Dry goods', 'cases', '56.85', '0.000', '2.000', 'd26926e6-e8e4-4b2a-8dd8-737571eae415', '0.0000', NULL, '56.85', '1', '1000', 'each', '0', '0'),
  ('56da6c67-3a59-4e80-b64b-12aea14e8391', '00000000-0000-0000-0000-000000000001', 'French Fries', 'Appetizer', 'bags', '5.86', '0.000', '96.000', '2ad3b369-d39d-443e-b291-48088cd63d08', '0.0000', NULL, '35.17', '6', '4.5', 'lbs', '0', '0'),
  ('7643e943-ebae-4bdd-bb48-c22f368cdd2a', '00000000-0000-0000-0000-000000000001', 'Fry Oil Canola', 'Condiments', 'gal', '33.95', '0.000', '5.000', 'd26926e6-e8e4-4b2a-8dd8-737571eae415', '0.0000', NULL, '33.95', '1', '1', 'gal', '0', '0'),
  ('dfd2e1ba-8a39-4eae-8eb9-6af3c1815fe9', '00000000-0000-0000-0000-000000000001', 'Garbage Bag (Black Heavy Duty)', 'Dry goods', 'cases', '5.50', '0.000', '7.000', '02dff3a5-e7b9-42ec-ba6d-0b3bc4bb6f99', '0.0000', NULL, '5.5', '1', '25', 'each', '0', '0'),
  ('9f71fbc4-d42d-4585-8fd1-0e9f0d75ebb2', '00000000-0000-0000-0000-000000000001', 'Garlic Fresh Peeled', 'Vegetable & Produce', 'cases', '14.50', '0.000', '1.000', 'd26926e6-e8e4-4b2a-8dd8-737571eae415', '0.0000', NULL, '58', '4', '5', 'lbs', '0', '0'),
  ('7419d7f6-8a4d-4810-a7d3-207ed540a9eb', '00000000-0000-0000-0000-000000000001', 'Garlic Granulated - (27.5 lb.)', 'Condiments', 'bags', '84.50', '0.000', '1.000', 'd5e3adcc-61d0-4401-a391-542170496ad3', '0.0000', NULL, '84.5', '1', '27.5', 'lbs', '0', '0'),
  ('c9f631c9-91a3-4290-8391-822d3b09421b', '00000000-0000-0000-0000-000000000001', 'Garlic Parmesan Sauce', 'Condiments', 'each', '24.59', '0.000', '1.000', '023cba00-1b67-4218-a906-cb18a8e62964', '0.0000', NULL, '49.17', '2', '1', 'gal', '0', '0'),
  ('59739f14-1f5e-4093-b133-89431890c7ed', '00000000-0000-0000-0000-000000000001', 'Ginger Ale', 'Drinks', 'each', '0.61', '0.000', '48.000', 'b1ee724a-8626-45ab-85d4-14a99e7cbc45', '0.0000', NULL, '14.62', '24', '1', 'each', '0', '0'),
  ('214ef35f-0d0a-450c-bbf3-77561fe8a0d0', '00000000-0000-0000-0000-000000000001', 'Green Pepper', 'Vegetable & Produce', 'cases', '50.00', '0.000', '1.000', 'd26926e6-e8e4-4b2a-8dd8-737571eae415', '0.0000', NULL, '50', '1', '20', 'lbs', '0', '0'),
  ('40f4b6b1-5444-4c2f-886e-a43e9b9634e2', '00000000-0000-0000-0000-000000000001', 'Ground Beef', 'Protein', 'cases', '48.70', '0.000', '1.000', '023cba00-1b67-4218-a906-cb18a8e62964', '0.0000', NULL, '292.2', '6', '10', 'lbs', '0', '0'),
  ('d7609706-d695-48c1-8aa4-a6d9e96fea48', '00000000-0000-0000-0000-000000000001', 'Ground Cumin', 'Condiments', 'each', '15.99', '0.000', '4.000', 'd5e3adcc-61d0-4401-a391-542170496ad3', '0.0000', NULL, '15.99', '1', '4', 'lbs', '0', '0'),
  ('e8ef7b7c-08d4-4d06-97b6-fc3b26e860df', '00000000-0000-0000-0000-000000000001', 'Half Black Mussel', 'Seafood', 'cases', '70.56', '0.000', '4.000', '137f2d47-45dd-4ed7-bb29-9bfb9a6a00e9', '0.0000', NULL, '70.56', '1', '22.05', 'lbs', '0', '0'),
  ('9f975dbd-b47c-493e-8bcb-6eb1d3593d51', '00000000-0000-0000-0000-000000000001', 'Hand Kraft Towels', 'Cleaning Supplies', 'each', '1.88', '0.000', '1.000', 'd26926e6-e8e4-4b2a-8dd8-737571eae415', '0.0000', NULL, '22.5', '12', '1', 'each', '0', '0'),
  ('99eae9c7-4a81-4ee7-a3b0-85cd78e20695', '00000000-0000-0000-0000-000000000001', 'Hash Brown Patty Triangle', 'Appetizer', 'bags', '6.64', '0.000', '2.000', '023cba00-1b67-4218-a906-cb18a8e62964', '0.0000', NULL, '39.85', '6', '5', 'lbs', '0', '0'),
  ('c7f9846e-60e9-47d9-90f4-f8aaf488d925', '00000000-0000-0000-0000-000000000001', 'Honey Blend', 'Condiments', 'each', '7.67', '0.000', '4.000', 'd5e3adcc-61d0-4401-a391-542170496ad3', '0.0000', NULL, '46', '6', '5', 'lbs', '0', '0'),
  ('4bdc7c48-8b31-49af-89ac-c1f9e8921fa0', '00000000-0000-0000-0000-000000000001', 'Honey Mustard', 'Dairy', 'cases', '18.53', '0.000', '1.000', '023cba00-1b67-4218-a906-cb18a8e62964', '0.0000', NULL, '74.12', '4', '1', 'gal', '0', '0'),
  ('d68e1a72-f5c1-49be-81ff-6b48a7ccb8c9', '00000000-0000-0000-0000-000000000001', 'Horseradish', 'Dairy & Sauce', 'each', '16.95', '0.000', '1.000', '2ad3b369-d39d-443e-b291-48088cd63d08', '0.0000', NULL, '16.95', '1', '8', 'lbs', '0', '0'),
  ('1cfbf0ec-9bce-4168-9793-45983adfc96d', '00000000-0000-0000-0000-000000000001', 'Ice Tea mix', 'Drinks', 'each', '8.87', '0.000', '8.000', '81b34949-1fde-4237-9411-052cb8daaec9', '0.0000', NULL, '8.87', '1', '89.8', 'oz', '0', '0'),
  ('5d0a4ef7-0833-449b-8a70-395715c0f422', '00000000-0000-0000-0000-000000000001', 'Imitation Crabmeat (Oyster Bay)', 'Seafood', 'cases', '2.50', '0.000', '2.000', 'd26926e6-e8e4-4b2a-8dd8-737571eae415', '0.0000', NULL, '75', '12', '2.5', 'lbs', '0', '0'),
  ('125aee2d-c7dd-408f-ae51-83530713ef8b', '00000000-0000-0000-0000-000000000001', 'Ketchup (Can 114oz)', 'Dairy & Sauce', 'cases', '7.43', '0.000', '1.000', '023cba00-1b67-4218-a906-cb18a8e62964', '0.0000', NULL, '44.55', '6', '114', 'oz', '0', '0'),
  ('ee44e37c-c5e2-4249-80dd-18583fb2b52d', '00000000-0000-0000-0000-000000000001', 'Ketchup (Package)', 'Dairy & Sauce', 'lbs', '20.50', '0.000', '3.000', 'd26926e6-e8e4-4b2a-8dd8-737571eae415', '0.0000', NULL, '20.5', '1', '1000', 'each', '0', '0'),
  ('09f24101-892b-4da3-9456-79929b1bea16', '00000000-0000-0000-0000-000000000001', 'Lamb Gyro Meat', 'Protein', 'cases', '41.35', '0.000', '2.000', '023cba00-1b67-4218-a906-cb18a8e62964', '0.0000', NULL, '165.39', '4', '10', 'lbs', '0', '0'),
  ('0113ed2b-dfee-4e7f-b6c0-dda8a64b322f', '00000000-0000-0000-0000-000000000001', 'Lava Cake', 'Protein', 'lbs', '38.34', '0.000', '1.000', '023cba00-1b67-4218-a906-cb18a8e62964', '0.0000', NULL, '153.36', '4', '9', 'each', '0', '0'),
  ('655349ce-3f55-4e2f-94e8-1e19744e817b', '00000000-0000-0000-0000-000000000001', 'Lemon Juice 48fl. oz.', 'Protein', 'cases', '3.50', '0.000', '6.000', 'ffcdf7bd-e6c9-4a32-bf77-ed95f84dee6d', '0.0000', NULL, '7', '2', '48', 'oz', '0', '0'),
  ('0dc139ed-bc0b-4bf3-864f-013009f85f8b', '00000000-0000-0000-0000-000000000001', 'Lemon Pepper Seasoning', 'Condiments', 'each', '23.77', '0.000', '4.000', '67b0d204-5e27-439a-bc06-3675444b3388', '0.0000', NULL, '95.08', '4', '7', 'lbs', '0', '0'),
  ('859f5af9-6cf1-423f-9260-d630a7d76fc0', '00000000-0000-0000-0000-000000000001', 'Lemonade Mix (Country Time)', 'Drinks', 'each', '9.88', '0.000', '8.000', '81b34949-1fde-4237-9411-052cb8daaec9', '0.0000', NULL, '9.88', '1', '82.5', 'oz', '0', '0'),
  ('4bd0bb5c-78c9-4643-82f7-4d080f06d032', '00000000-0000-0000-0000-000000000001', 'Lettuce Iceberg', 'Vegetable & Produce', 'each', '1.25', '0.000', '96.000', 'd26926e6-e8e4-4b2a-8dd8-737571eae415', '0.0000', NULL, '30', '24', '1', 'each', '0', '0'),
  ('8ce41bf8-7299-48e6-a6a5-9d33fa5e8c0d', '00000000-0000-0000-0000-000000000001', 'Lobster Tail', 'Seafood', 'cases', '220.00', '0.000', '2.000', '137f2d47-45dd-4ed7-bb29-9bfb9a6a00e9', '0.0000', NULL, '220', '1', '10', 'lbs', '0', '0'),
  ('2d0923ab-3f1f-4117-b469-9f2c4b7eae48', '00000000-0000-0000-0000-000000000001', 'Mac n Cheese', 'Appetizer', 'each', '14.00', '0.000', '6.000', 'ffcdf7bd-e6c9-4a32-bf77-ed95f84dee6d', '0.0000', NULL, '14', '1', '3.19', 'lbs', '0', '0'),
  ('478d17c3-593f-4fdd-918e-2e7f5a99804b', '00000000-0000-0000-0000-000000000001', 'Mac n Cheese Bite', 'Appetizer', 'bags', '10.99', '0.000', '10.000', 'b1ee724a-8626-45ab-85d4-14a99e7cbc45', '0.0000', NULL, '10.99', '1', '36', 'each', '0', '0'),
  ('5c116ccb-8999-45f5-bd8d-560705ed891e', '00000000-0000-0000-0000-000000000001', 'Margarine', 'Condiments', 'each', '20.00', '0.000', '4.000', '023cba00-1b67-4218-a906-cb18a8e62964', '0.0000', NULL, '39.99', '2', '17.5', 'lbs', '0', '0'),
  ('79d4531b-a9af-4e1e-a4d1-e4e08149ca97', '00000000-0000-0000-0000-000000000001', 'Marinara Sauce', 'Dairy & Sauce', 'each', '8.09', '0.000', '8.000', '2ad3b369-d39d-443e-b291-48088cd63d08', '0.0000', NULL, '48.55', '6', '4.5', 'lbs', '0', '0'),
  ('60256f57-df4b-42be-be67-c2a671553566', '00000000-0000-0000-0000-000000000001', 'Mayonnaise', 'Dairy', 'cases', '10.11', '0.000', '5.000', '023cba00-1b67-4218-a906-cb18a8e62964', '0.0000', NULL, '40.45', '4', '1', 'gal', '0', '0'),
  ('fb91b682-b74f-4c77-b3dd-72ab98c208ee', '00000000-0000-0000-0000-000000000001', 'Milk', 'Dairy & Sauce', 'gal', '3.21', '0.000', '4.000', 'ffcdf7bd-e6c9-4a32-bf77-ed95f84dee6d', '0.0000', NULL, '3.21', '1', '1', 'gal', '0', '0'),
  ('21e59b6f-dc7c-4712-9245-29970d1281bf', '00000000-0000-0000-0000-000000000001', 'Montreal Steak Seasoning', 'Condiments', 'each', '9.33', '0.000', '2.000', '81b34949-1fde-4237-9411-052cb8daaec9', '0.0000', NULL, '56', '6', '29', 'oz', '0', '0'),
  ('661e37bd-263e-43b3-90bf-2bd15793dd33', '00000000-0000-0000-0000-000000000001', 'Mozzarella Stick', 'Appetizer', 'bags', '6.90', '0.000', '24.000', '2ad3b369-d39d-443e-b291-48088cd63d08', '0.0000', NULL, '41.37', '6', '22', 'each', '0', '0'),
  ('0131e0fe-be62-4d6e-83f0-27d4619bc981', '00000000-0000-0000-0000-000000000001', 'MSG Ajinomoto Umami', 'Condiments', 'cases', '0.00', '0.000', '1.000', 'd26926e6-e8e4-4b2a-8dd8-737571eae415', '0.0000', NULL, '0', '1', '100', 'lbs', '0', '0'),
  ('a2c1409f-72fe-469c-a6d3-8c86635ae91b', '00000000-0000-0000-0000-000000000001', 'Mustard (Gal)', 'Condiments', 'each', '7.32', '0.000', '1.000', '023cba00-1b67-4218-a906-cb18a8e62964', '0.0000', NULL, '29.27', '4', '1', 'gal', '0', '0'),
  ('8f7ac07a-a0d2-4427-97a9-dd3ade5e6633', '00000000-0000-0000-0000-000000000001', 'Napkin (Togo)', 'Dry goods', 'cases', '0.00', '0.000', '3.000', 'd26926e6-e8e4-4b2a-8dd8-737571eae415', '0.0000', NULL, '32', '1', '1', 'cases', '0', '0'),
  ('464b2d79-1c75-4e31-b894-0b342f18f889', '00000000-0000-0000-0000-000000000001', 'Old Bay Seasoning', 'Condiments', 'each', '39.50', '0.000', '2.000', 'd5e3adcc-61d0-4401-a391-542170496ad3', '0.0000', NULL, '118.5', '3', '7.5', 'lbs', '0', '0'),
  ('209d9ca2-28fd-46a4-ba7b-afaef5189cfb', '00000000-0000-0000-0000-000000000001', 'Onion Ring', 'Appetizer', 'bags', '6.26', '0.000', '2.000', '023cba00-1b67-4218-a906-cb18a8e62964', '0.0000', NULL, '25.03', '4', '2.5', 'lbs', '0', '0'),
  ('7a7b555c-bbd3-49cb-a3a5-02308c19bc69', '00000000-0000-0000-0000-000000000001', 'Onion Yellow', 'Vegetable & Produce', 'bags', '20.00', '0.000', '1.000', 'd26926e6-e8e4-4b2a-8dd8-737571eae415', '0.0000', NULL, '20', '1', '50', 'lbs', '0', '0'),
  ('a874ae45-7817-496e-ad12-702dcf568918', '00000000-0000-0000-0000-000000000001', 'Oregano Leaves - (20 lb. )', 'Condiments', 'bags', '143.00', '0.000', '1.000', 'd5e3adcc-61d0-4401-a391-542170496ad3', '0.0000', NULL, '143', '1', '20', 'lbs', '0', '0'),
  ('a9c817fd-671e-428b-8e22-51ef9a045d86', '00000000-0000-0000-0000-000000000001', 'Paprika', 'Condiments', 'each', '20.00', '0.000', '2.000', 'd5e3adcc-61d0-4401-a391-542170496ad3', '0.0000', NULL, '80', '4', '5', 'lbs', '0', '0'),
  ('50a1d9e4-23ad-4aea-8bd5-6f43310eb355', '00000000-0000-0000-0000-000000000001', 'Parsley Flake', 'Condiments', 'each', '21.02', '0.000', '2.000', '023cba00-1b67-4218-a906-cb18a8e62964', '0.0000', NULL, '21.02', '1', '11', 'oz', '0', '0'),
  ('39db2046-fe87-407d-b4fe-91b4aee1b0a3', '00000000-0000-0000-0000-000000000001', 'Pepsi', 'Drinks', 'each', '0.53', '0.000', '72.000', 'b1ee724a-8626-45ab-85d4-14a99e7cbc45', '0.0000', NULL, '19.02', '36', '1', 'each', '0', '0'),
  ('543be0ce-3cad-4520-890b-68e5c414483a', '00000000-0000-0000-0000-000000000001', 'Philly Steak', 'Protein', 'cases', '0.26', '0.000', '0.000', '023cba00-1b67-4218-a906-cb18a8e62964', '0.0000', NULL, '42.82', '27', '6', 'oz', '0', '0'),
  ('c7cad3bf-0293-4034-a0b1-d26b834e552f', '00000000-0000-0000-0000-000000000001', 'Pickle', 'Vegetable & Produce', 'each', '26.24', '0.000', '1.000', '023cba00-1b67-4218-a906-cb18a8e62964', '0.0000', NULL, '26.24', '1', '2', 'gal', '0', '0'),
  ('a3b93ce8-842c-42d5-b7e5-00306de95397', '00000000-0000-0000-0000-000000000001', 'Pita Bread', 'Bread', 'bags', '3.17', '0.000', '18.000', '2ad3b369-d39d-443e-b291-48088cd63d08', '0.0000', NULL, '37.99', '12', '10', 'each', '0', '0'),
  ('cdcd6548-99e4-453d-ab70-024755f4792c', '00000000-0000-0000-0000-000000000001', 'Plain Yogurt', 'Dairy', 'cases', '4.18', '0.000', '2.000', '023cba00-1b67-4218-a906-cb18a8e62964', '0.0000', NULL, '25.09', '6', '32', 'oz', '0', '0'),
  ('ab91a6c4-da73-4c6b-84ae-7107758cd82f', '00000000-0000-0000-0000-000000000001', 'Potato Red', 'Vegetable & Produce', 'bags', '27.00', '0.000', '2.000', 'd26926e6-e8e4-4b2a-8dd8-737571eae415', '0.0000', NULL, '27', '1', '50', 'lbs', '0', '0'),
  ('a70ec98b-463e-40bc-a1c8-4e9ce951ea7f', '00000000-0000-0000-0000-000000000001', 'Potato Starch (50 lb.)', 'Condiments', 'bags', '22.00', '0.000', '2.000', 'd26926e6-e8e4-4b2a-8dd8-737571eae415', '0.0000', NULL, '22', '1', '50', 'lbs', '0', '0'),
  ('b54e1994-38f8-4699-a0fc-4b2c7bbb5da3', '00000000-0000-0000-0000-000000000001', 'Provolone Cheese', 'Dairy & Sauce', 'each', '5.53', '0.000', '8.000', '2ad3b369-d39d-443e-b291-48088cd63d08', '0.0000', NULL, '33.18', '6', '1.5', 'lbs', '0', '0'),
  ('d7fd5097-de3d-4049-bb2e-e6786993326e', '00000000-0000-0000-0000-000000000001', 'Ranch Dressing', 'Dairy & Sauce', 'cases', '13.74', '0.000', '6.000', '2ad3b369-d39d-443e-b291-48088cd63d08', '0.0000', NULL, '54.95', '4', '1', 'gal', '0', '0'),
  ('79158e8a-9ded-4615-8e61-33a8be5388ce', '00000000-0000-0000-0000-000000000001', 'Red Hot', 'Condiments', 'each', '18.47', '0.000', '1.000', '023cba00-1b67-4218-a906-cb18a8e62964', '0.0000', NULL, '73.89', '4', '1', 'gal', '0', '0'),
  ('08c917cd-9eca-42a3-bc96-5449c242bdf8', '00000000-0000-0000-0000-000000000001', 'Red Hot Pepper Relish', 'Condiments', 'each', '9.75', '0.000', '1.000', 'd5e3adcc-61d0-4401-a391-542170496ad3', '0.0000', NULL, '39', '4', '1', 'gal', '0', '0'),
  ('f3283377-6dbd-4294-a203-ff86cf82d40d', '00000000-0000-0000-0000-000000000001', 'Register Paper Roll', 'Dry goods', 'cases', '40.00', '0.000', '2.000', 'd26926e6-e8e4-4b2a-8dd8-737571eae415', '0.0000', NULL, '40', '1', '1', 'each', '0', '0'),
  ('715d64b8-8ca5-4b4f-9ed9-fa5d7fd38ac9', '00000000-0000-0000-0000-000000000001', 'Salsa Sauce', 'Condiments', 'each', '9.79', '0.000', '1.000', '023cba00-1b67-4218-a906-cb18a8e62964', '0.0000', NULL, '58.73', '6', '114', 'oz', '0', '0'),
  ('d808a31e-cbd8-4a3f-b5c6-9d98d6625b6d', '00000000-0000-0000-0000-000000000001', 'Salt (25 lb.)', 'Condiments', 'bags', '16.00', '0.000', '1.000', 'd26926e6-e8e4-4b2a-8dd8-737571eae415', '0.0000', NULL, '16', '1', '25', 'lbs', '0', '0'),
  ('5913be7c-fef5-4511-b1c2-04f620e20ec3', '00000000-0000-0000-0000-000000000001', 'Seafood Bag', 'Dry goods', 'cases', '50.00', '0.000', '2.000', '137f2d47-45dd-4ed7-bb29-9bfb9a6a00e9', '0.0000', NULL, '50', '1', '500', 'each', '0', '0'),
  ('960ee742-5132-4147-95e8-2ff384b49847', '00000000-0000-0000-0000-000000000001', 'Seafood Glove', 'Dry goods', 'cases', '3.50', '0.000', '2.000', '137f2d47-45dd-4ed7-bb29-9bfb9a6a00e9', '0.0000', NULL, '35', '10', '500', 'each', '0', '0'),
  ('9b949b63-24e1-4ae5-8464-a8db6fae8c1f', '00000000-0000-0000-0000-000000000001', 'Shredded Cheese', 'Dairy & Sauce', 'bags', '12.76', '0.000', '3.000', '81b34949-1fde-4237-9411-052cb8daaec9', '0.0000', NULL, '12.76', '1', '5', 'lbs', '0', '0'),
  ('14f3d143-7dbd-4f09-b51e-0d14b4e5e3c5', '00000000-0000-0000-0000-000000000001', 'Shrimp - (Head On)', 'Seafood', 'cases', '79.20', '0.000', '2.000', '137f2d47-45dd-4ed7-bb29-9bfb9a6a00e9', '0.0000', NULL, '79.2', '1', '24', 'lbs', '0', '0'),
  ('c9a62517-516b-4fa3-8308-638596c54b0c', '00000000-0000-0000-0000-000000000001', 'Shrimp - Head Off', 'Protein', 'lbs', '103.00', '0.000', '12.000', '137f2d47-45dd-4ed7-bb29-9bfb9a6a00e9', '0.0000', NULL, '103', '1', '20', 'lbs', '0', '0'),
  ('6d980b94-7bcf-461a-af6e-243157c3f98b', '00000000-0000-0000-0000-000000000001', 'Slice Bacon', 'Protein', 'bags', '3.93', '0.000', '3.000', '81b34949-1fde-4237-9411-052cb8daaec9', '0.0000', NULL, '11.79', '3', '16', 'oz', '0', '0'),
  ('596e3286-408e-4b70-89e7-6807b4efe9c3', '00000000-0000-0000-0000-000000000001', 'Smoked Sausage (Kielbasa)', 'Protein', 'lbs', '15.00', '0.000', '3.000', '137f2d47-45dd-4ed7-bb29-9bfb9a6a00e9', '0.0000', NULL, '30', '2', '5', 'lbs', '0', '0'),
  ('f4ee3ab4-e4f8-4026-bdfd-b5a6cb30b478', '00000000-0000-0000-0000-000000000001', 'Snow Crab Leg', 'Seafood', 'lbs', '381.00', '0.000', '5.000', '023cba00-1b67-4218-a906-cb18a8e62964', '0.0000', NULL, '381', '1', '30', 'lbs', '0', '0'),
  ('6d294af0-47ce-4e10-8e72-fcfed7006797', '00000000-0000-0000-0000-000000000001', 'Sour Cream', 'Dairy & Sauce', 'each', '6.83', '0.000', '12.000', '2ad3b369-d39d-443e-b291-48088cd63d08', '0.0000', NULL, '40.99', '6', '4.5', 'lbs', '0', '0'),
  ('92c4d114-b121-41f3-ac7d-4b7efac30254', '00000000-0000-0000-0000-000000000001', 'Sprite', 'Drinks', 'each', '0.67', '0.000', '36.000', 'b1ee724a-8626-45ab-85d4-14a99e7cbc45', '0.0000', NULL, '24', '36', '1', 'each', '0', '0'),
  ('39dd520a-6acf-49f3-805a-d8798995753a', '00000000-0000-0000-0000-000000000001', 'Sugar', 'Condiments', 'bags', '30.95', '0.000', '3.000', 'd26926e6-e8e4-4b2a-8dd8-737571eae415', '0.0000', NULL, '30.95', '1', '50', 'lbs', '0', '0'),
  ('fecd3ff0-25c2-4e1f-9f89-c9a7c7957f0e', '00000000-0000-0000-0000-000000000001', 'Sweet Potato Fries', 'Appetizer', 'bags', '4.83', '0.000', '5.000', '67b0d204-5e27-439a-bc06-3675444b3388', '0.0000', NULL, '29', '6', '2.5', 'lbs', '0', '0'),
  ('a3ee0696-06ab-4bf2-9530-dc11d3e1d3a6', '00000000-0000-0000-0000-000000000001', 'Taco Seasoning', 'Condiments', 'bags', '66.00', '0.000', '1.000', 'd5e3adcc-61d0-4401-a391-542170496ad3', '0.0000', NULL, '66', '1', '25', 'lbs', '0', '0'),
  ('3dea7a10-f262-43bc-af2d-92e0f0c05061', '00000000-0000-0000-0000-000000000001', 'Tartar', 'Dairy', 'cases', '15.77', '0.000', '1.000', '023cba00-1b67-4218-a906-cb18a8e62964', '0.0000', NULL, '63.08', '4', '1', 'gal', '0', '0'),
  ('979124d7-931c-43c2-a129-a9d13f03341c', '00000000-0000-0000-0000-000000000001', 'Toilet Paper Rolls', 'Cleaning Supplies', 'cases', '24.00', '0.000', '2.000', 'd26926e6-e8e4-4b2a-8dd8-737571eae415', '0.0000', NULL, '24', '1', '24', 'each', '0', '0'),
  ('3b11eb7a-dbfc-4fc1-bdec-e85babac0aeb', '00000000-0000-0000-0000-000000000001', 'Tomato', 'Vegetable & Produce', 'cases', '60.00', '0.000', '3.000', 'd26926e6-e8e4-4b2a-8dd8-737571eae415', '0.0000', NULL, '60', '1', '20', 'lbs', '0', '0'),
  ('6813d6f6-b091-4b6a-969c-4a5ee8980610', '00000000-0000-0000-0000-000000000001', 'Tortilla 10"', 'Bread', 'each', '0.22', '0.000', '200.000', '81b34949-1fde-4237-9411-052cb8daaec9', '0.0000', NULL, '8.98', '40', '1', 'each', '0', '0'),
  ('4ac7733b-b1ed-4687-bc59-0765b59b3aeb', '00000000-0000-0000-0000-000000000001', 'Tres Leche', 'Desserts', 'loaves', '36.10', '0.000', '3.000', '023cba00-1b67-4218-a906-cb18a8e62964', '0.0000', NULL, '72.19', '2', '15', 'each', '0', '0'),
  ('ebc12014-047f-4256-8530-805bd42a358f', '00000000-0000-0000-0000-000000000001', 'Tumeric', 'Condiments', 'each', '22.49', '0.000', '4.000', 'd5e3adcc-61d0-4401-a391-542170496ad3', '0.0000', NULL, '22.49', '1', '5', 'lbs', '0', '0'),
  ('3a47f37a-6d3e-407a-bd28-392107382f47', '00000000-0000-0000-0000-000000000001', 'Water (Bottle)', 'Drinks', 'each', '0.11', '0.000', '160.000', 'ffcdf7bd-e6c9-4a32-bf77-ed95f84dee6d', '0.0000', NULL, '4.39', '40', '1', 'each', '0', '0'),
  ('8b2b81a5-beb3-4da6-94c0-4d03475afee3', '00000000-0000-0000-0000-000000000001', 'White Togo Container 6" x 6" (Sandwich)', 'Dry goods', 'each', '0.10', '0.000', '2.000', 'd5e3adcc-61d0-4401-a391-542170496ad3', '0.0000', NULL, '25', '250', '1', 'each', '0', '0'),
  ('cd9bf450-a061-4585-982a-1d0a60b70fc8', '00000000-0000-0000-0000-000000000001', 'White Togo Platter 9" x 6" (Sub)', 'Dry goods', 'each', '0.21', '0.000', '4.000', 'd5e3adcc-61d0-4401-a391-542170496ad3', '0.0000', NULL, '31', '150', '1', 'each', '0', '0'),
  ('1d8da2e3-323b-45ce-9495-82c4187ec0bc', '00000000-0000-0000-0000-000000000001', 'Whiting Fish', 'Seafood', 'bags', '29.25', '0.000', '5.000', '2ad3b369-d39d-443e-b291-48088cd63d08', '0.0000', NULL, '117', '4', '10', 'lbs', '0', '0'),
  ('9771ee39-c322-4286-8175-0213c662dd4d', '00000000-0000-0000-0000-000000000001', 'Wings', 'Protein', 'cases', '19.47', '0.000', '8.000', '023cba00-1b67-4218-a906-cb18a8e62964', '0.0000', NULL, '77.87', '4', '10', 'lbs', '0', '0'),
  ('5c916697-79c5-4025-8656-fbb51ff9870d', '00000000-0000-0000-0000-000000000001', 'Worcestershire', 'Dairy & Sauce', 'each', '8.75', '0.000', '5.000', '2ad3b369-d39d-443e-b291-48088cd63d08', '0.0000', NULL, '34.99', '4', '1', 'gal', '0', '0'),
  ('26fceae4-a6e5-427d-be2a-3179a01315db', '00000000-0000-0000-0000-000000000001', 'Zatarian''s Fish Fry', 'Condiments', 'each', '8.63', '0.000', '3.000', '81b34949-1fde-4237-9411-052cb8daaec9', '0.0000', NULL, '34.5', '4', '5.75', 'lbs', '0', '0'),
  ('24774e45-bfb0-4af6-af78-2dd6907e04b0', '0f240390-edda-4b25-8c72-45eeb2ce1988', '#1 Togo Box', 'Dry goods', 'each', '0.11', '0.000', '3.000', '02dff3a5-e7b9-42ec-ba6d-0b3bc4bb6f99', '0.0000', NULL, '50', '450', '1', 'each', '0', '0'),
  ('b517e11c-e2d3-4f35-b9d2-d76816af9ca3', '0f240390-edda-4b25-8c72-45eeb2ce1988', '#3 Togo Box', 'Dry goods', 'each', '0.20', '0.000', '3.000', '02dff3a5-e7b9-42ec-ba6d-0b3bc4bb6f99', '0.0000', NULL, '39', '200', '1', 'each', '0', '0'),
  ('2cb195ba-b829-4923-b5fe-fd548065f844', '0f240390-edda-4b25-8c72-45eeb2ce1988', '#8 Togo Box', 'Protein', 'each', '0.14', '0.000', '3.000', '02dff3a5-e7b9-42ec-ba6d-0b3bc4bb6f99', '0.0000', NULL, '43', '300', '1', 'each', '0', '0'),
  ('38818f79-3062-46e2-bd85-144271d1e11d', '0f240390-edda-4b25-8c72-45eeb2ce1988', '1/8 Brown Paper Bag', 'Dry goods', 'cases', '50.00', '0.000', '3.000', '02dff3a5-e7b9-42ec-ba6d-0b3bc4bb6f99', '0.0000', NULL, '50', '1', '500', 'each', '0', '0'),
  ('a73a2c7e-56a2-47e6-88f0-3bcc6a2ef205', '0f240390-edda-4b25-8c72-45eeb2ce1988', '12LB Brown Paper Bag', 'Dry goods', 'cases', '22.00', '0.000', '3.000', '02dff3a5-e7b9-42ec-ba6d-0b3bc4bb6f99', '0.0000', NULL, '22', '1', '500', 'each', '0', '0'),
  ('e6165edb-b875-4fef-a16d-ab99dd4937fb', '0f240390-edda-4b25-8c72-45eeb2ce1988', '16oz Fries Cup', 'Protein', 'cases', '53.49', '0.000', '3.000', 'd5e3adcc-61d0-4401-a391-542170496ad3', '0.0000', NULL, '53.49', '1', '500', 'each', '0', '0'),
  ('5615ce3e-2bde-4ce1-8ca5-e18d72d790dc', '0f240390-edda-4b25-8c72-45eeb2ce1988', '16oz Soup Cup w/ Lid', 'Dry goods', 'cases', '50.00', '0.000', '2.000', 'd5e3adcc-61d0-4401-a391-542170496ad3', '0.0000', NULL, '50', '1', '250', 'each', '0', '0'),
  ('888ea643-1ac7-432a-ba89-a8da623b92e5', '0f240390-edda-4b25-8c72-45eeb2ce1988', '2oz Cup w/ Lid', 'Dry goods', 'cases', '33.00', '0.000', '2.000', '02dff3a5-e7b9-42ec-ba6d-0b3bc4bb6f99', '0.0000', NULL, '33', '1', '2000', 'each', '0', '0'),
  ('3862d04c-c2a2-4c1b-87d1-562afe0c5318', '0f240390-edda-4b25-8c72-45eeb2ce1988', '3.25oz Cup w/ Lid', 'Dry goods', 'cases', '49.00', '0.000', '2.000', '02dff3a5-e7b9-42ec-ba6d-0b3bc4bb6f99', '0.0000', NULL, '49', '1', '2000', '', '0', '0'),
  ('ac347299-59c7-40aa-92ad-1af871e68817', '0f240390-edda-4b25-8c72-45eeb2ce1988', '4LB Brown Paper Bag', 'Dry goods', 'cases', '15.00', '0.000', '2.000', '02dff3a5-e7b9-42ec-ba6d-0b3bc4bb6f99', '0.0000', NULL, '15', '1', '400', '', '0', '0'),
  ('cd291f83-a1b6-4fa7-ab40-05aa14784aaf', '0f240390-edda-4b25-8c72-45eeb2ce1988', '8oz Cup w/ Lid', 'Dry goods', 'cases', '0.18', '0.000', '2.000', 'd5e3adcc-61d0-4401-a391-542170496ad3', '0.0000', NULL, '44.5', '250', '1', 'each', '0', '0'),
  ('5ee30b58-b04d-4f96-a444-b7caf8b23a18', '0f240390-edda-4b25-8c72-45eeb2ce1988', 'Aluminum Foil 12" x 10 3/4"', 'Protein', 'cases', '0.04', '0.000', '2.000', 'd5e3adcc-61d0-4401-a391-542170496ad3', '0.0000', NULL, '86.99', '2400', '1', 'each', '0', '0'),
  ('ffdb91ec-4f3d-4af8-b458-b15fd870ed4a', '0f240390-edda-4b25-8c72-45eeb2ce1988', 'American Cheese', 'Dairy & Sauce', 'cases', '13.63', '0.000', '8.000', '2ad3b369-d39d-443e-b291-48088cd63d08', '0.0000', NULL, '54.52', '4', '5', 'lbs', '0', '0'),
  ('67e0ce74-7fdb-4762-8ba1-af54f2fc333d', '0f240390-edda-4b25-8c72-45eeb2ce1988', 'Banana Pudding', 'Desserts', 'each', '2.55', '0.000', '40.000', '023cba00-1b67-4218-a906-cb18a8e62964', '0.0000', NULL, '20.41', '8', '5', 'oz', '0', '0'),
  ('4c23c52c-c8e8-42a6-a423-1b7d80b4a3d2', '0f240390-edda-4b25-8c72-45eeb2ce1988', 'Basmatic Rice', 'Condiments', 'bags', '63.18', '0.000', '4.000', '2ad3b369-d39d-443e-b291-48088cd63d08', '0.0000', NULL, '63.18', '1', '40', 'lbs', '0', '0'),
  ('fab3c945-1ef0-43f4-8a4b-55b1447178a2', '0f240390-edda-4b25-8c72-45eeb2ce1988', 'BBQ Sauce', 'Produce', 'cases', '15.50', '0.000', '1.000', '023cba00-1b67-4218-a906-cb18a8e62964', '0.0000', NULL, '62.01', '4', '1', 'gal', '0', '0'),
  ('ebadf229-f8f5-4208-bdcf-34df0a2ac9e5', '0f240390-edda-4b25-8c72-45eeb2ce1988', 'Black Glove (For Workers)', 'Cleaning Supplies', 'bags', '5.00', '0.000', '2.000', 'd5e3adcc-61d0-4401-a391-542170496ad3', '0.0000', NULL, '50', '10', '100', 'each', '0', '0'),
  ('6a9f1ad8-b502-4033-bc2d-bb040b7a0a3f', '0f240390-edda-4b25-8c72-45eeb2ce1988', 'Black Pepper', 'Protein', 'each', '42.00', '0.000', '2.000', 'd5e3adcc-61d0-4401-a391-542170496ad3', '0.0000', NULL, '42', '1', '5', 'lbs', '0', '0'),
  ('a0fc0d32-a835-457e-9e44-19d716afa9f0', '0f240390-edda-4b25-8c72-45eeb2ce1988', 'Black Togo Container 6" x 6" (Burger)', 'Dry goods', 'each', '0.10', '0.000', '2.000', 'd5e3adcc-61d0-4401-a391-542170496ad3', '0.0000', NULL, '25', '250', '1', 'each', '0', '0'),
  ('b87d15f7-32de-4ece-9b94-07ba3edfcc84', '0f240390-edda-4b25-8c72-45eeb2ce1988', 'Black Togo Platter 9" x 6" (Rice Container)', 'Dry goods', 'each', '0.17', '0.000', '4.000', 'd5e3adcc-61d0-4401-a391-542170496ad3', '0.0000', NULL, '25.49', '150', '1', 'each', '0', '0'),
  ('b04a6748-f69c-4017-87f3-422ae0e6158d', '0f240390-edda-4b25-8c72-45eeb2ce1988', 'Bleach', 'Cleaning Supplies', 'each', '3.33', '0.000', '8.000', 'd26926e6-e8e4-4b2a-8dd8-737571eae415', '0.0000', NULL, '20', '6', '1', 'gal', '0', '0'),
  ('eab6a3f7-8331-4c3d-8a48-231fbc2d502a', '0f240390-edda-4b25-8c72-45eeb2ce1988', 'Blue Cheese', 'Dairy', 'cases', '22.43', '0.000', '1.000', '023cba00-1b67-4218-a906-cb18a8e62964', '0.0000', NULL, '89.72', '4', '1', 'gal', '0', '0'),
  ('58d8d010-acb5-4f3e-9ced-476b341145db', '0f240390-edda-4b25-8c72-45eeb2ce1988', 'Brioche Bun 4”', 'Bread', 'each', '0.44', '0.000', '0.000', NULL, '0.0000', NULL, '5.3', '12', '1', 'each', '0', '0'),
  ('8f2c375b-e68a-409e-b85d-67aab1e4b4ee', '0f240390-edda-4b25-8c72-45eeb2ce1988', 'Broccoli', 'Vegetable & Produce', 'cases', '32.00', '0.000', '1.500', 'd26926e6-e8e4-4b2a-8dd8-737571eae415', '0.0000', NULL, '32', '1', '15', 'lbs', '0', '0'),
  ('e0e87bec-d041-405a-bb43-85c281febf1a', '0f240390-edda-4b25-8c72-45eeb2ce1988', 'Cajun Spice & Skillet', 'Protein', 'cases', '18.75', '0.000', '2.000', 'd5e3adcc-61d0-4401-a391-542170496ad3', '0.0000', NULL, '75', '4', '5', 'lbs', '0', '0'),
  ('39fe73a8-3c2e-42af-8324-a8e1775c9877', '0f240390-edda-4b25-8c72-45eeb2ce1988', 'Caramel Mouse', 'Desserts', 'each', '2.50', '0.000', '36.000', 'b1ee724a-8626-45ab-85d4-14a99e7cbc45', '0.0000', NULL, '14.99', '6', '1', 'each', '0', '0'),
  ('f895e9e4-c38c-49ef-a706-96b5ce9a554a', '0f240390-edda-4b25-8c72-45eeb2ce1988', 'Carrot Cake 8"', 'Desserts', 'each', '2.00', '0.000', '20.000', 'b1ee724a-8626-45ab-85d4-14a99e7cbc45', '0.0000', NULL, '20', '10', '1', 'each', '0', '0'),
  ('c3301010-d485-4005-9c31-db7b9e0df7e7', '0f240390-edda-4b25-8c72-45eeb2ce1988', 'Cheese Parmesan Grated', 'Dairy', 'cases', '28.02', '0.000', '0.250', '023cba00-1b67-4218-a906-cb18a8e62964', '0.0000', NULL, '112.09', '4', '5', 'lbs', '0', '0'),
  ('2c64ddde-7004-4f5e-b0c5-df3ac3f20efd', '0f240390-edda-4b25-8c72-45eeb2ce1988', 'Chicken Breast Patty', 'Protein', 'each', '1.54', '0.000', '6.000', 'ffcdf7bd-e6c9-4a32-bf77-ed95f84dee6d', '0.0000', NULL, '15.39', '10', '1', 'each', '0', '0'),
  ('c62b96b1-f68e-4b72-bc6b-29642da36ba3', '0f240390-edda-4b25-8c72-45eeb2ce1988', 'Chicken Leg', 'Protein', 'cases', '88.68', '0.000', '4.000', 'd26926e6-e8e4-4b2a-8dd8-737571eae415', '0.0000', NULL, '88.68', '1', '40', 'lbs', '0', '0'),
  ('6c91db28-5da0-4a3f-a4ba-4d05b67dc948', '0f240390-edda-4b25-8c72-45eeb2ce1988', 'Chicken Nugget', 'Appetizer', 'bags', '20.45', '0.000', '2.000', '023cba00-1b67-4218-a906-cb18a8e62964', '0.0000', NULL, '40.9', '2', '5', 'lbs', '0', '0'),
  ('c3cd326f-a003-4c09-8ae8-3d30163048bc', '0f240390-edda-4b25-8c72-45eeb2ce1988', 'Chicken Seasoning', 'Condiments', 'each', '15.75', '0.000', '2.000', '81b34949-1fde-4237-9411-052cb8daaec9', '0.0000', NULL, '94.5', '6', '28', 'oz', '0', '0'),
  ('577611da-5752-4b74-b4e5-ce9f38580f9c', '0f240390-edda-4b25-8c72-45eeb2ce1988', 'Chicken Stock (Totole)', 'Condiments', 'each', '19.67', '0.000', '6.000', 'd26926e6-e8e4-4b2a-8dd8-737571eae415', '0.0000', NULL, '19.67', '1', '4.6', 'lbs', '0', '0'),
  ('a3738cf6-e811-4e45-b5dd-e83e0d3e4af8', '0f240390-edda-4b25-8c72-45eeb2ce1988', 'Chicken Tenderloin', 'Protein', 'cases', '24.75', '0.000', '1.000', '023cba00-1b67-4218-a906-cb18a8e62964', '0.0000', NULL, '98.99', '4', '10', 'lbs', '0', '0'),
  ('3a697e7a-651d-4070-b6b8-42d01e493038', '0f240390-edda-4b25-8c72-45eeb2ce1988', 'Chocolate Cake', 'Desserts', 'each', '2.30', '0.000', '20.000', 'ffcdf7bd-e6c9-4a32-bf77-ed95f84dee6d', '0.0000', NULL, '22.99', '10', '1', 'each', '0', '0'),
  ('a03de9e8-d8b4-4d74-a10f-0d17f8d5437d', '0f240390-edda-4b25-8c72-45eeb2ce1988', 'Chocolate Mousse', 'Desserts', 'each', '2.89', '0.000', '24.000', '023cba00-1b67-4218-a906-cb18a8e62964', '0.0000', NULL, '23.13', '8', '4', 'oz', '0', '0'),
  ('20fab435-c5ee-4e1a-a3f2-9aa3348dbb0f', '0f240390-edda-4b25-8c72-45eeb2ce1988', 'Clear Container 5" x 5"', 'Dry goods', 'each', '0.11', '0.000', '2.000', 'd5e3adcc-61d0-4401-a391-542170496ad3', '0.0000', NULL, '53', '500', '1', 'each', '0', '0'),
  ('516c673d-71b2-436b-813a-7488d3257c7e', '0f240390-edda-4b25-8c72-45eeb2ce1988', 'Coca Cola', 'Drinks', 'each', '0.58', '0.000', '70.000', 'b1ee724a-8626-45ab-85d4-14a99e7cbc45', '0.0000', NULL, '20.34', '35', '1', 'each', '0', '0'),
  ('69982588-b84b-4255-b20a-eaafb13ffc7a', '0f240390-edda-4b25-8c72-45eeb2ce1988', 'Cocktail Sauce', 'Dairy', 'cases', '16.19', '0.000', '1.000', '023cba00-1b67-4218-a906-cb18a8e62964', '0.0000', NULL, '64.75', '4', '1', 'gal', '0', '0'),
  ('edc4a415-7bc3-4df1-b809-ec2805cca4f3', '0f240390-edda-4b25-8c72-45eeb2ce1988', 'Cooking Wine', 'Condiments', 'each', '4.24', '0.000', '6.000', 'd26926e6-e8e4-4b2a-8dd8-737571eae415', '0.0000', NULL, '16.95', '4', '1', 'gal', '0', '0'),
  ('17d462c6-f70e-4f47-b86a-7d8868c752b4', '0f240390-edda-4b25-8c72-45eeb2ce1988', 'Coriander', 'Condiments', 'each', '10.99', '0.000', '4.000', 'd5e3adcc-61d0-4401-a391-542170496ad3', '0.0000', NULL, '10.99', '1', '3.5', 'lbs', '0', '0'),
  ('0eb9f97e-d471-4e8e-9680-408d372b0ffa', '0f240390-edda-4b25-8c72-45eeb2ce1988', 'Corn On Cob 3"', 'Vegetable & Produce', 'cases', '30.00', '0.000', '4.000', '137f2d47-45dd-4ed7-bb29-9bfb9a6a00e9', '0.0000', NULL, '30', '1', '30', 'lbs', '0', '0'),
  ('ee28dcf7-ec23-422d-88e2-fcbc62786885', '0f240390-edda-4b25-8c72-45eeb2ce1988', 'Crabmeat (Claw)', 'Seafood', 'each', '12.16', '0.000', '24.000', '2ad3b369-d39d-443e-b291-48088cd63d08', '0.0000', NULL, '145.95', '12', '1', 'lbs', '0', '0'),
  ('2cee3943-6fdf-427d-b74c-5dc8447a927d', '0f240390-edda-4b25-8c72-45eeb2ce1988', 'Crabmeat (Lump)', 'Seafood', 'each', '13.13', '0.000', '24.000', '2ad3b369-d39d-443e-b291-48088cd63d08', '0.0000', NULL, '157.59', '12', '1', 'lbs', '0', '0'),
  ('9ddfb5a4-7545-4cae-abc5-706ff1e15323', '0f240390-edda-4b25-8c72-45eeb2ce1988', 'Crawfish', 'Seafood', 'cases', '48.00', '0.000', '5.000', '137f2d47-45dd-4ed7-bb29-9bfb9a6a00e9', '0.0000', NULL, '48', '1', '20', 'lbs', '0', '0'),
  ('c696637b-27d8-447a-8d32-568b6c050cec', '0f240390-edda-4b25-8c72-45eeb2ce1988', 'Creme Brulee', 'Desserts', 'each', '1.66', '0.000', '30.000', '81b34949-1fde-4237-9411-052cb8daaec9', '0.0000', NULL, '9.98', '6', '1', 'each', '0', '0'),
  ('42e28018-eeb1-43e0-80d9-6ed3f6792c1c', '0f240390-edda-4b25-8c72-45eeb2ce1988', 'Creme Brulee Cheesecake', 'Desserts', 'loaves', '49.67', '0.000', '4.000', '023cba00-1b67-4218-a906-cb18a8e62964', '0.0000', NULL, '99.34', '2', '14', 'each', '0', '0'),
  ('f3f1e0c4-2f7d-46dd-9081-4fb7d6da092d', '0f240390-edda-4b25-8c72-45eeb2ce1988', 'Cucumber', 'Vegetable & Produce', 'cases', '40.00', '0.000', '1.000', 'd26926e6-e8e4-4b2a-8dd8-737571eae415', '0.0000', NULL, '40', '1', '35', 'lbs', '0', '0'),
  ('1476a75e-56b0-4a89-9af8-195b5340454f', '0f240390-edda-4b25-8c72-45eeb2ce1988', 'Deluxe Sub Rolls 8” (6)', 'Bread', 'each', '0.53', '0.000', '0.000', NULL, '0.0000', NULL, '3.2', '6', '1', 'each', '0', '0'),
  ('04b160b7-9bb3-479e-9ab6-6adf07d17eca', '0f240390-edda-4b25-8c72-45eeb2ce1988', 'Diet Coke', 'Drinks', 'each', '0.58', '0.000', '70.000', 'b1ee724a-8626-45ab-85d4-14a99e7cbc45', '0.0000', NULL, '20.34', '35', '1', 'each', '0', '0'),
  ('43476c96-cb6f-480d-971e-03844549d5a4', '0f240390-edda-4b25-8c72-45eeb2ce1988', 'Dill Leaf Spice', 'Condiments', 'each', '15.95', '0.000', '2.000', '023cba00-1b67-4218-a906-cb18a8e62964', '0.0000', NULL, '15.95', '1', '5.5', 'oz', '0', '0'),
  ('da2bd310-fc92-452a-88e5-bc1c7aca798d', '0f240390-edda-4b25-8c72-45eeb2ce1988', 'Dish Detergent', 'Cleaning Supplies', 'each', '4.00', '0.000', '6.000', 'd26926e6-e8e4-4b2a-8dd8-737571eae415', '0.0000', NULL, '16', '4', '1', 'gal', '0', '0'),
  ('5b0bfc0a-65b2-40a4-9899-f1fc7c5f0c48', '0f240390-edda-4b25-8c72-45eeb2ce1988', 'Dr Pepper', 'Drinks', 'each', '0.53', '0.000', '72.000', 'b1ee724a-8626-45ab-85d4-14a99e7cbc45', '0.0000', NULL, '19.02', '36', '1', 'each', '0', '0'),
  ('6b7a18b5-ed3d-407e-bbff-210ad9183d29', '0f240390-edda-4b25-8c72-45eeb2ce1988', 'Dungeness Crab Leg', 'Seafood', 'cases', '240.00', '0.000', '2.000', '137f2d47-45dd-4ed7-bb29-9bfb9a6a00e9', '0.0000', NULL, '240', '1', '20', 'lbs', '0', '0'),
  ('24283a7a-9aed-429d-92d1-7117e072994c', '0f240390-edda-4b25-8c72-45eeb2ce1988', 'Egg Large', 'Vegetable & Produce', 'cases', '50.00', '0.000', '2.000', 'd26926e6-e8e4-4b2a-8dd8-737571eae415', '0.0000', NULL, '50', '1', '360', 'each', '0', '0'),
  ('72e426c7-1c83-4b3e-baf5-9de91ef6b450', '0f240390-edda-4b25-8c72-45eeb2ce1988', 'Floor Cleaner Fabuloso', 'Cleaning Supplies', 'each', '4.49', '0.000', '4.000', 'd26926e6-e8e4-4b2a-8dd8-737571eae415', '0.0000', NULL, '4.49', '1', '1', 'gal', '0', '0'),
  ('9efe721c-3b6d-4d5a-9145-a7a734b16115', '0f240390-edda-4b25-8c72-45eeb2ce1988', 'Floor Cleaner Powder', 'Cleaning Supplies', 'bags', '0.00', '0.000', '1.000', 'd26926e6-e8e4-4b2a-8dd8-737571eae415', '0.0000', NULL, '0', '1', '50', 'lbs', '0', '0'),
  ('01de0685-5bf8-43d9-a652-e9f117ee59dd', '0f240390-edda-4b25-8c72-45eeb2ce1988', 'Flour (50lb)', 'Condiments', 'bags', '20.00', '0.000', '2.000', 'd26926e6-e8e4-4b2a-8dd8-737571eae415', '0.0000', NULL, '20', '1', '50', 'lbs', '0', '0'),
  ('16e1b7e9-3a7d-4a76-96f7-64e8127b16aa', '0f240390-edda-4b25-8c72-45eeb2ce1988', 'Fork (Plastic Black)', 'Dry goods', 'cases', '56.85', '0.000', '2.000', 'd26926e6-e8e4-4b2a-8dd8-737571eae415', '0.0000', NULL, '56.85', '1', '1000', 'each', '0', '0'),
  ('9356b057-01d8-4782-b670-a10f7609a185', '0f240390-edda-4b25-8c72-45eeb2ce1988', 'French Fries', 'Appetizer', 'bags', '5.86', '0.000', '96.000', '2ad3b369-d39d-443e-b291-48088cd63d08', '0.0000', NULL, '35.17', '6', '4.5', 'lbs', '0', '0'),
  ('d7378683-8185-49be-9b70-19cf2160855a', '0f240390-edda-4b25-8c72-45eeb2ce1988', 'Fry Oil Canola', 'Condiments', 'gal', '33.95', '0.000', '5.000', 'd26926e6-e8e4-4b2a-8dd8-737571eae415', '0.0000', NULL, '33.95', '1', '1', 'gal', '0', '0'),
  ('2fa6fc9d-5fdb-408f-af4d-680bd130dd11', '0f240390-edda-4b25-8c72-45eeb2ce1988', 'Garbage Bag (Black Heavy Duty)', 'Dry goods', 'cases', '5.50', '0.000', '7.000', '02dff3a5-e7b9-42ec-ba6d-0b3bc4bb6f99', '0.0000', NULL, '5.5', '1', '25', 'each', '0', '0'),
  ('c8f8610b-6ae3-44cc-b200-e76eb213c65b', '0f240390-edda-4b25-8c72-45eeb2ce1988', 'Garlic Fresh Peeled', 'Vegetable & Produce', 'cases', '14.50', '0.000', '1.000', 'd26926e6-e8e4-4b2a-8dd8-737571eae415', '0.0000', NULL, '58', '4', '5', 'lbs', '0', '0'),
  ('e99e9ce4-1ec8-468e-bdfe-92f0d87eb967', '0f240390-edda-4b25-8c72-45eeb2ce1988', 'Garlic Granulated - (27.5 lb.)', 'Condiments', 'bags', '84.50', '0.000', '1.000', 'd5e3adcc-61d0-4401-a391-542170496ad3', '0.0000', NULL, '84.5', '1', '27.5', 'lbs', '0', '0'),
  ('b3be276f-89aa-4913-8b55-0b113e81caae', '0f240390-edda-4b25-8c72-45eeb2ce1988', 'Garlic Parmesan Sauce', 'Condiments', 'each', '24.59', '0.000', '1.000', '023cba00-1b67-4218-a906-cb18a8e62964', '0.0000', NULL, '49.17', '2', '1', 'gal', '0', '0'),
  ('4b43abf3-21c2-477c-9f69-a8e2f0a6ef49', '0f240390-edda-4b25-8c72-45eeb2ce1988', 'Ginger Ale', 'Drinks', 'each', '0.61', '0.000', '48.000', 'b1ee724a-8626-45ab-85d4-14a99e7cbc45', '0.0000', NULL, '14.62', '24', '1', 'each', '0', '0'),
  ('bec8fdc9-3637-4c3a-88cc-baf7189b8f0c', '0f240390-edda-4b25-8c72-45eeb2ce1988', 'Green Pepper', 'Vegetable & Produce', 'cases', '50.00', '0.000', '1.000', 'd26926e6-e8e4-4b2a-8dd8-737571eae415', '0.0000', NULL, '50', '1', '20', 'lbs', '0', '0'),
  ('79c3a88e-d8fd-4b92-abf9-f670a18bf23a', '0f240390-edda-4b25-8c72-45eeb2ce1988', 'Ground Beef', 'Protein', 'cases', '48.70', '0.000', '1.000', '023cba00-1b67-4218-a906-cb18a8e62964', '0.0000', NULL, '292.2', '6', '10', 'lbs', '0', '0'),
  ('84aeae94-d041-4353-a2d5-87a8fd9e0ee0', '0f240390-edda-4b25-8c72-45eeb2ce1988', 'Ground Cumin', 'Condiments', 'each', '15.99', '0.000', '4.000', 'd5e3adcc-61d0-4401-a391-542170496ad3', '0.0000', NULL, '15.99', '1', '4', 'lbs', '0', '0'),
  ('b77cb742-7ace-4206-b190-2aac9bc8a3c6', '0f240390-edda-4b25-8c72-45eeb2ce1988', 'Half Black Mussel', 'Seafood', 'cases', '70.56', '0.000', '4.000', '137f2d47-45dd-4ed7-bb29-9bfb9a6a00e9', '0.0000', NULL, '70.56', '1', '22.05', 'lbs', '0', '0'),
  ('1c15ff8e-9345-4fad-adfb-95f941451d1b', '0f240390-edda-4b25-8c72-45eeb2ce1988', 'Hand Kraft Towels', 'Cleaning Supplies', 'each', '1.88', '0.000', '1.000', 'd26926e6-e8e4-4b2a-8dd8-737571eae415', '0.0000', NULL, '22.5', '12', '1', 'each', '0', '0'),
  ('8e3b4661-2415-4c82-8e86-e427909fc56b', '0f240390-edda-4b25-8c72-45eeb2ce1988', 'Hash Brown Patty Triangle', 'Appetizer', 'bags', '6.64', '0.000', '2.000', '023cba00-1b67-4218-a906-cb18a8e62964', '0.0000', NULL, '39.85', '6', '5', 'lbs', '0', '0'),
  ('5bb865e2-894b-4a83-9359-7630ac71f763', '0f240390-edda-4b25-8c72-45eeb2ce1988', 'Honey Blend', 'Condiments', 'each', '7.67', '0.000', '4.000', 'd5e3adcc-61d0-4401-a391-542170496ad3', '0.0000', NULL, '46', '6', '5', 'lbs', '0', '0'),
  ('437bb505-2d34-4a24-a4f1-57a0c3292e8f', '0f240390-edda-4b25-8c72-45eeb2ce1988', 'Honey Mustard', 'Dairy', 'cases', '18.53', '0.000', '1.000', '023cba00-1b67-4218-a906-cb18a8e62964', '0.0000', NULL, '74.12', '4', '1', 'gal', '0', '0'),
  ('a7e0aff2-ff86-4838-9256-6f2af17538be', '0f240390-edda-4b25-8c72-45eeb2ce1988', 'Horseradish', 'Dairy & Sauce', 'each', '16.95', '0.000', '1.000', '2ad3b369-d39d-443e-b291-48088cd63d08', '0.0000', NULL, '16.95', '1', '8', 'lbs', '0', '0'),
  ('a96ecefa-2fbf-4679-a3bc-747a511fde2f', '0f240390-edda-4b25-8c72-45eeb2ce1988', 'Ice Tea mix', 'Drinks', 'each', '8.87', '0.000', '8.000', '81b34949-1fde-4237-9411-052cb8daaec9', '0.0000', NULL, '8.87', '1', '89.8', 'oz', '0', '0'),
  ('b4d1cbc0-b108-4d6b-a668-9d0de64d4d1f', '0f240390-edda-4b25-8c72-45eeb2ce1988', 'Imitation Crabmeat (Oyster Bay)', 'Seafood', 'cases', '2.50', '0.000', '2.000', 'd26926e6-e8e4-4b2a-8dd8-737571eae415', '0.0000', NULL, '75', '12', '2.5', 'lbs', '0', '0'),
  ('c6cfd394-1a41-4787-a032-56489ebcda28', '0f240390-edda-4b25-8c72-45eeb2ce1988', 'Ketchup (Can 114oz)', 'Dairy & Sauce', 'cases', '7.43', '0.000', '1.000', '023cba00-1b67-4218-a906-cb18a8e62964', '0.0000', NULL, '44.55', '6', '114', 'oz', '0', '0'),
  ('340d93ae-b0b5-45da-bfd6-aa0a35508a01', '0f240390-edda-4b25-8c72-45eeb2ce1988', 'Ketchup (Package)', 'Dairy & Sauce', 'lbs', '20.50', '0.000', '3.000', 'd26926e6-e8e4-4b2a-8dd8-737571eae415', '0.0000', NULL, '20.5', '1', '1000', 'each', '0', '0'),
  ('e51e9590-4ab0-4ae7-aa8f-8d58c033f1f1', '0f240390-edda-4b25-8c72-45eeb2ce1988', 'Lamb Gyro Meat', 'Protein', 'cases', '41.35', '0.000', '2.000', '023cba00-1b67-4218-a906-cb18a8e62964', '0.0000', NULL, '165.39', '4', '10', 'lbs', '0', '0'),
  ('6d5c80df-97d4-4e1f-9850-5ad7da78ade7', '0f240390-edda-4b25-8c72-45eeb2ce1988', 'Lava Cake', 'Protein', 'lbs', '38.34', '0.000', '1.000', '023cba00-1b67-4218-a906-cb18a8e62964', '0.0000', NULL, '153.36', '4', '9', 'each', '0', '0'),
  ('322fe613-db3c-4bec-b262-628c57131862', '0f240390-edda-4b25-8c72-45eeb2ce1988', 'Lemon Juice 48fl. oz.', 'Protein', 'cases', '3.50', '0.000', '6.000', 'ffcdf7bd-e6c9-4a32-bf77-ed95f84dee6d', '0.0000', NULL, '7', '2', '48', 'oz', '0', '0'),
  ('f5c8d719-5c6a-4346-8008-5bbcabe6c029', '0f240390-edda-4b25-8c72-45eeb2ce1988', 'Lemon Pepper Seasoning', 'Condiments', 'each', '23.77', '0.000', '4.000', '67b0d204-5e27-439a-bc06-3675444b3388', '0.0000', NULL, '95.08', '4', '7', 'lbs', '0', '0'),
  ('73b2aebd-cf4f-4f5a-99fb-abb00601895f', '0f240390-edda-4b25-8c72-45eeb2ce1988', 'Lemonade Mix (Country Time)', 'Drinks', 'each', '9.88', '0.000', '8.000', '81b34949-1fde-4237-9411-052cb8daaec9', '0.0000', NULL, '9.88', '1', '82.5', 'oz', '0', '0'),
  ('5463777a-a477-481f-a131-33643b8c473e', '0f240390-edda-4b25-8c72-45eeb2ce1988', 'Lettuce Iceberg', 'Vegetable & Produce', 'each', '1.25', '0.000', '96.000', 'd26926e6-e8e4-4b2a-8dd8-737571eae415', '0.0000', NULL, '30', '24', '1', 'each', '0', '0'),
  ('321d6702-b4ea-4541-9caa-68d7fc3d87a2', '0f240390-edda-4b25-8c72-45eeb2ce1988', 'Lobster Tail', 'Seafood', 'cases', '220.00', '0.000', '2.000', '137f2d47-45dd-4ed7-bb29-9bfb9a6a00e9', '0.0000', NULL, '220', '1', '10', 'lbs', '0', '0'),
  ('878c5e6a-0acc-4264-b709-10fa3ed24146', '0f240390-edda-4b25-8c72-45eeb2ce1988', 'Mac n Cheese', 'Appetizer', 'each', '14.00', '0.000', '6.000', 'ffcdf7bd-e6c9-4a32-bf77-ed95f84dee6d', '0.0000', NULL, '14', '1', '3.19', 'lbs', '0', '0'),
  ('104e6967-a845-425c-af2b-c37b94a6820f', '0f240390-edda-4b25-8c72-45eeb2ce1988', 'Mac n Cheese Bite', 'Appetizer', 'bags', '10.99', '0.000', '10.000', 'b1ee724a-8626-45ab-85d4-14a99e7cbc45', '0.0000', NULL, '10.99', '1', '36', 'each', '0', '0'),
  ('f64fd17c-ed57-4794-9076-298d2edb7208', '0f240390-edda-4b25-8c72-45eeb2ce1988', 'Margarine', 'Condiments', 'each', '20.00', '0.000', '4.000', '023cba00-1b67-4218-a906-cb18a8e62964', '0.0000', NULL, '39.99', '2', '17.5', 'lbs', '0', '0'),
  ('2357914e-a9b9-4946-83f0-a96467acb4a8', '0f240390-edda-4b25-8c72-45eeb2ce1988', 'Marinara Sauce', 'Dairy & Sauce', 'each', '8.09', '0.000', '8.000', '2ad3b369-d39d-443e-b291-48088cd63d08', '0.0000', NULL, '48.55', '6', '4.5', 'lbs', '0', '0'),
  ('f767fb04-a143-4959-80ab-2ab321ad6440', '0f240390-edda-4b25-8c72-45eeb2ce1988', 'Mayonnaise', 'Dairy', 'cases', '10.11', '0.000', '5.000', '023cba00-1b67-4218-a906-cb18a8e62964', '0.0000', NULL, '40.45', '4', '1', 'gal', '0', '0'),
  ('9f90443b-0550-4679-aaa4-6e4ed4168cad', '0f240390-edda-4b25-8c72-45eeb2ce1988', 'Milk', 'Dairy & Sauce', 'gal', '3.21', '0.000', '4.000', 'ffcdf7bd-e6c9-4a32-bf77-ed95f84dee6d', '0.0000', NULL, '3.21', '1', '1', 'gal', '0', '0'),
  ('507cbe5a-26b1-4466-94a8-3228891d2c6d', '0f240390-edda-4b25-8c72-45eeb2ce1988', 'Montreal Steak Seasoning', 'Condiments', 'each', '9.33', '0.000', '2.000', '81b34949-1fde-4237-9411-052cb8daaec9', '0.0000', NULL, '56', '6', '29', 'oz', '0', '0'),
  ('333afb53-90c9-4e04-a16a-76bb816ca163', '0f240390-edda-4b25-8c72-45eeb2ce1988', 'Mozzarella Stick', 'Appetizer', 'bags', '6.90', '0.000', '24.000', '2ad3b369-d39d-443e-b291-48088cd63d08', '0.0000', NULL, '41.37', '6', '22', 'each', '0', '0'),
  ('b8b67497-7fa6-4afc-b161-b78aa9411674', '0f240390-edda-4b25-8c72-45eeb2ce1988', 'MSG Ajinomoto Umami', 'Condiments', 'cases', '0.00', '0.000', '1.000', 'd26926e6-e8e4-4b2a-8dd8-737571eae415', '0.0000', NULL, '0', '1', '100', 'lbs', '0', '0'),
  ('72b3ee04-9a93-43e6-81f6-49e1a9ab2c4f', '0f240390-edda-4b25-8c72-45eeb2ce1988', 'Mustard (Gal)', 'Condiments', 'each', '7.32', '0.000', '1.000', '023cba00-1b67-4218-a906-cb18a8e62964', '0.0000', NULL, '29.27', '4', '1', 'gal', '0', '0'),
  ('7ef7a0ab-6aa4-4a03-b05e-74016a37b95b', '0f240390-edda-4b25-8c72-45eeb2ce1988', 'Napkin (Togo)', 'Dry goods', 'cases', '0.00', '0.000', '3.000', 'd26926e6-e8e4-4b2a-8dd8-737571eae415', '0.0000', NULL, '32', '1', '1', 'cases', '0', '0'),
  ('8d11304a-9716-4c8b-8d0f-25070ae28e58', '0f240390-edda-4b25-8c72-45eeb2ce1988', 'Old Bay Seasoning', 'Condiments', 'each', '39.50', '0.000', '2.000', 'd5e3adcc-61d0-4401-a391-542170496ad3', '0.0000', NULL, '118.5', '3', '7.5', 'lbs', '0', '0'),
  ('b6c1fcc1-9e5c-4960-aa4e-40ee62612e3b', '0f240390-edda-4b25-8c72-45eeb2ce1988', 'Onion Ring', 'Appetizer', 'bags', '6.26', '0.000', '2.000', '023cba00-1b67-4218-a906-cb18a8e62964', '0.0000', NULL, '25.03', '4', '2.5', 'lbs', '0', '0'),
  ('7351c591-11db-4441-bd33-6a1c15965443', '0f240390-edda-4b25-8c72-45eeb2ce1988', 'Onion Yellow', 'Vegetable & Produce', 'bags', '20.00', '0.000', '1.000', 'd26926e6-e8e4-4b2a-8dd8-737571eae415', '0.0000', NULL, '20', '1', '50', 'lbs', '0', '0'),
  ('eab84593-d8f2-4de1-b44b-e36268ab8bb3', '0f240390-edda-4b25-8c72-45eeb2ce1988', 'Oregano Leaves - (20 lb. )', 'Condiments', 'bags', '143.00', '0.000', '1.000', 'd5e3adcc-61d0-4401-a391-542170496ad3', '0.0000', NULL, '143', '1', '20', 'lbs', '0', '0'),
  ('82b0e765-4772-4128-8f52-354ea76b26e2', '0f240390-edda-4b25-8c72-45eeb2ce1988', 'Paprika', 'Condiments', 'each', '20.00', '0.000', '2.000', 'd5e3adcc-61d0-4401-a391-542170496ad3', '0.0000', NULL, '80', '4', '5', 'lbs', '0', '0'),
  ('30509a1b-736a-49ca-ae2a-86a8e9439b01', '0f240390-edda-4b25-8c72-45eeb2ce1988', 'Parsley Flake', 'Condiments', 'each', '21.02', '0.000', '2.000', '023cba00-1b67-4218-a906-cb18a8e62964', '0.0000', NULL, '21.02', '1', '11', 'oz', '0', '0'),
  ('b1a99b5b-9b33-4da2-8b28-130cee9af21b', '0f240390-edda-4b25-8c72-45eeb2ce1988', 'Pepsi', 'Drinks', 'each', '0.53', '0.000', '72.000', 'b1ee724a-8626-45ab-85d4-14a99e7cbc45', '0.0000', NULL, '19.02', '36', '1', 'each', '0', '0'),
  ('d1168b9c-97fa-4c76-b677-c75d299f6f31', '0f240390-edda-4b25-8c72-45eeb2ce1988', 'Philly Steak', 'Protein', 'cases', '0.26', '0.000', '0.000', '023cba00-1b67-4218-a906-cb18a8e62964', '0.0000', NULL, '42.82', '27', '6', 'oz', '0', '0'),
  ('8d5f1fd5-35dd-4430-b3f4-da898d2f0963', '0f240390-edda-4b25-8c72-45eeb2ce1988', 'Pickle', 'Protein', 'each', '26.24', '0.000', '1.000', '023cba00-1b67-4218-a906-cb18a8e62964', '0.0000', NULL, '26.24', '1', '2', 'gal', '0', '0'),
  ('f7286c7e-9766-466f-9f4a-0f20cb0f57d0', '0f240390-edda-4b25-8c72-45eeb2ce1988', 'Pita Bread', 'Bread', 'bags', '3.17', '0.000', '18.000', '2ad3b369-d39d-443e-b291-48088cd63d08', '0.0000', NULL, '37.99', '12', '10', 'each', '0', '0'),
  ('82d1b1e9-8e0b-4988-bdbb-f89fe4f9c8c3', '0f240390-edda-4b25-8c72-45eeb2ce1988', 'Plain Yogurt', 'Dairy', 'cases', '4.18', '0.000', '2.000', '023cba00-1b67-4218-a906-cb18a8e62964', '0.0000', NULL, '25.09', '6', '32', 'oz', '0', '0'),
  ('c25487ad-97e1-41dd-b801-ffd9d90e5ffa', '0f240390-edda-4b25-8c72-45eeb2ce1988', 'Potato Red', 'Vegetable & Produce', 'bags', '27.00', '0.000', '2.000', 'd26926e6-e8e4-4b2a-8dd8-737571eae415', '0.0000', NULL, '27', '1', '50', 'lbs', '0', '0'),
  ('6dfed489-2520-4581-8263-0db347287734', '0f240390-edda-4b25-8c72-45eeb2ce1988', 'Potato Starch (50 lb.)', 'Condiments', 'bags', '22.00', '0.000', '2.000', 'd26926e6-e8e4-4b2a-8dd8-737571eae415', '0.0000', NULL, '22', '1', '50', 'lbs', '0', '0'),
  ('94a14c04-2b26-4b00-a17b-2b62b20fcc81', '0f240390-edda-4b25-8c72-45eeb2ce1988', 'Provolone Cheese', 'Dairy & Sauce', 'each', '5.53', '0.000', '8.000', '2ad3b369-d39d-443e-b291-48088cd63d08', '0.0000', NULL, '33.18', '6', '1.5', 'lbs', '0', '0'),
  ('3fd48ceb-5e6a-4dd2-a009-8dba2a29f22a', '0f240390-edda-4b25-8c72-45eeb2ce1988', 'Ranch Dressing', 'Dairy & Sauce', 'cases', '13.74', '0.000', '6.000', '2ad3b369-d39d-443e-b291-48088cd63d08', '0.0000', NULL, '54.95', '4', '1', 'gal', '0', '0'),
  ('bcec015c-6c77-4fd0-a80e-2cd4857a4334', '0f240390-edda-4b25-8c72-45eeb2ce1988', 'Red Hot', 'Condiments', 'each', '18.47', '0.000', '1.000', '023cba00-1b67-4218-a906-cb18a8e62964', '0.0000', NULL, '73.89', '4', '1', 'gal', '0', '0'),
  ('27b56583-a2e4-4e0a-9436-9a30b3f1bce5', '0f240390-edda-4b25-8c72-45eeb2ce1988', 'Red Hot Pepper Relish', 'Condiments', 'each', '9.75', '0.000', '1.000', 'd5e3adcc-61d0-4401-a391-542170496ad3', '0.0000', NULL, '39', '4', '1', 'gal', '0', '0'),
  ('ff6ffd29-c234-4df5-9bd5-171c00b0b985', '0f240390-edda-4b25-8c72-45eeb2ce1988', 'Register Paper Roll', 'Dry goods', 'cases', '40.00', '0.000', '2.000', 'd26926e6-e8e4-4b2a-8dd8-737571eae415', '0.0000', NULL, '40', '1', '1', 'each', '0', '0'),
  ('b017c622-332e-4313-982c-d0619cb34a5a', '0f240390-edda-4b25-8c72-45eeb2ce1988', 'Salsa Sauce', 'Condiments', 'each', '9.79', '0.000', '1.000', '023cba00-1b67-4218-a906-cb18a8e62964', '0.0000', NULL, '58.73', '6', '114', 'oz', '0', '0'),
  ('76256317-a34b-4948-88f7-39ddb6af938d', '0f240390-edda-4b25-8c72-45eeb2ce1988', 'Salt (25 lb.)', 'Condiments', 'bags', '16.00', '0.000', '1.000', 'd26926e6-e8e4-4b2a-8dd8-737571eae415', '0.0000', NULL, '16', '1', '25', 'lbs', '0', '0'),
  ('04c43fe7-880d-406a-ac1d-81c08d97a6f4', '0f240390-edda-4b25-8c72-45eeb2ce1988', 'Seafood Bag', 'Dry goods', 'cases', '50.00', '0.000', '2.000', '137f2d47-45dd-4ed7-bb29-9bfb9a6a00e9', '0.0000', NULL, '50', '1', '500', 'each', '0', '0'),
  ('cbfc4d84-3a70-4ac9-8fd5-15da0705f517', '0f240390-edda-4b25-8c72-45eeb2ce1988', 'Seafood Glove', 'Dry goods', 'cases', '3.50', '0.000', '2.000', '137f2d47-45dd-4ed7-bb29-9bfb9a6a00e9', '0.0000', NULL, '35', '10', '500', 'each', '0', '0'),
  ('a23be2f6-83f8-48e0-abbe-ec9cfcf3f5ea', '0f240390-edda-4b25-8c72-45eeb2ce1988', 'Shredded Cheese', 'Dairy & Sauce', 'bags', '12.76', '0.000', '3.000', '81b34949-1fde-4237-9411-052cb8daaec9', '0.0000', NULL, '12.76', '1', '5', 'lbs', '0', '0'),
  ('167972e9-c0ce-4bee-968d-dbe2a81e55a5', '0f240390-edda-4b25-8c72-45eeb2ce1988', 'Shrimp - (Head On)', 'Seafood', 'cases', '79.20', '0.000', '2.000', '137f2d47-45dd-4ed7-bb29-9bfb9a6a00e9', '0.0000', NULL, '79.2', '1', '24', 'lbs', '0', '0'),
  ('782654fa-1b52-4fab-9ea5-d85c2faa8a70', '0f240390-edda-4b25-8c72-45eeb2ce1988', 'Shrimp - Head Off', 'Protein', 'lbs', '103.00', '0.000', '12.000', '137f2d47-45dd-4ed7-bb29-9bfb9a6a00e9', '0.0000', NULL, '103', '1', '20', 'lbs', '0', '0'),
  ('1cf82f0d-9366-43a9-9d5d-b000d065063e', '0f240390-edda-4b25-8c72-45eeb2ce1988', 'Slice Bacon', 'Protein', 'bags', '3.93', '0.000', '3.000', '81b34949-1fde-4237-9411-052cb8daaec9', '0.0000', NULL, '11.79', '3', '16', 'oz', '0', '0'),
  ('b920c702-95f4-40ae-896f-2b37699dea01', '0f240390-edda-4b25-8c72-45eeb2ce1988', 'Smoked Sausage (Kielbasa)', 'Protein', 'lbs', '15.00', '0.000', '3.000', '137f2d47-45dd-4ed7-bb29-9bfb9a6a00e9', '0.0000', NULL, '30', '2', '5', 'lbs', '0', '0'),
  ('dc6c063e-679f-4706-912a-da95d5b77b72', '0f240390-edda-4b25-8c72-45eeb2ce1988', 'Snow Crab Leg', 'Seafood', 'lbs', '381.00', '0.000', '5.000', '023cba00-1b67-4218-a906-cb18a8e62964', '0.0000', NULL, '381', '1', '30', 'lbs', '0', '0'),
  ('19e15251-dcf9-40be-8d78-00df65381637', '0f240390-edda-4b25-8c72-45eeb2ce1988', 'Sour Cream', 'Dairy & Sauce', 'each', '6.83', '0.000', '12.000', '2ad3b369-d39d-443e-b291-48088cd63d08', '0.0000', NULL, '40.99', '6', '4.5', 'lbs', '0', '0'),
  ('e1ee2a5e-548b-4bfd-97cc-e4402a7ee875', '0f240390-edda-4b25-8c72-45eeb2ce1988', 'Sprite', 'Drinks', 'each', '0.67', '0.000', '36.000', 'b1ee724a-8626-45ab-85d4-14a99e7cbc45', '0.0000', NULL, '24', '36', '1', 'each', '0', '0'),
  ('d1ca25c9-6254-4612-839b-6fd57f4e2121', '0f240390-edda-4b25-8c72-45eeb2ce1988', 'Sugar', 'Condiments', 'bags', '30.95', '0.000', '3.000', 'd26926e6-e8e4-4b2a-8dd8-737571eae415', '0.0000', NULL, '30.95', '1', '50', 'lbs', '0', '0'),
  ('a243e56e-bc86-47fb-a03f-3f6c4abf0b53', '0f240390-edda-4b25-8c72-45eeb2ce1988', 'Sweet Potato Fries', 'Appetizer', 'bags', '4.83', '0.000', '5.000', '67b0d204-5e27-439a-bc06-3675444b3388', '0.0000', NULL, '29', '6', '2.5', 'lbs', '0', '0'),
  ('7fced6c0-807b-4802-98fd-2146231b28b2', '0f240390-edda-4b25-8c72-45eeb2ce1988', 'Taco Seasoning', 'Condiments', 'bags', '66.00', '0.000', '1.000', 'd5e3adcc-61d0-4401-a391-542170496ad3', '0.0000', NULL, '66', '1', '25', 'lbs', '0', '0'),
  ('f6bde324-52e0-4783-9a1e-dc66d47f3313', '0f240390-edda-4b25-8c72-45eeb2ce1988', 'Tartar', 'Dairy', 'cases', '15.77', '0.000', '1.000', '023cba00-1b67-4218-a906-cb18a8e62964', '0.0000', NULL, '63.08', '4', '1', 'gal', '0', '0'),
  ('0ff27761-380b-4904-a404-b276c5b335e4', '0f240390-edda-4b25-8c72-45eeb2ce1988', 'Toilet Paper Rolls', 'Cleaning Supplies', 'cases', '24.00', '0.000', '2.000', 'd26926e6-e8e4-4b2a-8dd8-737571eae415', '0.0000', NULL, '24', '1', '24', 'each', '0', '0'),
  ('a9075543-26e8-4e6f-b56f-3b741b6cfc4d', '0f240390-edda-4b25-8c72-45eeb2ce1988', 'Tomato', 'Vegetable & Produce', 'cases', '60.00', '0.000', '3.000', 'd26926e6-e8e4-4b2a-8dd8-737571eae415', '0.0000', NULL, '60', '1', '20', 'lbs', '0', '0'),
  ('77406e3d-8ccc-4ccd-9d74-a9011a93a292', '0f240390-edda-4b25-8c72-45eeb2ce1988', 'Tortilla 10"', 'Bread', 'each', '0.22', '0.000', '200.000', '81b34949-1fde-4237-9411-052cb8daaec9', '0.0000', NULL, '8.98', '40', '1', 'each', '0', '0'),
  ('449e52d3-3f54-43de-a09c-81759f2de117', '0f240390-edda-4b25-8c72-45eeb2ce1988', 'Tres Leche', 'Desserts', 'loaves', '36.10', '0.000', '3.000', '023cba00-1b67-4218-a906-cb18a8e62964', '0.0000', NULL, '72.19', '2', '15', 'each', '0', '0'),
  ('44ebc243-bf04-40b7-b6d6-969e88897691', '0f240390-edda-4b25-8c72-45eeb2ce1988', 'Tumeric', 'Condiments', 'each', '22.49', '0.000', '4.000', 'd5e3adcc-61d0-4401-a391-542170496ad3', '0.0000', NULL, '22.49', '1', '5', 'lbs', '0', '0'),
  ('9f09294e-fcb1-4073-bf78-be682dfb3375', '0f240390-edda-4b25-8c72-45eeb2ce1988', 'Water (Bottle)', 'Drinks', 'each', '0.11', '0.000', '160.000', 'ffcdf7bd-e6c9-4a32-bf77-ed95f84dee6d', '0.0000', NULL, '4.39', '40', '1', 'each', '0', '0'),
  ('741ed4c9-42c6-4bed-baa6-c3da452f1715', '0f240390-edda-4b25-8c72-45eeb2ce1988', 'White Togo Container 6" x 6" (Sandwich)', 'Dry goods', 'each', '0.10', '0.000', '2.000', 'd5e3adcc-61d0-4401-a391-542170496ad3', '0.0000', NULL, '25', '250', '1', 'each', '0', '0'),
  ('1f9a0ed8-3c37-4738-9507-cb094303a0f2', '0f240390-edda-4b25-8c72-45eeb2ce1988', 'White Togo Platter 9" x 6" (Sub)', 'Dry goods', 'each', '0.21', '0.000', '4.000', 'd5e3adcc-61d0-4401-a391-542170496ad3', '0.0000', NULL, '31', '150', '1', 'each', '0', '0'),
  ('9b8fdfd3-7e47-4da7-b1f4-b752fc74df8c', '0f240390-edda-4b25-8c72-45eeb2ce1988', 'Whiting Fish', 'Seafood', 'bags', '29.25', '0.000', '5.000', '2ad3b369-d39d-443e-b291-48088cd63d08', '0.0000', NULL, '117', '4', '10', 'lbs', '0', '0'),
  ('7eb1def3-c243-42a4-bbbe-aeba2b35117c', '0f240390-edda-4b25-8c72-45eeb2ce1988', 'Wings', 'Protein', 'cases', '19.47', '0.000', '8.000', '023cba00-1b67-4218-a906-cb18a8e62964', '0.0000', NULL, '77.87', '4', '10', 'lbs', '0', '0'),
  ('4d1d98b5-eeea-4bef-884f-f96599a34cc2', '0f240390-edda-4b25-8c72-45eeb2ce1988', 'Worcestershire', 'Dairy & Sauce', 'each', '8.75', '0.000', '5.000', '2ad3b369-d39d-443e-b291-48088cd63d08', '0.0000', NULL, '34.99', '4', '1', 'gal', '0', '0'),
  ('18454e0e-7aff-446c-a8ef-f1aa19b3f28f', '0f240390-edda-4b25-8c72-45eeb2ce1988', 'Zatarian''s Fish Fry', 'Condiments', 'each', '8.63', '0.000', '3.000', '81b34949-1fde-4237-9411-052cb8daaec9', '0.0000', NULL, '34.5', '4', '5.75', 'lbs', '0', '0'),
  ('b199c658-2215-4eed-8a0a-6f6cd00a0449', '1ea549bb-8b50-4078-9301-479311d9fdec', '#1 Togo Box', 'Dry goods', 'each', '0.11', '0.000', '3.000', '02dff3a5-e7b9-42ec-ba6d-0b3bc4bb6f99', '0.0000', NULL, '50', '450', '1', 'each', '0', '0'),
  ('c0cef691-87c5-40b7-92b0-1bd034b7d279', '1ea549bb-8b50-4078-9301-479311d9fdec', '#3 Togo Box', 'Dry goods', 'each', '0.20', '0.000', '3.000', '02dff3a5-e7b9-42ec-ba6d-0b3bc4bb6f99', '0.0000', NULL, '39', '200', '1', 'each', '0', '0'),
  ('57822ffc-4ab2-4ce7-9f97-9e7b463e2a8a', '1ea549bb-8b50-4078-9301-479311d9fdec', '#8 Togo Box', 'Protein', 'each', '0.14', '0.000', '3.000', '02dff3a5-e7b9-42ec-ba6d-0b3bc4bb6f99', '0.0000', NULL, '43', '300', '1', 'each', '0', '0'),
  ('5f157711-c356-4624-9688-763e27954619', '1ea549bb-8b50-4078-9301-479311d9fdec', '1/8 Brown Paper Bag', 'Dry goods', 'cases', '50.00', '0.000', '3.000', '02dff3a5-e7b9-42ec-ba6d-0b3bc4bb6f99', '0.0000', NULL, '50', '1', '500', 'each', '0', '0'),
  ('c8e35f81-77c5-47db-b13f-ad8168eff035', '1ea549bb-8b50-4078-9301-479311d9fdec', '12LB Brown Paper Bag', 'Dry goods', 'cases', '22.00', '0.000', '3.000', '02dff3a5-e7b9-42ec-ba6d-0b3bc4bb6f99', '0.0000', NULL, '22', '1', '500', 'each', '0', '0'),
  ('0a48b3fc-c037-468d-a6f5-2243fcffa5d1', '1ea549bb-8b50-4078-9301-479311d9fdec', '16oz Fries Cup', 'Protein', 'cases', '53.49', '0.000', '3.000', 'd5e3adcc-61d0-4401-a391-542170496ad3', '0.0000', NULL, '53.49', '1', '500', 'each', '0', '0'),
  ('d823cff7-2b40-4bea-86ee-45a76b2a76b0', '1ea549bb-8b50-4078-9301-479311d9fdec', '16oz Soup Cup w/ Lid', 'Dry goods', 'cases', '50.00', '0.000', '2.000', 'd5e3adcc-61d0-4401-a391-542170496ad3', '0.0000', NULL, '50', '1', '250', 'each', '0', '0'),
  ('15e118bf-7e70-41c0-8374-8d13bf327ecc', '1ea549bb-8b50-4078-9301-479311d9fdec', '2oz Cup w/ Lid', 'Dry goods', 'cases', '33.00', '0.000', '2.000', '02dff3a5-e7b9-42ec-ba6d-0b3bc4bb6f99', '0.0000', NULL, '33', '1', '2000', 'each', '0', '0'),
  ('5b7173bd-b6a3-4d5b-be07-df0b240da5cf', '1ea549bb-8b50-4078-9301-479311d9fdec', '3.25oz Cup w/ Lid', 'Dry goods', 'cases', '49.00', '0.000', '2.000', '02dff3a5-e7b9-42ec-ba6d-0b3bc4bb6f99', '0.0000', NULL, '49', '1', '2000', '', '0', '0'),
  ('7b8766d8-e01d-411b-b912-9a2defee1a9e', '1ea549bb-8b50-4078-9301-479311d9fdec', '4LB Brown Paper Bag', 'Dry goods', 'cases', '15.00', '0.000', '2.000', '02dff3a5-e7b9-42ec-ba6d-0b3bc4bb6f99', '0.0000', NULL, '15', '1', '400', '', '0', '0'),
  ('5e27540c-5c0f-44bf-a581-4ba1595ff032', '1ea549bb-8b50-4078-9301-479311d9fdec', '8oz Cup w/ Lid', 'Dry goods', 'cases', '0.18', '0.000', '2.000', 'd5e3adcc-61d0-4401-a391-542170496ad3', '0.0000', NULL, '44.5', '250', '1', 'each', '0', '0'),
  ('332fccd0-c2ae-4249-8252-bc4d3bb12cb6', '1ea549bb-8b50-4078-9301-479311d9fdec', 'Aluminum Foil 12" x 10 3/4"', 'Protein', 'cases', '0.04', '0.000', '2.000', 'd5e3adcc-61d0-4401-a391-542170496ad3', '0.0000', NULL, '86.99', '2400', '1', 'each', '0', '0'),
  ('436407e4-b0b8-4bf1-a3f4-051a0db1d0d2', '1ea549bb-8b50-4078-9301-479311d9fdec', 'American Cheese', 'Dairy & Sauce', 'cases', '13.63', '0.000', '8.000', '2ad3b369-d39d-443e-b291-48088cd63d08', '0.0000', NULL, '54.52', '4', '5', 'lbs', '0', '0'),
  ('69c4fbab-2bf9-4f0f-b775-010f85de4632', '1ea549bb-8b50-4078-9301-479311d9fdec', 'Banana Pudding', 'Desserts', 'each', '2.55', '0.000', '40.000', '023cba00-1b67-4218-a906-cb18a8e62964', '0.0000', NULL, '20.41', '8', '5', 'oz', '0', '0'),
  ('3cc0c681-3f34-4349-90c1-02d76c599360', '1ea549bb-8b50-4078-9301-479311d9fdec', 'Basmatic Rice', 'Condiments', 'bags', '63.18', '0.000', '4.000', '2ad3b369-d39d-443e-b291-48088cd63d08', '0.0000', NULL, '63.18', '1', '40', 'lbs', '0', '0'),
  ('34724558-072e-4940-bd91-efa4270887cd', '1ea549bb-8b50-4078-9301-479311d9fdec', 'BBQ Sauce', 'Produce', 'cases', '15.50', '0.000', '1.000', '023cba00-1b67-4218-a906-cb18a8e62964', '0.0000', NULL, '62.01', '4', '1', 'gal', '0', '0'),
  ('5e1f2f3f-1bda-4a1a-90e2-5b9a703c0fa2', '1ea549bb-8b50-4078-9301-479311d9fdec', 'Black Glove (For Workers)', 'Cleaning Supplies', 'bags', '5.00', '0.000', '2.000', 'd5e3adcc-61d0-4401-a391-542170496ad3', '0.0000', NULL, '50', '10', '100', 'each', '0', '0'),
  ('56da0c9b-717b-4111-a9de-a751a652e6aa', '1ea549bb-8b50-4078-9301-479311d9fdec', 'Black Pepper', 'Protein', 'each', '42.00', '0.000', '2.000', 'd5e3adcc-61d0-4401-a391-542170496ad3', '0.0000', NULL, '42', '1', '5', 'lbs', '0', '0'),
  ('b3fdac31-2563-4f27-84a1-fcef23c0489e', '1ea549bb-8b50-4078-9301-479311d9fdec', 'Black Togo Container 6" x 6" (Burger)', 'Dry goods', 'each', '0.10', '0.000', '2.000', 'd5e3adcc-61d0-4401-a391-542170496ad3', '0.0000', NULL, '25', '250', '1', 'each', '0', '0'),
  ('6eb78f48-06fc-4d0c-92a6-a94093177eda', '1ea549bb-8b50-4078-9301-479311d9fdec', 'Black Togo Platter 9" x 6" (Rice Container)', 'Dry goods', 'each', '0.17', '0.000', '4.000', 'd5e3adcc-61d0-4401-a391-542170496ad3', '0.0000', NULL, '25.49', '150', '1', 'each', '0', '0'),
  ('f69af9fd-9dd0-47b1-8cee-43ecc0fa5d93', '1ea549bb-8b50-4078-9301-479311d9fdec', 'Bleach', 'Cleaning Supplies', 'each', '3.33', '0.000', '8.000', 'd26926e6-e8e4-4b2a-8dd8-737571eae415', '0.0000', NULL, '20', '6', '1', 'gal', '0', '0'),
  ('fa2cc5b6-8a7a-4cdc-9178-c05d68092d67', '1ea549bb-8b50-4078-9301-479311d9fdec', 'Blue Cheese', 'Dairy', 'cases', '22.43', '0.000', '1.000', '023cba00-1b67-4218-a906-cb18a8e62964', '0.0000', NULL, '89.72', '4', '1', 'gal', '0', '0'),
  ('5ea9aaf0-6974-446e-8076-9efd1fb01635', '1ea549bb-8b50-4078-9301-479311d9fdec', 'Brioche Bun 4”', 'Bread', 'each', '0.44', '0.000', '0.000', NULL, '0.0000', NULL, '5.3', '12', '1', 'each', '0', '0'),
  ('380be867-d0fa-4acb-b148-5d3453f1db34', '1ea549bb-8b50-4078-9301-479311d9fdec', 'Broccoli', 'Vegetable & Produce', 'cases', '32.00', '0.000', '1.500', 'd26926e6-e8e4-4b2a-8dd8-737571eae415', '0.0000', NULL, '32', '1', '15', 'lbs', '0', '0'),
  ('a3cfd573-2f89-4c1b-b697-66a2ab4c750a', '1ea549bb-8b50-4078-9301-479311d9fdec', 'Cajun Spice & Skillet', 'Protein', 'cases', '18.75', '0.000', '2.000', 'd5e3adcc-61d0-4401-a391-542170496ad3', '0.0000', NULL, '75', '4', '5', 'lbs', '0', '0'),
  ('d3afbb2e-897d-4f69-8485-ea955625ddaa', '1ea549bb-8b50-4078-9301-479311d9fdec', 'Caramel Mouse', 'Desserts', 'each', '2.50', '0.000', '36.000', 'b1ee724a-8626-45ab-85d4-14a99e7cbc45', '0.0000', NULL, '14.99', '6', '1', 'each', '0', '0'),
  ('d4943aba-c1c6-4358-81df-433eccc8b6c3', '1ea549bb-8b50-4078-9301-479311d9fdec', 'Carrot Cake 8"', 'Desserts', 'each', '2.00', '0.000', '20.000', 'b1ee724a-8626-45ab-85d4-14a99e7cbc45', '0.0000', NULL, '20', '10', '1', 'each', '0', '0'),
  ('28c1dfaa-0afa-4a11-8edf-4bc0fcbf3262', '1ea549bb-8b50-4078-9301-479311d9fdec', 'Cheese Parmesan Grated', 'Dairy', 'cases', '28.02', '0.000', '0.250', '023cba00-1b67-4218-a906-cb18a8e62964', '0.0000', NULL, '112.09', '4', '5', 'lbs', '0', '0'),
  ('14399b8b-c9a1-4ce2-9e0a-dcca7b55e38d', '1ea549bb-8b50-4078-9301-479311d9fdec', 'Chicken Breast Patty', 'Protein', 'each', '1.54', '0.000', '6.000', 'ffcdf7bd-e6c9-4a32-bf77-ed95f84dee6d', '0.0000', NULL, '15.39', '10', '1', 'each', '0', '0'),
  ('46125ece-7413-48ca-9737-bcad61350ab6', '1ea549bb-8b50-4078-9301-479311d9fdec', 'Chicken Leg', 'Protein', 'cases', '88.68', '0.000', '4.000', 'd26926e6-e8e4-4b2a-8dd8-737571eae415', '0.0000', NULL, '88.68', '1', '40', 'lbs', '0', '0'),
  ('86571550-ad8c-49a7-848b-95539c0330fe', '1ea549bb-8b50-4078-9301-479311d9fdec', 'Chicken Nugget', 'Appetizer', 'bags', '20.45', '0.000', '2.000', '023cba00-1b67-4218-a906-cb18a8e62964', '0.0000', NULL, '40.9', '2', '5', 'lbs', '0', '0'),
  ('52f434bd-99ee-4311-a8e2-73463a3b3835', '1ea549bb-8b50-4078-9301-479311d9fdec', 'Chicken Seasoning', 'Condiments', 'each', '15.75', '0.000', '2.000', '81b34949-1fde-4237-9411-052cb8daaec9', '0.0000', NULL, '94.5', '6', '28', 'oz', '0', '0'),
  ('2afc3b0f-27a2-42a7-85fd-30583568a7a1', '1ea549bb-8b50-4078-9301-479311d9fdec', 'Chicken Stock (Totole)', 'Condiments', 'each', '19.67', '0.000', '6.000', 'd26926e6-e8e4-4b2a-8dd8-737571eae415', '0.0000', NULL, '19.67', '1', '4.6', 'lbs', '0', '0'),
  ('af1243dd-b5fa-4cec-9857-baea56fe15ef', '1ea549bb-8b50-4078-9301-479311d9fdec', 'Chicken Tenderloin', 'Protein', 'cases', '24.75', '0.000', '1.000', '023cba00-1b67-4218-a906-cb18a8e62964', '0.0000', NULL, '98.99', '4', '10', 'lbs', '0', '0'),
  ('8e938fab-4653-43e6-8e29-fcad60b468ff', '1ea549bb-8b50-4078-9301-479311d9fdec', 'Chocolate Cake', 'Desserts', 'each', '2.30', '0.000', '20.000', 'ffcdf7bd-e6c9-4a32-bf77-ed95f84dee6d', '0.0000', NULL, '22.99', '10', '1', 'each', '0', '0'),
  ('671afe4a-c565-4c87-ad24-5c58cb891dc2', '1ea549bb-8b50-4078-9301-479311d9fdec', 'Chocolate Mousse', 'Desserts', 'each', '2.89', '0.000', '24.000', '023cba00-1b67-4218-a906-cb18a8e62964', '0.0000', NULL, '23.13', '8', '4', 'oz', '0', '0'),
  ('0788133b-c12c-4fc7-b8ee-0cd6aa574c8b', '1ea549bb-8b50-4078-9301-479311d9fdec', 'Clear Container 5" x 5"', 'Dry goods', 'each', '0.11', '0.000', '2.000', 'd5e3adcc-61d0-4401-a391-542170496ad3', '0.0000', NULL, '53', '500', '1', 'each', '0', '0'),
  ('5a85a4a6-35b2-4f4e-8455-9fd4b8f660ab', '1ea549bb-8b50-4078-9301-479311d9fdec', 'Coca Cola', 'Drinks', 'each', '0.58', '0.000', '70.000', 'b1ee724a-8626-45ab-85d4-14a99e7cbc45', '0.0000', NULL, '20.34', '35', '1', 'each', '0', '0'),
  ('7c12a9f7-2dcf-4444-9fa7-0420ae8231a6', '1ea549bb-8b50-4078-9301-479311d9fdec', 'Cocktail Sauce', 'Dairy', 'cases', '16.19', '0.000', '1.000', '023cba00-1b67-4218-a906-cb18a8e62964', '0.0000', NULL, '64.75', '4', '1', 'gal', '0', '0'),
  ('3b8dda5a-3625-4244-9c63-23813959c102', '1ea549bb-8b50-4078-9301-479311d9fdec', 'Cooking Wine', 'Condiments', 'each', '4.24', '0.000', '6.000', 'd26926e6-e8e4-4b2a-8dd8-737571eae415', '0.0000', NULL, '16.95', '4', '1', 'gal', '0', '0'),
  ('a634ba8b-2982-48e9-b859-fa8608386025', '1ea549bb-8b50-4078-9301-479311d9fdec', 'Coriander', 'Condiments', 'each', '10.99', '0.000', '4.000', 'd5e3adcc-61d0-4401-a391-542170496ad3', '0.0000', NULL, '10.99', '1', '3.5', 'lbs', '0', '0'),
  ('1b1414b4-c54f-4b09-aab0-bffcc5187615', '1ea549bb-8b50-4078-9301-479311d9fdec', 'Corn On Cob 3"', 'Vegetable & Produce', 'cases', '30.00', '0.000', '4.000', '137f2d47-45dd-4ed7-bb29-9bfb9a6a00e9', '0.0000', NULL, '30', '1', '30', 'lbs', '0', '0'),
  ('159dc701-aa4a-47db-bba3-64e0433b8d32', '1ea549bb-8b50-4078-9301-479311d9fdec', 'Crabmeat (Claw)', 'Seafood', 'each', '12.16', '0.000', '24.000', '2ad3b369-d39d-443e-b291-48088cd63d08', '0.0000', NULL, '145.95', '12', '1', 'lbs', '0', '0'),
  ('9424ed77-bd4d-4094-a623-c9e7c9aa210d', '1ea549bb-8b50-4078-9301-479311d9fdec', 'Crabmeat (Lump)', 'Seafood', 'each', '13.13', '0.000', '24.000', '2ad3b369-d39d-443e-b291-48088cd63d08', '0.0000', NULL, '157.59', '12', '1', 'lbs', '0', '0'),
  ('bcd46175-f62a-4eb0-ac6b-a162fb982250', '1ea549bb-8b50-4078-9301-479311d9fdec', 'Crawfish', 'Seafood', 'cases', '48.00', '0.000', '5.000', '137f2d47-45dd-4ed7-bb29-9bfb9a6a00e9', '0.0000', NULL, '48', '1', '20', 'lbs', '0', '0'),
  ('e1ffba38-4808-4d3e-ad64-b93ffc3febeb', '1ea549bb-8b50-4078-9301-479311d9fdec', 'Creme Brulee', 'Desserts', 'each', '1.66', '0.000', '30.000', '81b34949-1fde-4237-9411-052cb8daaec9', '0.0000', NULL, '9.98', '6', '1', 'each', '0', '0'),
  ('a0e117e4-afda-4fc1-b313-b8f2347815f1', '1ea549bb-8b50-4078-9301-479311d9fdec', 'Creme Brulee Cheesecake', 'Desserts', 'loaves', '49.67', '0.000', '4.000', '023cba00-1b67-4218-a906-cb18a8e62964', '0.0000', NULL, '99.34', '2', '14', 'each', '0', '0'),
  ('b7fe224b-0cd1-4529-b2a3-cbaee20ab8ad', '1ea549bb-8b50-4078-9301-479311d9fdec', 'Cucumber', 'Vegetable & Produce', 'cases', '40.00', '0.000', '1.000', 'd26926e6-e8e4-4b2a-8dd8-737571eae415', '0.0000', NULL, '40', '1', '35', 'lbs', '0', '0'),
  ('eb50a5ad-797c-4dc7-be95-8821e79927e0', '1ea549bb-8b50-4078-9301-479311d9fdec', 'Deluxe Sub Rolls 8” (6)', 'Bread', 'each', '0.53', '0.000', '0.000', NULL, '0.0000', NULL, '3.2', '6', '1', 'each', '0', '0'),
  ('eb101d0b-3b51-4981-8fac-8dd45d4a0b98', '1ea549bb-8b50-4078-9301-479311d9fdec', 'Diet Coke', 'Drinks', 'each', '0.58', '0.000', '70.000', 'b1ee724a-8626-45ab-85d4-14a99e7cbc45', '0.0000', NULL, '20.34', '35', '1', 'each', '0', '0'),
  ('7d598998-3340-4de5-9025-71cbf2e4f1c7', '1ea549bb-8b50-4078-9301-479311d9fdec', 'Dill Leaf Spice', 'Condiments', 'each', '15.95', '0.000', '2.000', '023cba00-1b67-4218-a906-cb18a8e62964', '0.0000', NULL, '15.95', '1', '5.5', 'oz', '0', '0'),
  ('033ffd80-600f-4bdc-b869-886937ba69cf', '1ea549bb-8b50-4078-9301-479311d9fdec', 'Dish Detergent', 'Cleaning Supplies', 'each', '4.00', '0.000', '6.000', 'd26926e6-e8e4-4b2a-8dd8-737571eae415', '0.0000', NULL, '16', '4', '1', 'gal', '0', '0'),
  ('e08c1435-50a1-4397-80a0-b8a7a6e9d3e8', '1ea549bb-8b50-4078-9301-479311d9fdec', 'Dr Pepper', 'Drinks', 'each', '0.53', '0.000', '72.000', 'b1ee724a-8626-45ab-85d4-14a99e7cbc45', '0.0000', NULL, '19.02', '36', '1', 'each', '0', '0'),
  ('916346e5-ae2a-4ebd-a8f0-8374d315ba2c', '1ea549bb-8b50-4078-9301-479311d9fdec', 'Dungeness Crab Leg', 'Seafood', 'cases', '240.00', '0.000', '2.000', '137f2d47-45dd-4ed7-bb29-9bfb9a6a00e9', '0.0000', NULL, '240', '1', '20', 'lbs', '0', '0'),
  ('4754cb16-bda4-4b4e-9aba-7e8095b33918', '1ea549bb-8b50-4078-9301-479311d9fdec', 'Egg Large', 'Vegetable & Produce', 'cases', '50.00', '0.000', '2.000', 'd26926e6-e8e4-4b2a-8dd8-737571eae415', '0.0000', NULL, '50', '1', '360', 'each', '0', '0'),
  ('461ef0bb-d4f0-40f8-ab2a-7eebb9f0acbf', '1ea549bb-8b50-4078-9301-479311d9fdec', 'Floor Cleaner Fabuloso', 'Cleaning Supplies', 'each', '4.49', '0.000', '4.000', 'd26926e6-e8e4-4b2a-8dd8-737571eae415', '0.0000', NULL, '4.49', '1', '1', 'gal', '0', '0'),
  ('d4136858-bf5e-4a0a-b7af-8bbb249f72d7', '1ea549bb-8b50-4078-9301-479311d9fdec', 'Floor Cleaner Powder', 'Cleaning Supplies', 'bags', '0.00', '0.000', '1.000', 'd26926e6-e8e4-4b2a-8dd8-737571eae415', '0.0000', NULL, '0', '1', '50', 'lbs', '0', '0'),
  ('60dc9da0-af09-4f29-93a9-101569ab593b', '1ea549bb-8b50-4078-9301-479311d9fdec', 'Flour (50lb)', 'Condiments', 'bags', '20.00', '0.000', '2.000', 'd26926e6-e8e4-4b2a-8dd8-737571eae415', '0.0000', NULL, '20', '1', '50', 'lbs', '0', '0'),
  ('8e7a8af3-65c3-4c7e-a849-3f18e548dc15', '1ea549bb-8b50-4078-9301-479311d9fdec', 'Fork (Plastic Black)', 'Dry goods', 'cases', '56.85', '0.000', '2.000', 'd26926e6-e8e4-4b2a-8dd8-737571eae415', '0.0000', NULL, '56.85', '1', '1000', 'each', '0', '0'),
  ('ca5a070b-5d4d-465b-a7ba-5fd9c6d9118b', '1ea549bb-8b50-4078-9301-479311d9fdec', 'French Fries', 'Appetizer', 'bags', '5.86', '0.000', '96.000', '2ad3b369-d39d-443e-b291-48088cd63d08', '0.0000', NULL, '35.17', '6', '4.5', 'lbs', '0', '0'),
  ('977d639e-f927-484c-98df-f2add59b5ae2', '1ea549bb-8b50-4078-9301-479311d9fdec', 'Fry Oil Canola', 'Condiments', 'gal', '33.95', '0.000', '5.000', 'd26926e6-e8e4-4b2a-8dd8-737571eae415', '0.0000', NULL, '33.95', '1', '1', 'gal', '0', '0'),
  ('ff8d3cb9-9257-4903-8c37-f91b6dd26b86', '1ea549bb-8b50-4078-9301-479311d9fdec', 'Garbage Bag (Black Heavy Duty)', 'Dry goods', 'cases', '5.50', '0.000', '7.000', '02dff3a5-e7b9-42ec-ba6d-0b3bc4bb6f99', '0.0000', NULL, '5.5', '1', '25', 'each', '0', '0'),
  ('747d9110-d33d-42a7-a851-0b975e4627e1', '1ea549bb-8b50-4078-9301-479311d9fdec', 'Garlic Fresh Peeled', 'Vegetable & Produce', 'cases', '14.50', '0.000', '1.000', 'd26926e6-e8e4-4b2a-8dd8-737571eae415', '0.0000', NULL, '58', '4', '5', 'lbs', '0', '0'),
  ('35366a17-3d82-466e-8902-d69f36b0dfd2', '1ea549bb-8b50-4078-9301-479311d9fdec', 'Garlic Granulated - (27.5 lb.)', 'Condiments', 'bags', '84.50', '0.000', '1.000', 'd5e3adcc-61d0-4401-a391-542170496ad3', '0.0000', NULL, '84.5', '1', '27.5', 'lbs', '0', '0'),
  ('aedabc97-f8e5-496e-9c4b-d43e87aeb953', '1ea549bb-8b50-4078-9301-479311d9fdec', 'Garlic Parmesan Sauce', 'Condiments', 'each', '24.59', '0.000', '1.000', '023cba00-1b67-4218-a906-cb18a8e62964', '0.0000', NULL, '49.17', '2', '1', 'gal', '0', '0'),
  ('cb7e5b16-2a5e-4ec1-889a-d21dffb8657d', '1ea549bb-8b50-4078-9301-479311d9fdec', 'Ginger Ale', 'Drinks', 'each', '0.61', '0.000', '48.000', 'b1ee724a-8626-45ab-85d4-14a99e7cbc45', '0.0000', NULL, '14.62', '24', '1', 'each', '0', '0'),
  ('dbf753a4-8e79-43cc-8609-4199a6200367', '1ea549bb-8b50-4078-9301-479311d9fdec', 'Green Pepper', 'Vegetable & Produce', 'cases', '50.00', '0.000', '1.000', 'd26926e6-e8e4-4b2a-8dd8-737571eae415', '0.0000', NULL, '50', '1', '20', 'lbs', '0', '0'),
  ('2fc3c9d9-55e6-4538-9259-62121d5396dc', '1ea549bb-8b50-4078-9301-479311d9fdec', 'Ground Beef', 'Protein', 'cases', '48.70', '0.000', '1.000', '023cba00-1b67-4218-a906-cb18a8e62964', '0.0000', NULL, '292.2', '6', '10', 'lbs', '0', '0'),
  ('077f49d2-87ff-4002-aa7b-119290a58a01', '1ea549bb-8b50-4078-9301-479311d9fdec', 'Ground Cumin', 'Condiments', 'each', '15.99', '0.000', '4.000', 'd5e3adcc-61d0-4401-a391-542170496ad3', '0.0000', NULL, '15.99', '1', '4', 'lbs', '0', '0'),
  ('f380a4cf-fdc0-4b6f-bd46-ad772e4ffd3e', '1ea549bb-8b50-4078-9301-479311d9fdec', 'Half Black Mussel', 'Seafood', 'cases', '70.56', '0.000', '4.000', '137f2d47-45dd-4ed7-bb29-9bfb9a6a00e9', '0.0000', NULL, '70.56', '1', '22.05', 'lbs', '0', '0'),
  ('bf2109b6-7c23-41e3-bc32-308388403c75', '1ea549bb-8b50-4078-9301-479311d9fdec', 'Hand Kraft Towels', 'Cleaning Supplies', 'each', '1.88', '0.000', '1.000', 'd26926e6-e8e4-4b2a-8dd8-737571eae415', '0.0000', NULL, '22.5', '12', '1', 'each', '0', '0'),
  ('f3912991-0e7c-43a4-8450-4e05753039b1', '1ea549bb-8b50-4078-9301-479311d9fdec', 'Hash Brown Patty Triangle', 'Appetizer', 'bags', '6.64', '0.000', '2.000', '023cba00-1b67-4218-a906-cb18a8e62964', '0.0000', NULL, '39.85', '6', '5', 'lbs', '0', '0'),
  ('606de3e0-b21d-4a6f-8b10-3499369376d8', '1ea549bb-8b50-4078-9301-479311d9fdec', 'Honey Blend', 'Condiments', 'each', '7.67', '0.000', '4.000', 'd5e3adcc-61d0-4401-a391-542170496ad3', '0.0000', NULL, '46', '6', '5', 'lbs', '0', '0'),
  ('a7359373-4b49-4cc2-8bb6-14aa13e1b294', '1ea549bb-8b50-4078-9301-479311d9fdec', 'Honey Mustard', 'Dairy', 'cases', '18.53', '0.000', '1.000', '023cba00-1b67-4218-a906-cb18a8e62964', '0.0000', NULL, '74.12', '4', '1', 'gal', '0', '0'),
  ('51fb2c9b-9cf4-447f-bdf0-f3bac0b1a904', '1ea549bb-8b50-4078-9301-479311d9fdec', 'Horseradish', 'Dairy & Sauce', 'each', '16.95', '0.000', '1.000', '2ad3b369-d39d-443e-b291-48088cd63d08', '0.0000', NULL, '16.95', '1', '8', 'lbs', '0', '0'),
  ('3ad1219a-769c-4038-aef1-9e1eca57d60e', '1ea549bb-8b50-4078-9301-479311d9fdec', 'Ice Tea mix', 'Drinks', 'each', '8.87', '0.000', '8.000', '81b34949-1fde-4237-9411-052cb8daaec9', '0.0000', NULL, '8.87', '1', '89.8', 'oz', '0', '0'),
  ('c7c2b62e-eb64-4762-99d3-fe787b6b70e9', '1ea549bb-8b50-4078-9301-479311d9fdec', 'Imitation Crabmeat (Oyster Bay)', 'Seafood', 'cases', '2.50', '0.000', '2.000', 'd26926e6-e8e4-4b2a-8dd8-737571eae415', '0.0000', NULL, '75', '12', '2.5', 'lbs', '0', '0'),
  ('b27f6fe4-e53f-4e68-aa5d-46ed7d6c3b01', '1ea549bb-8b50-4078-9301-479311d9fdec', 'Ketchup (Can 114oz)', 'Dairy & Sauce', 'cases', '7.43', '0.000', '1.000', '023cba00-1b67-4218-a906-cb18a8e62964', '0.0000', NULL, '44.55', '6', '114', 'oz', '0', '0'),
  ('b668efda-bfab-4fef-98fa-b06580daa902', '1ea549bb-8b50-4078-9301-479311d9fdec', 'Ketchup (Package)', 'Dairy & Sauce', 'lbs', '20.50', '0.000', '3.000', 'd26926e6-e8e4-4b2a-8dd8-737571eae415', '0.0000', NULL, '20.5', '1', '1000', 'each', '0', '0'),
  ('ba6ee854-1912-4c35-9614-c042eb292f39', '1ea549bb-8b50-4078-9301-479311d9fdec', 'Lamb Gyro Meat', 'Protein', 'cases', '41.35', '0.000', '2.000', '023cba00-1b67-4218-a906-cb18a8e62964', '0.0000', NULL, '165.39', '4', '10', 'lbs', '0', '0'),
  ('645d4834-7e7d-46de-a1fc-866fc446b868', '1ea549bb-8b50-4078-9301-479311d9fdec', 'Lava Cake', 'Protein', 'lbs', '38.34', '0.000', '1.000', '023cba00-1b67-4218-a906-cb18a8e62964', '0.0000', NULL, '153.36', '4', '9', 'each', '0', '0'),
  ('a0c11d26-fc33-419e-a494-a56ca225534d', '1ea549bb-8b50-4078-9301-479311d9fdec', 'Lemon Juice 48fl. oz.', 'Protein', 'cases', '3.50', '0.000', '6.000', 'ffcdf7bd-e6c9-4a32-bf77-ed95f84dee6d', '0.0000', NULL, '7', '2', '48', 'oz', '0', '0'),
  ('67e861cf-551b-4c4f-b81d-4f0e6d954b6b', '1ea549bb-8b50-4078-9301-479311d9fdec', 'Lemon Pepper Seasoning', 'Condiments', 'each', '23.77', '0.000', '4.000', '67b0d204-5e27-439a-bc06-3675444b3388', '0.0000', NULL, '95.08', '4', '7', 'lbs', '0', '0'),
  ('647758b0-857c-4d58-a83e-15ebeaf868dd', '1ea549bb-8b50-4078-9301-479311d9fdec', 'Lemonade Mix (Country Time)', 'Drinks', 'each', '9.88', '0.000', '8.000', '81b34949-1fde-4237-9411-052cb8daaec9', '0.0000', NULL, '9.88', '1', '82.5', 'oz', '0', '0'),
  ('0a8ef70a-3602-4630-878f-caa87a13fb94', '1ea549bb-8b50-4078-9301-479311d9fdec', 'Lettuce Iceberg', 'Vegetable & Produce', 'each', '1.25', '0.000', '96.000', 'd26926e6-e8e4-4b2a-8dd8-737571eae415', '0.0000', NULL, '30', '24', '1', 'each', '0', '0'),
  ('7ff71c0a-d9a5-480c-96ea-c0e28ee64b69', '1ea549bb-8b50-4078-9301-479311d9fdec', 'Lobster Tail', 'Seafood', 'cases', '220.00', '0.000', '2.000', '137f2d47-45dd-4ed7-bb29-9bfb9a6a00e9', '0.0000', NULL, '220', '1', '10', 'lbs', '0', '0'),
  ('5c74525a-7cd9-4391-a131-a11d3a068f12', '1ea549bb-8b50-4078-9301-479311d9fdec', 'Mac n Cheese', 'Appetizer', 'each', '14.00', '6.000', '6.000', 'ffcdf7bd-e6c9-4a32-bf77-ed95f84dee6d', '0.0000', NULL, '14', '1', '3.19', 'lbs', '0', '0'),
  ('a06a3376-d869-4e11-95e0-d1a0ee75a2b6', '1ea549bb-8b50-4078-9301-479311d9fdec', 'Mac n Cheese Bite', 'Appetizer', 'bags', '10.99', '0.000', '10.000', 'b1ee724a-8626-45ab-85d4-14a99e7cbc45', '0.0000', NULL, '10.99', '1', '36', 'each', '0', '0'),
  ('79e0427b-bd7c-4dd8-a0be-6f78844284c6', '1ea549bb-8b50-4078-9301-479311d9fdec', 'Margarine', 'Condiments', 'each', '20.00', '0.000', '4.000', '023cba00-1b67-4218-a906-cb18a8e62964', '0.0000', NULL, '39.99', '2', '17.5', 'lbs', '0', '0'),
  ('a613d816-1917-475c-9b04-39a05b4b58e1', '1ea549bb-8b50-4078-9301-479311d9fdec', 'Marinara Sauce', 'Dairy & Sauce', 'each', '8.09', '0.000', '8.000', '2ad3b369-d39d-443e-b291-48088cd63d08', '0.0000', NULL, '48.55', '6', '4.5', 'lbs', '0', '0'),
  ('21d7f2f2-47db-41aa-8198-225923515f51', '1ea549bb-8b50-4078-9301-479311d9fdec', 'Mayonnaise', 'Dairy', 'cases', '10.11', '0.000', '5.000', '023cba00-1b67-4218-a906-cb18a8e62964', '0.0000', NULL, '40.45', '4', '1', 'gal', '0', '0'),
  ('f287d7a6-939f-4b46-9280-605d58d0d25a', '1ea549bb-8b50-4078-9301-479311d9fdec', 'Milk', 'Dairy & Sauce', 'gal', '3.21', '0.000', '4.000', 'ffcdf7bd-e6c9-4a32-bf77-ed95f84dee6d', '0.0000', NULL, '3.21', '1', '1', 'gal', '0', '0'),
  ('8d6ce017-3939-4079-a203-6a9c70078191', '1ea549bb-8b50-4078-9301-479311d9fdec', 'Montreal Steak Seasoning', 'Condiments', 'each', '9.33', '0.000', '2.000', '81b34949-1fde-4237-9411-052cb8daaec9', '0.0000', NULL, '56', '6', '29', 'oz', '0', '0'),
  ('62732c97-68f6-481c-9deb-c602418bfd87', '1ea549bb-8b50-4078-9301-479311d9fdec', 'Mozzarella Stick', 'Appetizer', 'bags', '6.90', '0.000', '24.000', '2ad3b369-d39d-443e-b291-48088cd63d08', '0.0000', NULL, '41.37', '6', '22', 'each', '0', '0'),
  ('258bd808-6541-4824-891f-4c2f457e3bbe', '1ea549bb-8b50-4078-9301-479311d9fdec', 'MSG Ajinomoto Umami', 'Condiments', 'cases', '0.00', '0.000', '1.000', 'd26926e6-e8e4-4b2a-8dd8-737571eae415', '0.0000', NULL, '0', '1', '100', 'lbs', '0', '0'),
  ('3c907ce8-80be-441e-8753-8eb43636328e', '1ea549bb-8b50-4078-9301-479311d9fdec', 'Mustard (Gal)', 'Condiments', 'each', '7.32', '0.000', '1.000', '023cba00-1b67-4218-a906-cb18a8e62964', '0.0000', NULL, '29.27', '4', '1', 'gal', '0', '0'),
  ('affe8176-aa3f-424c-bb54-f6b9831c218f', '1ea549bb-8b50-4078-9301-479311d9fdec', 'Napkin (Togo)', 'Dry goods', 'cases', '0.00', '0.000', '3.000', 'd26926e6-e8e4-4b2a-8dd8-737571eae415', '0.0000', NULL, '32', '1', '1', 'cases', '0', '0'),
  ('2b7b3e9c-eca3-40d5-acbd-02942b21b5d8', '1ea549bb-8b50-4078-9301-479311d9fdec', 'Old Bay Seasoning', 'Condiments', 'each', '39.50', '0.000', '2.000', 'd5e3adcc-61d0-4401-a391-542170496ad3', '0.0000', NULL, '118.5', '3', '7.5', 'lbs', '0', '0'),
  ('d0ac9999-e482-4c20-b356-be93c90b8e5c', '1ea549bb-8b50-4078-9301-479311d9fdec', 'Onion Ring', 'Appetizer', 'bags', '6.26', '0.000', '2.000', '023cba00-1b67-4218-a906-cb18a8e62964', '0.0000', NULL, '25.03', '4', '2.5', 'lbs', '0', '0'),
  ('d20b5179-94a3-4a41-9082-10b472aef4db', '1ea549bb-8b50-4078-9301-479311d9fdec', 'Onion Yellow', 'Vegetable & Produce', 'bags', '20.00', '0.000', '1.000', 'd26926e6-e8e4-4b2a-8dd8-737571eae415', '0.0000', NULL, '20', '1', '50', 'lbs', '0', '0'),
  ('1c459892-04a7-4eff-b4a0-b03424ce9ffa', '1ea549bb-8b50-4078-9301-479311d9fdec', 'Oregano Leaves - (20 lb. )', 'Condiments', 'bags', '143.00', '0.000', '1.000', 'd5e3adcc-61d0-4401-a391-542170496ad3', '0.0000', NULL, '143', '1', '20', 'lbs', '0', '0'),
  ('afd042f1-8361-4c50-9a4e-fb9ba2fe556c', '1ea549bb-8b50-4078-9301-479311d9fdec', 'Paprika', 'Condiments', 'each', '20.00', '0.000', '2.000', 'd5e3adcc-61d0-4401-a391-542170496ad3', '0.0000', NULL, '80', '4', '5', 'lbs', '0', '0'),
  ('bc7fe612-6e98-4cb7-a533-cc21071a16b0', '1ea549bb-8b50-4078-9301-479311d9fdec', 'Parsley Flake', 'Condiments', 'each', '21.02', '0.000', '2.000', '023cba00-1b67-4218-a906-cb18a8e62964', '0.0000', NULL, '21.02', '1', '11', 'oz', '0', '0'),
  ('3a5ff325-d30a-48a0-aa08-b30c418b4bba', '1ea549bb-8b50-4078-9301-479311d9fdec', 'Pepsi', 'Drinks', 'each', '0.53', '0.000', '72.000', 'b1ee724a-8626-45ab-85d4-14a99e7cbc45', '0.0000', NULL, '19.02', '36', '1', 'each', '0', '0'),
  ('a4a48a08-2f42-41eb-bc24-bb7d8a83d217', '1ea549bb-8b50-4078-9301-479311d9fdec', 'Philly Steak', 'Protein', 'cases', '0.26', '0.000', '0.000', '023cba00-1b67-4218-a906-cb18a8e62964', '0.0000', NULL, '42.82', '27', '6', 'oz', '0', '0'),
  ('a42ba2bb-3d12-4a9b-987a-b66bb169f522', '1ea549bb-8b50-4078-9301-479311d9fdec', 'Pickle', 'Protein', 'each', '26.24', '0.000', '1.000', '023cba00-1b67-4218-a906-cb18a8e62964', '0.0000', NULL, '26.24', '1', '2', 'gal', '0', '0'),
  ('6b83592d-42f5-4926-8b0e-11ab91c8bb97', '1ea549bb-8b50-4078-9301-479311d9fdec', 'Pita Bread', 'Bread', 'bags', '3.17', '0.000', '18.000', '2ad3b369-d39d-443e-b291-48088cd63d08', '0.0000', NULL, '37.99', '12', '10', 'each', '0', '0'),
  ('581d0d64-94ea-40c5-a869-82c38f6dcc9e', '1ea549bb-8b50-4078-9301-479311d9fdec', 'Plain Yogurt', 'Dairy', 'cases', '4.18', '0.000', '2.000', '023cba00-1b67-4218-a906-cb18a8e62964', '0.0000', NULL, '25.09', '6', '32', 'oz', '0', '0'),
  ('0ef5bf0d-2cfe-4d09-bc1e-6b7160dc6d3e', '1ea549bb-8b50-4078-9301-479311d9fdec', 'Potato Red', 'Vegetable & Produce', 'bags', '27.00', '0.000', '2.000', 'd26926e6-e8e4-4b2a-8dd8-737571eae415', '0.0000', NULL, '27', '1', '50', 'lbs', '0', '0'),
  ('a7a9c5e7-4d64-4d7a-8e45-56af9e0209c8', '1ea549bb-8b50-4078-9301-479311d9fdec', 'Potato Starch (50 lb.)', 'Condiments', 'bags', '22.00', '0.000', '2.000', 'd26926e6-e8e4-4b2a-8dd8-737571eae415', '0.0000', NULL, '22', '1', '50', 'lbs', '0', '0'),
  ('89b1715b-93db-4a50-8577-b2adb7ab02a2', '1ea549bb-8b50-4078-9301-479311d9fdec', 'Provolone Cheese', 'Dairy & Sauce', 'each', '5.53', '0.000', '8.000', '2ad3b369-d39d-443e-b291-48088cd63d08', '0.0000', NULL, '33.18', '6', '1.5', 'lbs', '0', '0'),
  ('31adc8c4-297e-47bb-8351-49f5e6ef444b', '1ea549bb-8b50-4078-9301-479311d9fdec', 'Ranch Dressing', 'Dairy & Sauce', 'cases', '13.74', '0.000', '6.000', '2ad3b369-d39d-443e-b291-48088cd63d08', '0.0000', NULL, '54.95', '4', '1', 'gal', '0', '0'),
  ('a6a2e34b-61c3-48ef-89c5-b2c649089993', '1ea549bb-8b50-4078-9301-479311d9fdec', 'Red Hot', 'Condiments', 'each', '18.47', '0.000', '1.000', '023cba00-1b67-4218-a906-cb18a8e62964', '0.0000', NULL, '73.89', '4', '1', 'gal', '0', '0'),
  ('c1a96c79-deea-4a8d-807a-7bbded746c74', '1ea549bb-8b50-4078-9301-479311d9fdec', 'Red Hot Pepper Relish', 'Condiments', 'each', '9.75', '0.000', '1.000', 'd5e3adcc-61d0-4401-a391-542170496ad3', '0.0000', NULL, '39', '4', '1', 'gal', '0', '0'),
  ('33552218-24c7-469b-bb8e-3aed9342accc', '1ea549bb-8b50-4078-9301-479311d9fdec', 'Register Paper Roll', 'Dry goods', 'cases', '40.00', '0.000', '2.000', 'd26926e6-e8e4-4b2a-8dd8-737571eae415', '0.0000', NULL, '40', '1', '1', 'each', '0', '0'),
  ('e564c66d-6013-4b29-b9fa-e28450150b42', '1ea549bb-8b50-4078-9301-479311d9fdec', 'Salsa Sauce', 'Condiments', 'each', '9.79', '0.000', '1.000', '023cba00-1b67-4218-a906-cb18a8e62964', '0.0000', NULL, '58.73', '6', '114', 'oz', '0', '0'),
  ('2543617d-6b25-48fc-ac44-137ce71e5cab', '1ea549bb-8b50-4078-9301-479311d9fdec', 'Salt (25 lb.)', 'Condiments', 'bags', '16.00', '0.000', '1.000', 'd26926e6-e8e4-4b2a-8dd8-737571eae415', '0.0000', NULL, '16', '1', '25', 'lbs', '0', '0'),
  ('28baf60c-26e7-4e43-9bc9-389ce6763394', '1ea549bb-8b50-4078-9301-479311d9fdec', 'Seafood Bag', 'Dry goods', 'cases', '50.00', '0.000', '2.000', '137f2d47-45dd-4ed7-bb29-9bfb9a6a00e9', '0.0000', NULL, '50', '1', '500', 'each', '0', '0'),
  ('6bc6217e-f174-453a-ba1e-b4eff57247c0', '1ea549bb-8b50-4078-9301-479311d9fdec', 'Seafood Glove', 'Dry goods', 'cases', '3.50', '0.000', '2.000', '137f2d47-45dd-4ed7-bb29-9bfb9a6a00e9', '0.0000', NULL, '35', '10', '500', 'each', '0', '0'),
  ('11cf0c6c-afb2-4c5b-9faf-ed4c8562fad0', '1ea549bb-8b50-4078-9301-479311d9fdec', 'Shredded Cheese', 'Dairy & Sauce', 'bags', '12.76', '0.000', '3.000', '81b34949-1fde-4237-9411-052cb8daaec9', '0.0000', NULL, '12.76', '1', '5', 'lbs', '0', '0'),
  ('6ccfc9f0-a1af-4e50-a0fc-d2eec5a5f670', '1ea549bb-8b50-4078-9301-479311d9fdec', 'Shrimp - (Head On)', 'Seafood', 'cases', '79.20', '0.000', '2.000', '137f2d47-45dd-4ed7-bb29-9bfb9a6a00e9', '0.0000', NULL, '79.2', '1', '24', 'lbs', '0', '0'),
  ('3e3c25b0-5433-480e-888f-46f2dc79a5be', '1ea549bb-8b50-4078-9301-479311d9fdec', 'Shrimp - Head Off', 'Protein', 'lbs', '103.00', '0.000', '12.000', '137f2d47-45dd-4ed7-bb29-9bfb9a6a00e9', '0.0000', NULL, '103', '1', '20', 'lbs', '0', '0'),
  ('ec4e5223-7670-466b-b893-282908a9f33c', '1ea549bb-8b50-4078-9301-479311d9fdec', 'Slice Bacon', 'Protein', 'bags', '3.93', '0.000', '3.000', '81b34949-1fde-4237-9411-052cb8daaec9', '0.0000', NULL, '11.79', '3', '16', 'oz', '0', '0'),
  ('a348db0b-7a48-4a18-a3d7-2afc47873d97', '1ea549bb-8b50-4078-9301-479311d9fdec', 'Smoked Sausage (Kielbasa)', 'Protein', 'lbs', '15.00', '0.000', '3.000', '137f2d47-45dd-4ed7-bb29-9bfb9a6a00e9', '0.0000', NULL, '30', '2', '5', 'lbs', '0', '0'),
  ('352a2984-7f2f-4bf5-867a-3be9dec08f18', '1ea549bb-8b50-4078-9301-479311d9fdec', 'Snow Crab Leg', 'Seafood', 'lbs', '381.00', '0.000', '5.000', '023cba00-1b67-4218-a906-cb18a8e62964', '0.0000', NULL, '381', '1', '30', 'lbs', '0', '0'),
  ('573f4448-08cc-43ce-83f4-8b3c7a0f1957', '1ea549bb-8b50-4078-9301-479311d9fdec', 'Sour Cream', 'Dairy & Sauce', 'each', '6.83', '0.000', '12.000', '2ad3b369-d39d-443e-b291-48088cd63d08', '0.0000', NULL, '40.99', '6', '4.5', 'lbs', '0', '0'),
  ('bf6a0647-0e2b-499c-b007-c88297bbfdcc', '1ea549bb-8b50-4078-9301-479311d9fdec', 'Sprite', 'Drinks', 'each', '0.67', '0.000', '36.000', 'b1ee724a-8626-45ab-85d4-14a99e7cbc45', '0.0000', NULL, '24', '36', '1', 'each', '0', '0'),
  ('582b529f-d82e-405f-8e78-f4d100703f69', '1ea549bb-8b50-4078-9301-479311d9fdec', 'Sugar', 'Condiments', 'bags', '30.95', '0.000', '3.000', 'd26926e6-e8e4-4b2a-8dd8-737571eae415', '0.0000', NULL, '30.95', '1', '50', 'lbs', '0', '0'),
  ('79e220ff-ebe4-4818-ac26-d8dc5906f390', '1ea549bb-8b50-4078-9301-479311d9fdec', 'Sweet Potato Fries', 'Appetizer', 'bags', '4.83', '0.000', '5.000', '67b0d204-5e27-439a-bc06-3675444b3388', '0.0000', NULL, '29', '6', '2.5', 'lbs', '0', '0'),
  ('51b7e346-1591-4fc6-9123-28b1bd6a0d4c', '1ea549bb-8b50-4078-9301-479311d9fdec', 'Taco Seasoning', 'Condiments', 'bags', '66.00', '0.000', '1.000', 'd5e3adcc-61d0-4401-a391-542170496ad3', '0.0000', NULL, '66', '1', '25', 'lbs', '0', '0'),
  ('55cf540b-1390-4510-81b3-c4b7943061fd', '1ea549bb-8b50-4078-9301-479311d9fdec', 'Tartar', 'Dairy', 'cases', '15.77', '0.000', '1.000', '023cba00-1b67-4218-a906-cb18a8e62964', '0.0000', NULL, '63.08', '4', '1', 'gal', '0', '0'),
  ('fe3ef08c-9462-44fb-a664-e6703eb4d480', '1ea549bb-8b50-4078-9301-479311d9fdec', 'Toilet Paper Rolls', 'Cleaning Supplies', 'cases', '24.00', '0.000', '2.000', 'd26926e6-e8e4-4b2a-8dd8-737571eae415', '0.0000', NULL, '24', '1', '24', 'each', '0', '0'),
  ('ba27ca83-e9c4-42f6-a8fe-f1b66dd66eb3', '1ea549bb-8b50-4078-9301-479311d9fdec', 'Tomato', 'Vegetable & Produce', 'cases', '60.00', '0.000', '3.000', 'd26926e6-e8e4-4b2a-8dd8-737571eae415', '0.0000', NULL, '60', '1', '20', 'lbs', '0', '0'),
  ('973a7086-6b15-4be1-b9c2-07459fcc83a1', '1ea549bb-8b50-4078-9301-479311d9fdec', 'Tortilla 10"', 'Bread', 'each', '0.22', '0.000', '200.000', '81b34949-1fde-4237-9411-052cb8daaec9', '0.0000', NULL, '8.98', '40', '1', 'each', '0', '0'),
  ('979b7473-c54c-48f5-84d6-e8d14beb3d70', '1ea549bb-8b50-4078-9301-479311d9fdec', 'Tres Leche', 'Desserts', 'loaves', '36.10', '0.000', '3.000', '023cba00-1b67-4218-a906-cb18a8e62964', '0.0000', NULL, '72.19', '2', '15', 'each', '0', '0'),
  ('bc1dbb0d-da2e-4b61-90ad-051005f9687e', '1ea549bb-8b50-4078-9301-479311d9fdec', 'Tumeric', 'Condiments', 'each', '22.49', '0.000', '4.000', 'd5e3adcc-61d0-4401-a391-542170496ad3', '0.0000', NULL, '22.49', '1', '5', 'lbs', '0', '0'),
  ('39c0278d-3530-47b5-8e6d-e834e924616c', '1ea549bb-8b50-4078-9301-479311d9fdec', 'Water (Bottle)', 'Drinks', 'each', '0.11', '0.000', '160.000', 'ffcdf7bd-e6c9-4a32-bf77-ed95f84dee6d', '0.0000', NULL, '4.39', '40', '1', 'each', '0', '0'),
  ('f2fe229e-2da8-46b4-b220-4cf6fe1663c3', '1ea549bb-8b50-4078-9301-479311d9fdec', 'White Togo Container 6" x 6" (Sandwich)', 'Dry goods', 'each', '0.10', '0.000', '2.000', 'd5e3adcc-61d0-4401-a391-542170496ad3', '0.0000', NULL, '25', '250', '1', 'each', '0', '0'),
  ('59c00271-03b2-47e8-a157-4e15b978f121', '1ea549bb-8b50-4078-9301-479311d9fdec', 'White Togo Platter 9" x 6" (Sub)', 'Dry goods', 'each', '0.21', '0.000', '4.000', 'd5e3adcc-61d0-4401-a391-542170496ad3', '0.0000', NULL, '31', '150', '1', 'each', '0', '0'),
  ('0c0d2b79-bf82-4114-b717-3a0911f954f4', '1ea549bb-8b50-4078-9301-479311d9fdec', 'Whiting Fish', 'Seafood', 'bags', '29.25', '0.000', '5.000', '2ad3b369-d39d-443e-b291-48088cd63d08', '0.0000', NULL, '117', '4', '10', 'lbs', '0', '0'),
  ('5c51a051-943b-4889-93ad-8711db87625b', '1ea549bb-8b50-4078-9301-479311d9fdec', 'Wings', 'Protein', 'cases', '19.47', '0.000', '8.000', '023cba00-1b67-4218-a906-cb18a8e62964', '0.0000', NULL, '77.87', '4', '10', 'lbs', '0', '0'),
  ('d743b6d0-07e4-4f48-91e7-839440b22bf7', '1ea549bb-8b50-4078-9301-479311d9fdec', 'Worcestershire', 'Dairy & Sauce', 'each', '8.75', '0.000', '5.000', '2ad3b369-d39d-443e-b291-48088cd63d08', '0.0000', NULL, '34.99', '4', '1', 'gal', '0', '0'),
  ('21e7a8ff-2c78-4c81-96bc-3533a0ec3534', '1ea549bb-8b50-4078-9301-479311d9fdec', 'Zatarian''s Fish Fry', 'Condiments', 'each', '8.63', '0.000', '3.000', '81b34949-1fde-4237-9411-052cb8daaec9', '0.0000', NULL, '34.5', '4', '5.75', 'lbs', '0', '0'),
  ('0352b682-037c-450e-9dcb-3ed2cc1d77a3', '298e092c-3f6e-4626-a569-54fb8e72f649', '#1 Togo Box', 'Dry goods', 'each', '0.11', '0.000', '3.000', '02dff3a5-e7b9-42ec-ba6d-0b3bc4bb6f99', '0.0000', NULL, '50', '450', '1', 'each', '0', '0'),
  ('cc074aac-597c-4ae9-af7a-77fa1286a442', '298e092c-3f6e-4626-a569-54fb8e72f649', '#3 Togo Box', 'Dry goods', 'each', '0.20', '0.000', '3.000', '02dff3a5-e7b9-42ec-ba6d-0b3bc4bb6f99', '0.0000', NULL, '39', '200', '1', 'each', '0', '0'),
  ('05e70315-cb9a-4fbc-9b6b-746e22938e28', '298e092c-3f6e-4626-a569-54fb8e72f649', '#8 Togo Box', 'Protein', 'each', '0.14', '0.000', '3.000', '02dff3a5-e7b9-42ec-ba6d-0b3bc4bb6f99', '0.0000', NULL, '43', '300', '1', 'each', '0', '0'),
  ('38b3eef7-2c9c-4953-a242-b684dce9da93', '298e092c-3f6e-4626-a569-54fb8e72f649', '1/8 Brown Paper Bag', 'Dry goods', 'cases', '50.00', '0.000', '3.000', '02dff3a5-e7b9-42ec-ba6d-0b3bc4bb6f99', '0.0000', NULL, '50', '1', '500', 'each', '0', '0'),
  ('d4afc71a-57ae-4902-994b-1c1d90356d13', '298e092c-3f6e-4626-a569-54fb8e72f649', '12LB Brown Paper Bag', 'Dry goods', 'cases', '22.00', '0.000', '3.000', '02dff3a5-e7b9-42ec-ba6d-0b3bc4bb6f99', '0.0000', NULL, '22', '1', '500', 'each', '0', '0'),
  ('c5310e0c-1232-4487-80a8-e56a35482b06', '298e092c-3f6e-4626-a569-54fb8e72f649', '16oz Fries Cup', 'Protein', 'cases', '53.49', '0.000', '3.000', 'd5e3adcc-61d0-4401-a391-542170496ad3', '0.0000', NULL, '53.49', '1', '500', 'each', '0', '0'),
  ('d84523be-9e50-4661-bde7-4f017b43b9fc', '298e092c-3f6e-4626-a569-54fb8e72f649', '16oz Soup Cup w/ Lid', 'Dry goods', 'cases', '50.00', '0.000', '2.000', 'd5e3adcc-61d0-4401-a391-542170496ad3', '0.0000', NULL, '50', '1', '250', 'each', '0', '0'),
  ('b922ce44-c02c-45a6-a88c-ccdf521ddb2f', '298e092c-3f6e-4626-a569-54fb8e72f649', '2oz Cup w/ Lid', 'Dry goods', 'cases', '33.00', '0.000', '2.000', '02dff3a5-e7b9-42ec-ba6d-0b3bc4bb6f99', '0.0000', NULL, '33', '1', '2000', 'each', '0', '0'),
  ('0c52ae27-5344-4562-b1b4-b1b59c948416', '298e092c-3f6e-4626-a569-54fb8e72f649', '3.25oz Cup w/ Lid', 'Dry goods', 'cases', '49.00', '0.000', '2.000', '02dff3a5-e7b9-42ec-ba6d-0b3bc4bb6f99', '0.0000', NULL, '49', '1', '2000', '', '0', '0'),
  ('2b673b2d-150e-453d-949e-a8e50550e932', '298e092c-3f6e-4626-a569-54fb8e72f649', '4LB Brown Paper Bag', 'Dry goods', 'cases', '15.00', '0.000', '2.000', '02dff3a5-e7b9-42ec-ba6d-0b3bc4bb6f99', '0.0000', NULL, '15', '1', '400', '', '0', '0'),
  ('dbb35569-3c7a-4d5f-831f-9c2dad16bf21', '298e092c-3f6e-4626-a569-54fb8e72f649', '8oz Cup w/ Lid', 'Dry goods', 'cases', '0.18', '0.000', '2.000', 'd5e3adcc-61d0-4401-a391-542170496ad3', '0.0000', NULL, '44.5', '250', '1', 'each', '0', '0'),
  ('8cb16ede-0e50-4721-9620-0cb768a51d74', '298e092c-3f6e-4626-a569-54fb8e72f649', 'Aluminum Foil 12" x 10 3/4"', 'Protein', 'cases', '0.04', '0.000', '2.000', 'd5e3adcc-61d0-4401-a391-542170496ad3', '0.0000', NULL, '86.99', '2400', '1', 'each', '0', '0'),
  ('d4724b36-bf20-451a-8cbb-6377237ef7ab', '298e092c-3f6e-4626-a569-54fb8e72f649', 'American Cheese', 'Dairy & Sauce', 'cases', '13.63', '0.000', '8.000', '2ad3b369-d39d-443e-b291-48088cd63d08', '0.0000', NULL, '54.52', '4', '5', 'lbs', '0', '0'),
  ('b6436320-0359-4220-8b05-ae613e946a8e', '298e092c-3f6e-4626-a569-54fb8e72f649', 'Banana Pudding', 'Desserts', 'each', '2.55', '0.000', '40.000', '023cba00-1b67-4218-a906-cb18a8e62964', '0.0000', NULL, '20.41', '8', '5', 'oz', '0', '0'),
  ('75c324d7-a8f9-4b15-a4e4-8094e6cf42b4', '298e092c-3f6e-4626-a569-54fb8e72f649', 'Basmatic Rice', 'Condiments', 'bags', '63.18', '0.000', '4.000', '2ad3b369-d39d-443e-b291-48088cd63d08', '0.0000', NULL, '63.18', '1', '40', 'lbs', '0', '0'),
  ('4024dab1-f4db-439b-89b5-e19b2cf185f9', '298e092c-3f6e-4626-a569-54fb8e72f649', 'BBQ Sauce', 'Produce', 'cases', '15.50', '0.000', '1.000', '023cba00-1b67-4218-a906-cb18a8e62964', '0.0000', NULL, '62.01', '4', '1', 'gal', '0', '0'),
  ('77098d8a-f6f2-4418-80a0-7ab34624aa86', '298e092c-3f6e-4626-a569-54fb8e72f649', 'Black Glove (For Workers)', 'Cleaning Supplies', 'bags', '5.00', '0.000', '2.000', 'd5e3adcc-61d0-4401-a391-542170496ad3', '0.0000', NULL, '50', '10', '100', 'each', '0', '0'),
  ('4df3405a-c9db-45ec-b714-78560ff7107d', '298e092c-3f6e-4626-a569-54fb8e72f649', 'Black Pepper', 'Protein', 'each', '42.00', '0.000', '2.000', 'd5e3adcc-61d0-4401-a391-542170496ad3', '0.0000', NULL, '42', '1', '5', 'lbs', '0', '0'),
  ('de3749a5-7f06-47dc-8074-e7a77466b9f9', '298e092c-3f6e-4626-a569-54fb8e72f649', 'Black Togo Container 6" x 6" (Burger)', 'Dry goods', 'each', '0.10', '0.000', '2.000', 'd5e3adcc-61d0-4401-a391-542170496ad3', '0.0000', NULL, '25', '250', '1', 'each', '0', '0'),
  ('f8ed7268-c07d-42fd-bda3-c8eb9a67c0b7', '298e092c-3f6e-4626-a569-54fb8e72f649', 'Black Togo Platter 9" x 6" (Rice Container)', 'Dry goods', 'each', '0.17', '0.000', '4.000', 'd5e3adcc-61d0-4401-a391-542170496ad3', '0.0000', NULL, '25.49', '150', '1', 'each', '0', '0'),
  ('c1542b86-8f81-4493-9cb7-460bd1837802', '298e092c-3f6e-4626-a569-54fb8e72f649', 'Bleach', 'Cleaning Supplies', 'each', '3.33', '0.000', '8.000', 'd26926e6-e8e4-4b2a-8dd8-737571eae415', '0.0000', NULL, '20', '6', '1', 'gal', '0', '0'),
  ('b4a3ae74-e836-4185-91c7-519327bd47e1', '298e092c-3f6e-4626-a569-54fb8e72f649', 'Blue Cheese', 'Dairy', 'cases', '22.43', '0.000', '1.000', '023cba00-1b67-4218-a906-cb18a8e62964', '0.0000', NULL, '89.72', '4', '1', 'gal', '0', '0'),
  ('e9d9c1f4-094e-4dfd-b421-bb0ead114427', '298e092c-3f6e-4626-a569-54fb8e72f649', 'Brioche Bun 4”', 'Bread', 'each', '0.44', '0.000', '0.000', NULL, '0.0000', NULL, '5.3', '12', '1', 'each', '0', '0'),
  ('380efc77-fdb4-48aa-923f-076a202b8591', '298e092c-3f6e-4626-a569-54fb8e72f649', 'Broccoli', 'Vegetable & Produce', 'cases', '32.00', '0.000', '1.500', 'd26926e6-e8e4-4b2a-8dd8-737571eae415', '0.0000', NULL, '32', '1', '15', 'lbs', '0', '0'),
  ('1ec49028-42d9-4e55-b728-899e00280473', '298e092c-3f6e-4626-a569-54fb8e72f649', 'Cajun Spice & Skillet', 'Protein', 'cases', '18.75', '0.000', '2.000', 'd5e3adcc-61d0-4401-a391-542170496ad3', '0.0000', NULL, '75', '4', '5', 'lbs', '0', '0'),
  ('ae2901a5-49b5-41fb-9475-1fe9f4178f62', '298e092c-3f6e-4626-a569-54fb8e72f649', 'Caramel Mouse', 'Desserts', 'each', '2.50', '0.000', '36.000', 'b1ee724a-8626-45ab-85d4-14a99e7cbc45', '0.0000', NULL, '14.99', '6', '1', 'each', '0', '0'),
  ('0227f430-00e7-427f-aac3-8d3b56b4f50c', '298e092c-3f6e-4626-a569-54fb8e72f649', 'Carrot Cake 8"', 'Desserts', 'each', '2.00', '0.000', '20.000', 'b1ee724a-8626-45ab-85d4-14a99e7cbc45', '0.0000', NULL, '20', '10', '1', 'each', '0', '0'),
  ('c2128eaa-6687-4c34-b356-b3f1ccff7469', '298e092c-3f6e-4626-a569-54fb8e72f649', 'Cheese Parmesan Grated', 'Dairy', 'cases', '28.02', '0.000', '0.250', '023cba00-1b67-4218-a906-cb18a8e62964', '0.0000', NULL, '112.09', '4', '5', 'lbs', '0', '0'),
  ('d72250f7-acf2-4cec-b8fb-0946ade03ca5', '298e092c-3f6e-4626-a569-54fb8e72f649', 'Chicken Breast Patty', 'Protein', 'each', '1.54', '0.000', '6.000', 'ffcdf7bd-e6c9-4a32-bf77-ed95f84dee6d', '0.0000', NULL, '15.39', '10', '1', 'each', '0', '0'),
  ('559fda8f-7190-4c55-8e18-27954776130c', '298e092c-3f6e-4626-a569-54fb8e72f649', 'Chicken Leg', 'Protein', 'cases', '88.68', '0.000', '4.000', 'd26926e6-e8e4-4b2a-8dd8-737571eae415', '0.0000', NULL, '88.68', '1', '40', 'lbs', '0', '0'),
  ('8569139d-85dd-452b-97e2-3f19db31af62', '298e092c-3f6e-4626-a569-54fb8e72f649', 'Chicken Nugget', 'Appetizer', 'bags', '20.45', '0.000', '2.000', '023cba00-1b67-4218-a906-cb18a8e62964', '0.0000', NULL, '40.9', '2', '5', 'lbs', '0', '0'),
  ('dc248474-700f-447e-906c-1e703f0ce0f0', '298e092c-3f6e-4626-a569-54fb8e72f649', 'Chicken Seasoning', 'Condiments', 'each', '15.75', '0.000', '2.000', '81b34949-1fde-4237-9411-052cb8daaec9', '0.0000', NULL, '94.5', '6', '28', 'oz', '0', '0'),
  ('cb63b131-6448-43fd-88c8-5fe137e93224', '298e092c-3f6e-4626-a569-54fb8e72f649', 'Chicken Stock (Totole)', 'Condiments', 'each', '19.67', '0.000', '6.000', 'd26926e6-e8e4-4b2a-8dd8-737571eae415', '0.0000', NULL, '19.67', '1', '4.6', 'lbs', '0', '0'),
  ('6f645b43-fe7c-4ee0-bde7-b26f39ed4c8b', '298e092c-3f6e-4626-a569-54fb8e72f649', 'Chicken Tenderloin', 'Protein', 'cases', '24.75', '0.000', '1.000', '023cba00-1b67-4218-a906-cb18a8e62964', '0.0000', NULL, '98.99', '4', '10', 'lbs', '0', '0'),
  ('745edbb9-b58e-4a05-9d41-c73f87d13e12', '298e092c-3f6e-4626-a569-54fb8e72f649', 'Chocolate Cake', 'Desserts', 'each', '2.30', '0.000', '20.000', 'ffcdf7bd-e6c9-4a32-bf77-ed95f84dee6d', '0.0000', NULL, '22.99', '10', '1', 'each', '0', '0'),
  ('451b6708-1413-40af-9210-aa29477bfced', '298e092c-3f6e-4626-a569-54fb8e72f649', 'Chocolate Mousse', 'Desserts', 'each', '2.89', '0.000', '24.000', '023cba00-1b67-4218-a906-cb18a8e62964', '0.0000', NULL, '23.13', '8', '4', 'oz', '0', '0'),
  ('24c7f40b-a969-452d-b6bf-a0ee0fd5e328', '298e092c-3f6e-4626-a569-54fb8e72f649', 'Clear Container 5" x 5"', 'Dry goods', 'each', '0.11', '0.000', '2.000', 'd5e3adcc-61d0-4401-a391-542170496ad3', '0.0000', NULL, '53', '500', '1', 'each', '0', '0'),
  ('0f0f2c99-9e3a-4990-bf01-85f6eafb9572', '298e092c-3f6e-4626-a569-54fb8e72f649', 'Coca Cola', 'Drinks', 'each', '0.58', '0.000', '70.000', 'b1ee724a-8626-45ab-85d4-14a99e7cbc45', '0.0000', NULL, '20.34', '35', '1', 'each', '0', '0'),
  ('844d2744-c629-4d9b-980b-627b12b962dd', '298e092c-3f6e-4626-a569-54fb8e72f649', 'Cocktail Sauce', 'Dairy', 'cases', '16.19', '0.000', '1.000', '023cba00-1b67-4218-a906-cb18a8e62964', '0.0000', NULL, '64.75', '4', '1', 'gal', '0', '0'),
  ('67fc06af-447d-4122-925a-b9ed7e70671e', '298e092c-3f6e-4626-a569-54fb8e72f649', 'Cooking Wine', 'Condiments', 'each', '4.24', '0.000', '6.000', 'd26926e6-e8e4-4b2a-8dd8-737571eae415', '0.0000', NULL, '16.95', '4', '1', 'gal', '0', '0'),
  ('c7dd859d-eace-482e-89ab-157f2911b7a0', '298e092c-3f6e-4626-a569-54fb8e72f649', 'Coriander', 'Condiments', 'each', '10.99', '0.000', '4.000', 'd5e3adcc-61d0-4401-a391-542170496ad3', '0.0000', NULL, '10.99', '1', '3.5', 'lbs', '0', '0'),
  ('7fd5f6ea-0004-4b4b-8b17-f64d4d7517bd', '298e092c-3f6e-4626-a569-54fb8e72f649', 'Corn On Cob 3"', 'Vegetable & Produce', 'cases', '30.00', '0.000', '4.000', '137f2d47-45dd-4ed7-bb29-9bfb9a6a00e9', '0.0000', NULL, '30', '1', '30', 'lbs', '0', '0'),
  ('1aedf8c6-b5f2-4486-b9f3-5bb72b5a0992', '298e092c-3f6e-4626-a569-54fb8e72f649', 'Crabmeat (Claw)', 'Seafood', 'each', '12.16', '0.000', '24.000', '2ad3b369-d39d-443e-b291-48088cd63d08', '0.0000', NULL, '145.95', '12', '1', 'lbs', '0', '0'),
  ('87a1f86d-5e26-4fd9-9f46-917517e1d4fc', '298e092c-3f6e-4626-a569-54fb8e72f649', 'Crabmeat (Lump)', 'Seafood', 'each', '13.13', '0.000', '24.000', '2ad3b369-d39d-443e-b291-48088cd63d08', '0.0000', NULL, '157.59', '12', '1', 'lbs', '0', '0'),
  ('6fff1145-3bf5-4aa7-b494-b1bd12da784e', '298e092c-3f6e-4626-a569-54fb8e72f649', 'Crawfish', 'Seafood', 'cases', '48.00', '0.000', '5.000', '137f2d47-45dd-4ed7-bb29-9bfb9a6a00e9', '0.0000', NULL, '48', '1', '20', 'lbs', '0', '0'),
  ('b5b1d689-0d44-427e-9aee-b0019af7754b', '298e092c-3f6e-4626-a569-54fb8e72f649', 'Creme Brulee', 'Desserts', 'each', '1.66', '0.000', '30.000', '81b34949-1fde-4237-9411-052cb8daaec9', '0.0000', NULL, '9.98', '6', '1', 'each', '0', '0'),
  ('8e3c9553-0d0b-4c61-9a48-bc6a58286c84', '298e092c-3f6e-4626-a569-54fb8e72f649', 'Creme Brulee Cheesecake', 'Desserts', 'loaves', '49.67', '0.000', '4.000', '023cba00-1b67-4218-a906-cb18a8e62964', '0.0000', NULL, '99.34', '2', '14', 'each', '0', '0'),
  ('b6424d89-39a9-49b1-b93b-ca4d9a1decc5', '298e092c-3f6e-4626-a569-54fb8e72f649', 'Cucumber', 'Vegetable & Produce', 'cases', '40.00', '0.000', '1.000', 'd26926e6-e8e4-4b2a-8dd8-737571eae415', '0.0000', NULL, '40', '1', '35', 'lbs', '0', '0'),
  ('fd0e3501-f64e-4ff0-b946-f24cd8b53c06', '298e092c-3f6e-4626-a569-54fb8e72f649', 'Deluxe Sub Rolls 8” (6)', 'Bread', 'each', '0.53', '0.000', '0.000', NULL, '0.0000', NULL, '3.2', '6', '1', 'each', '0', '0'),
  ('7c544e3f-7215-4fa4-bad3-11d87836b9cb', '298e092c-3f6e-4626-a569-54fb8e72f649', 'Diet Coke', 'Drinks', 'each', '0.58', '0.000', '70.000', 'b1ee724a-8626-45ab-85d4-14a99e7cbc45', '0.0000', NULL, '20.34', '35', '1', 'each', '0', '0'),
  ('955d37b7-b504-4647-a97c-864788f56d41', '298e092c-3f6e-4626-a569-54fb8e72f649', 'Dill Leaf Spice', 'Condiments', 'each', '15.95', '0.000', '2.000', '023cba00-1b67-4218-a906-cb18a8e62964', '0.0000', NULL, '15.95', '1', '5.5', 'oz', '0', '0'),
  ('c365885f-1791-4b63-a2f4-9d4fbf6ecdbd', '298e092c-3f6e-4626-a569-54fb8e72f649', 'Dish Detergent', 'Cleaning Supplies', 'each', '4.00', '0.000', '6.000', 'd26926e6-e8e4-4b2a-8dd8-737571eae415', '0.0000', NULL, '16', '4', '1', 'gal', '0', '0'),
  ('52bde3d2-244f-421b-a57a-0fabbad860e2', '298e092c-3f6e-4626-a569-54fb8e72f649', 'Dr Pepper', 'Drinks', 'each', '0.53', '0.000', '72.000', 'b1ee724a-8626-45ab-85d4-14a99e7cbc45', '0.0000', NULL, '19.02', '36', '1', 'each', '0', '0'),
  ('416011fc-dad1-4f6e-bd57-c13e4b8f9ff5', '298e092c-3f6e-4626-a569-54fb8e72f649', 'Dungeness Crab Leg', 'Seafood', 'cases', '240.00', '0.000', '2.000', '137f2d47-45dd-4ed7-bb29-9bfb9a6a00e9', '0.0000', NULL, '240', '1', '20', 'lbs', '0', '0'),
  ('6f21cd53-7a1a-4223-87bf-6d04487a4c44', '298e092c-3f6e-4626-a569-54fb8e72f649', 'Egg Large', 'Vegetable & Produce', 'cases', '50.00', '0.000', '2.000', 'd26926e6-e8e4-4b2a-8dd8-737571eae415', '0.0000', NULL, '50', '1', '360', 'each', '0', '0'),
  ('1a851aa0-85ab-4dd0-b53f-384588d1ba1d', '298e092c-3f6e-4626-a569-54fb8e72f649', 'Floor Cleaner Fabuloso', 'Cleaning Supplies', 'each', '4.49', '0.000', '4.000', 'd26926e6-e8e4-4b2a-8dd8-737571eae415', '0.0000', NULL, '4.49', '1', '1', 'gal', '0', '0'),
  ('e796131e-b459-4b75-9e60-bc141d303e66', '298e092c-3f6e-4626-a569-54fb8e72f649', 'Floor Cleaner Powder', 'Cleaning Supplies', 'bags', '0.00', '0.000', '1.000', 'd26926e6-e8e4-4b2a-8dd8-737571eae415', '0.0000', NULL, '0', '1', '50', 'lbs', '0', '0'),
  ('8db26ffb-3143-4c23-9fa2-1f94aeb7f40b', '298e092c-3f6e-4626-a569-54fb8e72f649', 'Flour (50lb)', 'Condiments', 'bags', '20.00', '0.000', '2.000', 'd26926e6-e8e4-4b2a-8dd8-737571eae415', '0.0000', NULL, '20', '1', '50', 'lbs', '0', '0'),
  ('426e4aff-f154-4972-a8a0-20d310e3d0b6', '298e092c-3f6e-4626-a569-54fb8e72f649', 'Fork (Plastic Black)', 'Dry goods', 'cases', '56.85', '0.000', '2.000', 'd26926e6-e8e4-4b2a-8dd8-737571eae415', '0.0000', NULL, '56.85', '1', '1000', 'each', '0', '0'),
  ('610b3d57-1367-44ae-9202-a19cfa0ccdf6', '298e092c-3f6e-4626-a569-54fb8e72f649', 'French Fries', 'Appetizer', 'bags', '5.86', '0.000', '96.000', '2ad3b369-d39d-443e-b291-48088cd63d08', '0.0000', NULL, '35.17', '6', '4.5', 'lbs', '0', '0'),
  ('47588065-0797-442b-a0d7-b028715a9f3e', '298e092c-3f6e-4626-a569-54fb8e72f649', 'Fry Oil Canola', 'Condiments', 'gal', '33.95', '0.000', '5.000', 'd26926e6-e8e4-4b2a-8dd8-737571eae415', '0.0000', NULL, '33.95', '1', '1', 'gal', '0', '0'),
  ('c650685c-ca7b-45f4-aaf8-a868afbaaf40', '298e092c-3f6e-4626-a569-54fb8e72f649', 'Garbage Bag (Black Heavy Duty)', 'Dry goods', 'cases', '5.50', '0.000', '7.000', '02dff3a5-e7b9-42ec-ba6d-0b3bc4bb6f99', '0.0000', NULL, '5.5', '1', '25', 'each', '0', '0'),
  ('1030c3ac-f4fe-4df3-909a-b4327666e3b8', '298e092c-3f6e-4626-a569-54fb8e72f649', 'Garlic Fresh Peeled', 'Vegetable & Produce', 'cases', '14.50', '0.000', '1.000', 'd26926e6-e8e4-4b2a-8dd8-737571eae415', '0.0000', NULL, '58', '4', '5', 'lbs', '0', '0'),
  ('b2c87cc7-bfa4-4ce1-8d0d-b670d23e57e9', '298e092c-3f6e-4626-a569-54fb8e72f649', 'Garlic Granulated - (27.5 lb.)', 'Condiments', 'bags', '84.50', '0.000', '1.000', 'd5e3adcc-61d0-4401-a391-542170496ad3', '0.0000', NULL, '84.5', '1', '27.5', 'lbs', '0', '0'),
  ('103394de-d206-4d17-a64e-bf745a7e3bda', '298e092c-3f6e-4626-a569-54fb8e72f649', 'Garlic Parmesan Sauce', 'Condiments', 'each', '24.59', '0.000', '1.000', '023cba00-1b67-4218-a906-cb18a8e62964', '0.0000', NULL, '49.17', '2', '1', 'gal', '0', '0'),
  ('c179123a-5bf8-4c60-abef-7d7e87815447', '298e092c-3f6e-4626-a569-54fb8e72f649', 'Ginger Ale', 'Drinks', 'each', '0.61', '0.000', '48.000', 'b1ee724a-8626-45ab-85d4-14a99e7cbc45', '0.0000', NULL, '14.62', '24', '1', 'each', '0', '0'),
  ('8a81d47b-6096-432a-98d0-e23222566d7e', '298e092c-3f6e-4626-a569-54fb8e72f649', 'Green Pepper', 'Vegetable & Produce', 'cases', '50.00', '0.000', '1.000', 'd26926e6-e8e4-4b2a-8dd8-737571eae415', '0.0000', NULL, '50', '1', '20', 'lbs', '0', '0'),
  ('079c8275-2457-4377-be12-da5b6323cd3c', '298e092c-3f6e-4626-a569-54fb8e72f649', 'Ground Beef', 'Protein', 'cases', '48.70', '0.000', '1.000', '023cba00-1b67-4218-a906-cb18a8e62964', '0.0000', NULL, '292.2', '6', '10', 'lbs', '0', '0'),
  ('7c4d1b14-d1c7-4ed0-839d-cf1e98d9d4e8', '298e092c-3f6e-4626-a569-54fb8e72f649', 'Ground Cumin', 'Condiments', 'each', '15.99', '0.000', '4.000', 'd5e3adcc-61d0-4401-a391-542170496ad3', '0.0000', NULL, '15.99', '1', '4', 'lbs', '0', '0'),
  ('43a7a97b-d274-4c58-bb14-85e45fa3ba3f', '298e092c-3f6e-4626-a569-54fb8e72f649', 'Half Black Mussel', 'Seafood', 'cases', '70.56', '0.000', '4.000', '137f2d47-45dd-4ed7-bb29-9bfb9a6a00e9', '0.0000', NULL, '70.56', '1', '22.05', 'lbs', '0', '0'),
  ('7ab17b49-2f38-4011-8a2f-04f79d5875b4', '298e092c-3f6e-4626-a569-54fb8e72f649', 'Hand Kraft Towels', 'Cleaning Supplies', 'each', '1.88', '0.000', '1.000', 'd26926e6-e8e4-4b2a-8dd8-737571eae415', '0.0000', NULL, '22.5', '12', '1', 'each', '0', '0'),
  ('c5684045-e15f-4f6b-b3f7-4defa8f4ffcd', '298e092c-3f6e-4626-a569-54fb8e72f649', 'Hash Brown Patty Triangle', 'Appetizer', 'bags', '6.64', '0.000', '2.000', '023cba00-1b67-4218-a906-cb18a8e62964', '0.0000', NULL, '39.85', '6', '5', 'lbs', '0', '0'),
  ('eb108224-de0d-432c-bc72-de2df37a7302', '298e092c-3f6e-4626-a569-54fb8e72f649', 'Honey Blend', 'Condiments', 'each', '7.67', '0.000', '4.000', 'd5e3adcc-61d0-4401-a391-542170496ad3', '0.0000', NULL, '46', '6', '5', 'lbs', '0', '0'),
  ('4f6c270e-c919-4529-ba1b-e73130d00c9c', '298e092c-3f6e-4626-a569-54fb8e72f649', 'Honey Mustard', 'Dairy', 'cases', '18.53', '0.000', '1.000', '023cba00-1b67-4218-a906-cb18a8e62964', '0.0000', NULL, '74.12', '4', '1', 'gal', '0', '0'),
  ('8e50e279-13f2-4e9e-92a1-119d23dc384d', '298e092c-3f6e-4626-a569-54fb8e72f649', 'Horseradish', 'Dairy & Sauce', 'each', '16.95', '0.000', '1.000', '2ad3b369-d39d-443e-b291-48088cd63d08', '0.0000', NULL, '16.95', '1', '8', 'lbs', '0', '0'),
  ('070eb182-5cd7-47f3-b4dc-9e8e7851c5e4', '298e092c-3f6e-4626-a569-54fb8e72f649', 'Ice Tea mix', 'Drinks', 'each', '8.87', '0.000', '8.000', '81b34949-1fde-4237-9411-052cb8daaec9', '0.0000', NULL, '8.87', '1', '89.8', 'oz', '0', '0'),
  ('74166743-2451-40f7-a1a0-5194cdc3724c', '298e092c-3f6e-4626-a569-54fb8e72f649', 'Imitation Crabmeat (Oyster Bay)', 'Seafood', 'cases', '2.50', '0.000', '2.000', 'd26926e6-e8e4-4b2a-8dd8-737571eae415', '0.0000', NULL, '75', '12', '2.5', 'lbs', '0', '0'),
  ('823bba26-9e4a-4e3a-9f7d-18e76a7855d6', '298e092c-3f6e-4626-a569-54fb8e72f649', 'Ketchup (Can 114oz)', 'Dairy & Sauce', 'cases', '7.43', '0.000', '1.000', '023cba00-1b67-4218-a906-cb18a8e62964', '0.0000', NULL, '44.55', '6', '114', 'oz', '0', '0'),
  ('928c591e-5449-45c6-9389-80107b3a915e', '298e092c-3f6e-4626-a569-54fb8e72f649', 'Ketchup (Package)', 'Dairy & Sauce', 'lbs', '20.50', '0.000', '3.000', 'd26926e6-e8e4-4b2a-8dd8-737571eae415', '0.0000', NULL, '20.5', '1', '1000', 'each', '0', '0'),
  ('07989ce8-3249-4701-a0f6-e32389a554dc', '298e092c-3f6e-4626-a569-54fb8e72f649', 'Lamb Gyro Meat', 'Protein', 'cases', '41.35', '0.000', '2.000', '023cba00-1b67-4218-a906-cb18a8e62964', '0.0000', NULL, '165.39', '4', '10', 'lbs', '0', '0'),
  ('aa84bc8c-79c4-481d-8abb-1de0be4d5ffe', '298e092c-3f6e-4626-a569-54fb8e72f649', 'Lava Cake', 'Protein', 'lbs', '38.34', '0.000', '1.000', '023cba00-1b67-4218-a906-cb18a8e62964', '0.0000', NULL, '153.36', '4', '9', 'each', '0', '0'),
  ('98384c72-126a-49da-9b72-cd693d181d90', '298e092c-3f6e-4626-a569-54fb8e72f649', 'Lemon Juice 48fl. oz.', 'Protein', 'cases', '3.50', '0.000', '6.000', 'ffcdf7bd-e6c9-4a32-bf77-ed95f84dee6d', '0.0000', NULL, '7', '2', '48', 'oz', '0', '0'),
  ('afcf2467-0a29-4801-83b2-73634566bf9a', '298e092c-3f6e-4626-a569-54fb8e72f649', 'Lemon Pepper Seasoning', 'Condiments', 'each', '23.77', '0.000', '4.000', '67b0d204-5e27-439a-bc06-3675444b3388', '0.0000', NULL, '95.08', '4', '7', 'lbs', '0', '0'),
  ('64dddaac-d11d-4428-b907-4fd63618162a', '298e092c-3f6e-4626-a569-54fb8e72f649', 'Lemonade Mix (Country Time)', 'Drinks', 'each', '9.88', '0.000', '8.000', '81b34949-1fde-4237-9411-052cb8daaec9', '0.0000', NULL, '9.88', '1', '82.5', 'oz', '0', '0'),
  ('b7f64f4e-9bba-4979-9940-44b576f9af7e', '298e092c-3f6e-4626-a569-54fb8e72f649', 'Lettuce Iceberg', 'Vegetable & Produce', 'each', '1.25', '0.000', '96.000', 'd26926e6-e8e4-4b2a-8dd8-737571eae415', '0.0000', NULL, '30', '24', '1', 'each', '0', '0'),
  ('8db06786-0d80-4bf2-80fb-bdf2c5a918d3', '298e092c-3f6e-4626-a569-54fb8e72f649', 'Lobster Tail', 'Seafood', 'cases', '220.00', '0.000', '2.000', '137f2d47-45dd-4ed7-bb29-9bfb9a6a00e9', '0.0000', NULL, '220', '1', '10', 'lbs', '0', '0'),
  ('19ee41b5-d12f-44f5-bfc9-2392be3fc5d1', '298e092c-3f6e-4626-a569-54fb8e72f649', 'Mac n Cheese', 'Appetizer', 'each', '14.00', '0.000', '6.000', 'ffcdf7bd-e6c9-4a32-bf77-ed95f84dee6d', '0.0000', NULL, '14', '1', '3.19', 'lbs', '0', '0'),
  ('c4216ca1-0e3d-490f-8619-d8a3aff3e456', '298e092c-3f6e-4626-a569-54fb8e72f649', 'Mac n Cheese Bite', 'Appetizer', 'bags', '10.99', '0.000', '10.000', 'b1ee724a-8626-45ab-85d4-14a99e7cbc45', '0.0000', NULL, '10.99', '1', '36', 'each', '0', '0'),
  ('b4b36a31-a8c2-4d0f-b404-e42b4c4f05cb', '298e092c-3f6e-4626-a569-54fb8e72f649', 'Margarine', 'Condiments', 'each', '20.00', '0.000', '4.000', '023cba00-1b67-4218-a906-cb18a8e62964', '0.0000', NULL, '39.99', '2', '17.5', 'lbs', '0', '0'),
  ('2e96f92d-2331-4238-a826-a2feee710ce1', '298e092c-3f6e-4626-a569-54fb8e72f649', 'Marinara Sauce', 'Dairy & Sauce', 'each', '8.09', '0.000', '8.000', '2ad3b369-d39d-443e-b291-48088cd63d08', '0.0000', NULL, '48.55', '6', '4.5', 'lbs', '0', '0'),
  ('5c984d7b-abee-4d03-85ca-1fa39441eecf', '298e092c-3f6e-4626-a569-54fb8e72f649', 'Mayonnaise', 'Dairy', 'cases', '10.11', '0.000', '5.000', '023cba00-1b67-4218-a906-cb18a8e62964', '0.0000', NULL, '40.45', '4', '1', 'gal', '0', '0'),
  ('a12c9c1e-81ed-49cc-ba6f-2e4da574a954', '298e092c-3f6e-4626-a569-54fb8e72f649', 'Milk', 'Dairy & Sauce', 'gal', '3.21', '0.000', '4.000', 'ffcdf7bd-e6c9-4a32-bf77-ed95f84dee6d', '0.0000', NULL, '3.21', '1', '1', 'gal', '0', '0'),
  ('400ebb96-b259-4922-a6d0-fb65acfb3e84', '298e092c-3f6e-4626-a569-54fb8e72f649', 'Montreal Steak Seasoning', 'Condiments', 'each', '9.33', '0.000', '2.000', '81b34949-1fde-4237-9411-052cb8daaec9', '0.0000', NULL, '56', '6', '29', 'oz', '0', '0'),
  ('b4b38769-099d-4ce2-85a3-8781af0b10c7', '298e092c-3f6e-4626-a569-54fb8e72f649', 'Mozzarella Stick', 'Appetizer', 'bags', '6.90', '0.000', '24.000', '2ad3b369-d39d-443e-b291-48088cd63d08', '0.0000', NULL, '41.37', '6', '22', 'each', '0', '0'),
  ('e5eb9da1-2ffe-4627-ab28-42985a6da4a0', '298e092c-3f6e-4626-a569-54fb8e72f649', 'MSG Ajinomoto Umami', 'Condiments', 'cases', '0.00', '0.000', '1.000', 'd26926e6-e8e4-4b2a-8dd8-737571eae415', '0.0000', NULL, '0', '1', '100', 'lbs', '0', '0'),
  ('6513f956-c787-4db5-bc41-d1cf83a63a40', '298e092c-3f6e-4626-a569-54fb8e72f649', 'Mustard (Gal)', 'Condiments', 'each', '7.32', '0.000', '1.000', '023cba00-1b67-4218-a906-cb18a8e62964', '0.0000', NULL, '29.27', '4', '1', 'gal', '0', '0'),
  ('bbcf6e17-3809-439c-84f6-3cba76e2cf35', '298e092c-3f6e-4626-a569-54fb8e72f649', 'Napkin (Togo)', 'Dry goods', 'cases', '0.00', '0.000', '3.000', 'd26926e6-e8e4-4b2a-8dd8-737571eae415', '0.0000', NULL, '32', '1', '1', 'cases', '0', '0'),
  ('51a4af6e-9659-4c05-b1e6-52f8ae5f356d', '298e092c-3f6e-4626-a569-54fb8e72f649', 'Old Bay Seasoning', 'Condiments', 'each', '39.50', '0.000', '2.000', 'd5e3adcc-61d0-4401-a391-542170496ad3', '0.0000', NULL, '118.5', '3', '7.5', 'lbs', '0', '0'),
  ('44c3388b-afdc-4b02-87c0-9eefc83d3939', '298e092c-3f6e-4626-a569-54fb8e72f649', 'Onion Ring', 'Appetizer', 'bags', '6.26', '0.000', '2.000', '023cba00-1b67-4218-a906-cb18a8e62964', '0.0000', NULL, '25.03', '4', '2.5', 'lbs', '0', '0'),
  ('a5f470c5-e2d3-4148-9831-5832e7d450b3', '298e092c-3f6e-4626-a569-54fb8e72f649', 'Onion Yellow', 'Vegetable & Produce', 'bags', '20.00', '0.000', '1.000', 'd26926e6-e8e4-4b2a-8dd8-737571eae415', '0.0000', NULL, '20', '1', '50', 'lbs', '0', '0'),
  ('1cddf94d-05f1-4282-b58a-66b62a4384c3', '298e092c-3f6e-4626-a569-54fb8e72f649', 'Oregano Leaves - (20 lb. )', 'Condiments', 'bags', '143.00', '0.000', '1.000', 'd5e3adcc-61d0-4401-a391-542170496ad3', '0.0000', NULL, '143', '1', '20', 'lbs', '0', '0'),
  ('d0538260-e0e0-4598-96eb-6f2cb8f1bfc1', '298e092c-3f6e-4626-a569-54fb8e72f649', 'Paprika', 'Condiments', 'each', '20.00', '0.000', '2.000', 'd5e3adcc-61d0-4401-a391-542170496ad3', '0.0000', NULL, '80', '4', '5', 'lbs', '0', '0'),
  ('8c62b1b0-8e23-4c22-9675-dc9f5ff5f10f', '298e092c-3f6e-4626-a569-54fb8e72f649', 'Parsley Flake', 'Condiments', 'each', '21.02', '0.000', '2.000', '023cba00-1b67-4218-a906-cb18a8e62964', '0.0000', NULL, '21.02', '1', '11', 'oz', '0', '0'),
  ('f30018ed-62bd-41f5-8437-0e51447fe06b', '298e092c-3f6e-4626-a569-54fb8e72f649', 'Pepsi', 'Drinks', 'each', '0.53', '0.000', '72.000', 'b1ee724a-8626-45ab-85d4-14a99e7cbc45', '0.0000', NULL, '19.02', '36', '1', 'each', '0', '0'),
  ('49a7b98c-f900-4e65-b8c0-9df3f4f44d3f', '298e092c-3f6e-4626-a569-54fb8e72f649', 'Philly Steak', 'Protein', 'cases', '0.26', '0.000', '0.000', '023cba00-1b67-4218-a906-cb18a8e62964', '0.0000', NULL, '42.82', '27', '6', 'oz', '0', '0'),
  ('c241e3fe-3361-4c7e-b9ef-1061c120cdb9', '298e092c-3f6e-4626-a569-54fb8e72f649', 'Pickle', 'Protein', 'each', '26.24', '0.000', '1.000', '023cba00-1b67-4218-a906-cb18a8e62964', '0.0000', NULL, '26.24', '1', '2', 'gal', '0', '0'),
  ('69d35613-0e62-4e1d-ba51-0971f15dc136', '298e092c-3f6e-4626-a569-54fb8e72f649', 'Pita Bread', 'Bread', 'bags', '3.17', '0.000', '18.000', '2ad3b369-d39d-443e-b291-48088cd63d08', '0.0000', NULL, '37.99', '12', '10', 'each', '0', '0'),
  ('e6b73e2d-fdcc-4954-ad9c-ede1b78094af', '298e092c-3f6e-4626-a569-54fb8e72f649', 'Plain Yogurt', 'Dairy', 'cases', '4.18', '0.000', '2.000', '023cba00-1b67-4218-a906-cb18a8e62964', '0.0000', NULL, '25.09', '6', '32', 'oz', '0', '0'),
  ('5b7da4dd-9f9f-4f7e-96fa-a15329aff288', '298e092c-3f6e-4626-a569-54fb8e72f649', 'Potato Red', 'Vegetable & Produce', 'bags', '27.00', '0.000', '2.000', 'd26926e6-e8e4-4b2a-8dd8-737571eae415', '0.0000', NULL, '27', '1', '50', 'lbs', '0', '0'),
  ('941e30d0-913d-42ac-a055-1344dc965565', '298e092c-3f6e-4626-a569-54fb8e72f649', 'Potato Starch (50 lb.)', 'Condiments', 'bags', '22.00', '0.000', '2.000', 'd26926e6-e8e4-4b2a-8dd8-737571eae415', '0.0000', NULL, '22', '1', '50', 'lbs', '0', '0'),
  ('92aef410-1b8c-4f5b-9575-88f51b4eede2', '298e092c-3f6e-4626-a569-54fb8e72f649', 'Provolone Cheese', 'Dairy & Sauce', 'each', '5.53', '0.000', '8.000', '2ad3b369-d39d-443e-b291-48088cd63d08', '0.0000', NULL, '33.18', '6', '1.5', 'lbs', '0', '0'),
  ('f99974dc-9364-42a5-bca5-8555d5cd1d35', '298e092c-3f6e-4626-a569-54fb8e72f649', 'Ranch Dressing', 'Dairy & Sauce', 'cases', '13.74', '0.000', '6.000', '2ad3b369-d39d-443e-b291-48088cd63d08', '0.0000', NULL, '54.95', '4', '1', 'gal', '0', '0'),
  ('ab4df46c-dffd-4508-8ac8-8357aaf6fe71', '298e092c-3f6e-4626-a569-54fb8e72f649', 'Red Hot', 'Condiments', 'each', '18.47', '0.000', '1.000', '023cba00-1b67-4218-a906-cb18a8e62964', '0.0000', NULL, '73.89', '4', '1', 'gal', '0', '0'),
  ('4a88e4fa-9f87-46ea-bce7-222b11fe11b0', '298e092c-3f6e-4626-a569-54fb8e72f649', 'Red Hot Pepper Relish', 'Condiments', 'each', '9.75', '0.000', '1.000', 'd5e3adcc-61d0-4401-a391-542170496ad3', '0.0000', NULL, '39', '4', '1', 'gal', '0', '0'),
  ('8c63ec12-642f-4bba-8f93-5b7e7e306305', '298e092c-3f6e-4626-a569-54fb8e72f649', 'Register Paper Roll', 'Dry goods', 'cases', '40.00', '0.000', '2.000', 'd26926e6-e8e4-4b2a-8dd8-737571eae415', '0.0000', NULL, '40', '1', '1', 'each', '0', '0'),
  ('33c3310b-f73d-4fbe-b446-c3ebf8c8beea', '298e092c-3f6e-4626-a569-54fb8e72f649', 'Salsa Sauce', 'Condiments', 'each', '9.79', '0.000', '1.000', '023cba00-1b67-4218-a906-cb18a8e62964', '0.0000', NULL, '58.73', '6', '114', 'oz', '0', '0'),
  ('c20bfabc-92e5-46bc-8f9c-642885ede82d', '298e092c-3f6e-4626-a569-54fb8e72f649', 'Salt (25 lb.)', 'Condiments', 'bags', '16.00', '0.000', '1.000', 'd26926e6-e8e4-4b2a-8dd8-737571eae415', '0.0000', NULL, '16', '1', '25', 'lbs', '0', '0'),
  ('dce1109b-5370-4d1f-b23e-52613e5f5954', '298e092c-3f6e-4626-a569-54fb8e72f649', 'Seafood Bag', 'Dry goods', 'cases', '50.00', '0.000', '2.000', '137f2d47-45dd-4ed7-bb29-9bfb9a6a00e9', '0.0000', NULL, '50', '1', '500', 'each', '0', '0'),
  ('ccc46001-31b6-4482-997d-a0277352963e', '298e092c-3f6e-4626-a569-54fb8e72f649', 'Seafood Glove', 'Dry goods', 'cases', '3.50', '0.000', '2.000', '137f2d47-45dd-4ed7-bb29-9bfb9a6a00e9', '0.0000', NULL, '35', '10', '500', 'each', '0', '0'),
  ('70a00550-7f75-4c94-ba9d-1e6ff95f91dd', '298e092c-3f6e-4626-a569-54fb8e72f649', 'Shredded Cheese', 'Dairy & Sauce', 'bags', '12.76', '0.000', '3.000', '81b34949-1fde-4237-9411-052cb8daaec9', '0.0000', NULL, '12.76', '1', '5', 'lbs', '0', '0'),
  ('06b3e30b-1691-49b5-997a-eab54f64e8c5', '298e092c-3f6e-4626-a569-54fb8e72f649', 'Shrimp - (Head On)', 'Seafood', 'cases', '79.20', '0.000', '2.000', '137f2d47-45dd-4ed7-bb29-9bfb9a6a00e9', '0.0000', NULL, '79.2', '1', '24', 'lbs', '0', '0'),
  ('49b25f3a-79af-4249-8cfe-047f83ac4239', '298e092c-3f6e-4626-a569-54fb8e72f649', 'Shrimp - Head Off', 'Protein', 'lbs', '103.00', '0.000', '12.000', '137f2d47-45dd-4ed7-bb29-9bfb9a6a00e9', '0.0000', NULL, '103', '1', '20', 'lbs', '0', '0'),
  ('e5130309-9758-4421-a181-1c43455f8696', '298e092c-3f6e-4626-a569-54fb8e72f649', 'Slice Bacon', 'Protein', 'bags', '3.93', '0.000', '3.000', '81b34949-1fde-4237-9411-052cb8daaec9', '0.0000', NULL, '11.79', '3', '16', 'oz', '0', '0'),
  ('ac014966-afdf-4d7c-a623-498751261463', '298e092c-3f6e-4626-a569-54fb8e72f649', 'Smoked Sausage (Kielbasa)', 'Protein', 'lbs', '15.00', '0.000', '3.000', '137f2d47-45dd-4ed7-bb29-9bfb9a6a00e9', '0.0000', NULL, '30', '2', '5', 'lbs', '0', '0'),
  ('0e6b026e-b753-46f6-86a4-0383798e8678', '298e092c-3f6e-4626-a569-54fb8e72f649', 'Snow Crab Leg', 'Seafood', 'lbs', '381.00', '0.000', '5.000', '023cba00-1b67-4218-a906-cb18a8e62964', '0.0000', NULL, '381', '1', '30', 'lbs', '0', '0'),
  ('99c4d807-2795-4d5d-9822-7c3600712303', '298e092c-3f6e-4626-a569-54fb8e72f649', 'Sour Cream', 'Dairy & Sauce', 'each', '6.83', '0.000', '12.000', '2ad3b369-d39d-443e-b291-48088cd63d08', '0.0000', NULL, '40.99', '6', '4.5', 'lbs', '0', '0'),
  ('c8857185-b651-40cc-9b53-689031b70ca2', '298e092c-3f6e-4626-a569-54fb8e72f649', 'Sprite', 'Drinks', 'each', '0.67', '0.000', '36.000', 'b1ee724a-8626-45ab-85d4-14a99e7cbc45', '0.0000', NULL, '24', '36', '1', 'each', '0', '0'),
  ('64cfb1e4-43e7-4a1c-a306-7f15f81582b2', '298e092c-3f6e-4626-a569-54fb8e72f649', 'Sugar', 'Condiments', 'bags', '30.95', '0.000', '3.000', 'd26926e6-e8e4-4b2a-8dd8-737571eae415', '0.0000', NULL, '30.95', '1', '50', 'lbs', '0', '0'),
  ('dc160a8a-81f3-4f95-a745-62b95bd7f13a', '298e092c-3f6e-4626-a569-54fb8e72f649', 'Sweet Potato Fries', 'Appetizer', 'bags', '4.83', '0.000', '5.000', '67b0d204-5e27-439a-bc06-3675444b3388', '0.0000', NULL, '29', '6', '2.5', 'lbs', '0', '0'),
  ('64992485-bb74-4c41-aec9-5bb76d3d3d53', '298e092c-3f6e-4626-a569-54fb8e72f649', 'Taco Seasoning', 'Condiments', 'bags', '66.00', '0.000', '1.000', 'd5e3adcc-61d0-4401-a391-542170496ad3', '0.0000', NULL, '66', '1', '25', 'lbs', '0', '0'),
  ('85e75cba-faa8-48ce-a017-1fe3ea9ce582', '298e092c-3f6e-4626-a569-54fb8e72f649', 'Tartar', 'Dairy', 'cases', '15.77', '0.000', '1.000', '023cba00-1b67-4218-a906-cb18a8e62964', '0.0000', NULL, '63.08', '4', '1', 'gal', '0', '0'),
  ('5880332c-0ec5-478c-a8bf-199b1bc95de9', '298e092c-3f6e-4626-a569-54fb8e72f649', 'Toilet Paper Rolls', 'Cleaning Supplies', 'cases', '24.00', '0.000', '2.000', 'd26926e6-e8e4-4b2a-8dd8-737571eae415', '0.0000', NULL, '24', '1', '24', 'each', '0', '0'),
  ('22672435-1a7b-4c43-befb-9f8c5271b27f', '298e092c-3f6e-4626-a569-54fb8e72f649', 'Tomato', 'Vegetable & Produce', 'cases', '60.00', '0.000', '3.000', 'd26926e6-e8e4-4b2a-8dd8-737571eae415', '0.0000', NULL, '60', '1', '20', 'lbs', '0', '0'),
  ('57f41384-2687-4aab-ae26-891b02a1bb08', '298e092c-3f6e-4626-a569-54fb8e72f649', 'Tortilla 10"', 'Bread', 'each', '0.22', '0.000', '200.000', '81b34949-1fde-4237-9411-052cb8daaec9', '0.0000', NULL, '8.98', '40', '1', 'each', '0', '0'),
  ('d1e52968-30e8-47a3-94a4-b6cebd8facc8', '298e092c-3f6e-4626-a569-54fb8e72f649', 'Tres Leche', 'Desserts', 'loaves', '36.10', '0.000', '3.000', '023cba00-1b67-4218-a906-cb18a8e62964', '0.0000', NULL, '72.19', '2', '15', 'each', '0', '0'),
  ('d1fa8046-2f4e-4b63-9dbe-8aaa2a2bfa1e', '298e092c-3f6e-4626-a569-54fb8e72f649', 'Tumeric', 'Condiments', 'each', '22.49', '0.000', '4.000', 'd5e3adcc-61d0-4401-a391-542170496ad3', '0.0000', NULL, '22.49', '1', '5', 'lbs', '0', '0'),
  ('eeea7eed-361f-4d44-816c-afbf11bf4b1d', '298e092c-3f6e-4626-a569-54fb8e72f649', 'Water (Bottle)', 'Drinks', 'each', '0.11', '0.000', '160.000', 'ffcdf7bd-e6c9-4a32-bf77-ed95f84dee6d', '0.0000', NULL, '4.39', '40', '1', 'each', '0', '0'),
  ('dfc76025-8a9a-4f2f-b6df-c52a840f0eba', '298e092c-3f6e-4626-a569-54fb8e72f649', 'White Togo Container 6" x 6" (Sandwich)', 'Dry goods', 'each', '0.10', '0.000', '2.000', 'd5e3adcc-61d0-4401-a391-542170496ad3', '0.0000', NULL, '25', '250', '1', 'each', '0', '0'),
  ('9dd80f82-cc10-425d-b8b3-aac340810fe8', '298e092c-3f6e-4626-a569-54fb8e72f649', 'White Togo Platter 9" x 6" (Sub)', 'Dry goods', 'each', '0.21', '0.000', '4.000', 'd5e3adcc-61d0-4401-a391-542170496ad3', '0.0000', NULL, '31', '150', '1', 'each', '0', '0'),
  ('364859aa-ef86-4c84-bece-ad8ba62ce6bb', '298e092c-3f6e-4626-a569-54fb8e72f649', 'Whiting Fish', 'Seafood', 'bags', '29.25', '0.000', '5.000', '2ad3b369-d39d-443e-b291-48088cd63d08', '0.0000', NULL, '117', '4', '10', 'lbs', '0', '0'),
  ('185cd6ff-151c-4d9b-96e8-79649aa872f2', '298e092c-3f6e-4626-a569-54fb8e72f649', 'Wings', 'Protein', 'cases', '19.47', '0.000', '8.000', '023cba00-1b67-4218-a906-cb18a8e62964', '0.0000', NULL, '77.87', '4', '10', 'lbs', '0', '0'),
  ('ac574591-f954-4b6f-985c-5760b7a843cd', '298e092c-3f6e-4626-a569-54fb8e72f649', 'Worcestershire', 'Dairy & Sauce', 'each', '8.75', '0.000', '5.000', '2ad3b369-d39d-443e-b291-48088cd63d08', '0.0000', NULL, '34.99', '4', '1', 'gal', '0', '0'),
  ('79b3039c-45ea-4e96-ba2b-8b472335291e', '298e092c-3f6e-4626-a569-54fb8e72f649', 'Zatarian''s Fish Fry', 'Condiments', 'each', '8.63', '0.000', '3.000', '81b34949-1fde-4237-9411-052cb8daaec9', '0.0000', NULL, '34.5', '4', '5.75', 'lbs', '0', '0')
on conflict (id) do nothing;

-- ─── audit log (recent activity for the dashboard card) ──
-- Synthetic. References Towson's id (still valid) and item
-- names as text (no FK). Keeps the dashboard activity card
-- populated for visual testing.
insert into public.audit_log (store_id, user_id, action, detail, item_ref, value, created_at)
values
  ('00000000-0000-0000-0000-000000000001', '11111111-1111-1111-1111-111111111111', 'EOD entry',     'Remaining count submitted', '24 items',          '',             now() - interval '12 minutes'),
  ('00000000-0000-0000-0000-000000000001', '11111111-1111-1111-1111-111111111111', 'Waste log',     'spoilage logged',           'Atlantic salmon',   '1.2 lb',       now() - interval '38 minutes'),
  ('00000000-0000-0000-0000-000000000001', '11111111-1111-1111-1111-111111111111', 'Stock adjusted','Receiving complete',         'Sysco PO #4821',    '12 items',     now() - interval '1 hour'),
  ('00000000-0000-0000-0000-000000000001', '11111111-1111-1111-1111-111111111111', 'POS import',    'POS CSV uploaded & reconciled', 'toast_2026-04-30','40 items',   now() - interval '2 hours'),
  ('00000000-0000-0000-0000-000000000001', '11111111-1111-1111-1111-111111111111', 'Item edit',     'par level updated',         'Heirloom tomato',   'par 18→20',    now() - interval '3 hours'),
  ('00000000-0000-0000-0000-000000000001', '11111111-1111-1111-1111-111111111111', 'Waste log',     'expired logged',            'Heavy cream',       '0.8 qt',       now() - interval '5 hours')
on conflict do nothing;
